id,thread_id,author,author_full,author_followers,author_likes,author_videos,author_avatar,body,timestamp,unix_timestamp,is_duet,is_ad,music_name,music_id,music_url,music_thumbnail,music_author,video_url,tiktok_url,thumbnail_url,likes,comments,shares,plays,hashtags,challenges,diversification_labels,location_created,stickers,effects,warning
7527339391040097558,7527339391040097558,"reeddaadd__","reeddaadd__",7063,1023,4,https://p77-sign-va.tiktokcdn.com/tos-maliva-avt-0068/01c3ce752520aab60400cf6cac4135a4~tplv-tiktokx-cropcenter:100:100.jpeg?dr=14579&refresh_token=9d57b1b5&x-expires=1752940800&x-signature=ukazWZVSnYDXKQBlAa2TgJkm6i8%3D&t=4d5b0474&ps=13740610&shp=a5d48078&shcp=81f88b70&idc=maliva,"#torrepacheco ",Tue Jul 15 2025,1752595279,no,no,"sonido original",7527339402746792726,https://v77.tiktokcdn.com/9911ad93e0fd3ec988fb87672d4bcead/687a7891/video/tos/no1a/tos-no1a-v-2370-no/oIDtIkEDAhfFLnOAeonsU02I1AFmHJCdKTBopg/?a=1233&bti=ODszNWYuMDE6&ch=0&cr=0&dr=0&er=0&lr=default&cd=0%7C0%7C0%7C0&br=250&bt=125&ds=5&ft=.NpOcInz7Th3RywKXq8Zmo&mime_type=audio_mpeg&qs=13&rc=anRuO205cm46NDMzbzU8NUBpanRuO205cm46NDMzbzU8NUBhX3BsMmRzam9hLS1kMTFzYSNhX3BsMmRzam9hLS1kMTFzcw%3D%3D&vvpl=1&l=20250718003704FB74BAC5F89F7D1BC0E0&btag=e00050000&cc=13,https://p77-sign-va.tiktokcdn.com/tos-maliva-avt-0068/01c3ce752520aab60400cf6cac4135a4~tplv-tiktokx-cropcenter:1080:1080.jpeg?dr=14579&refresh_token=7f876ee5&x-expires=1752940800&x-signature=ciHSnPb4wsQcR6qvWE1xTOzdILI%3D&t=4d5b0474&ps=13740610&shp=a5d48078&shcp=81f88b70&idc=maliva,"reeddaadd__",https://v16-webapp-prime.tiktok.com/video/tos/no1a/tos-no1a-ve-0068-no/ogeagLG8Nisz5RefttIglrMAeAEAhst2sDeA3T/?a=1988&bti=ODszNWYuMDE6&ch=0&cr=3&dr=0&lr=all&cd=0%7C0%7C0%7C&cv=1&br=1958&bt=979&cs=0&ds=3&ft=I~da4od2D12NvotUpWIxR-TNilJG-UjNSbopiX&mime_type=video_mp4&qs=0&rc=PDxlZmZkOTUzZTM6aGc0ZUBpM2dwZHU5cmk6NDMzbzczNUAxXjQ2Yy1jXy0xNGI2My5gYSNsL18wMmRzaW9hLS1kMTFzcw%3D%3D&btag=e00090000&expire=1752943121&l=20250718003704FB74BAC5F89F7D1BC0E0&ply_type=2&policy=2&signature=ba9676eb594704d99c27443908029879&tk=tt_chain_token,https://www.tiktok.com/reeddaadd__/video/7527339391040097558,"",62200,4829,35900,1600000,"torrepacheco","torrepacheco","",,"","BLUE,ULTRA HD CAMERA",""
7526563863073131799,7526563863073131799,"murcia_actualidad","jaleostp",2469,2,19,https://p77-sign-va.tiktokcdn.com/tos-maliva-avt-0068/b5b699d3db70259d9b42045dec089ec0~tplv-tiktokx-cropcenter:100:100.jpeg?dr=14579&refresh_token=20e7274f&x-expires=1752940800&x-signature=ogWqpU54t64yHt7pPC9cXSuSmts%3D&t=4d5b0474&ps=13740610&shp=a5d48078&shcp=81f88b70&idc=maliva,"#bastaya #descontrol #soloelpueblosalvalpueblo #movilizacionciudadana #españadespierta #fronterassegurasbarriosseguros #torrepacheco #españa ",Sun Jul 13 2025,1752414714,no,no,"sonido original",7526563850183936790,https://v77.tiktokcdn.com/79ee814358e624d12b156cacfd92a9d3/687a7854/video/tos/no1a/tos-no1a-v-2370-no/osfoQKJDUkDcjnwExcFn8IAfFMAsIgBo7mAkHC/?a=1233&bti=ODszNWYuMDE6&ch=0&cr=0&dr=0&er=0&lr=default&cd=0%7C0%7C0%7C0&br=250&bt=125&ds=5&ft=.NpOcInz7Th3RywKXq8Zmo&mime_type=audio_mpeg&qs=13&rc=M205d245cnl1NDMzbzU8NUBpM205d245cnl1NDMzbzU8NUAwXmYuMmQ0Z21hLS1kMTFzYSMwXmYuMmQ0Z21hLS1kMTFzcw%3D%3D&vvpl=1&l=20250718003704FB74BAC5F89F7D1BC0E0&btag=e00048000&cc=13,https://p77-sign-va.tiktokcdn.com/tos-maliva-avt-0068/b5b699d3db70259d9b42045dec089ec0~tplv-tiktokx-cropcenter:1080:1080.jpeg?dr=14579&refresh_token=40d6c940&x-expires=1752940800&x-signature=cSQDzbe9nSU3TRW6E6pKkkS9iXY%3D&t=4d5b0474&ps=13740610&shp=a5d48078&shcp=81f88b70&idc=maliva,"jaleostp",https://v16-webapp-prime.tiktok.com/video/tos/no1a/tos-no1a-ve-0068-no/oYgYuvazVzGMtiiPZ4BQH50B7BvsEiIhCEBAO/?a=1988&bti=ODszNWYuMDE6&ch=0&cr=3&dr=0&lr=all&cd=0%7C0%7C0%7C&cv=1&br=1072&bt=536&cs=0&ds=3&ft=I~da4od2D12NvotUpWIxR-TNilJG-UjNSbopiX&mime_type=video_mp4&qs=0&rc=OTY5aTM3OjU1ODk7aGU6PEBpajl4d3M5cmZ1NDMzbzczNUA1XjJjXjAwXl8xNC5gYS5gYSNxcjJtMmQ0ZW1hLS1kMTFzcw%3D%3D&btag=e00088000&expire=1752943060&l=20250718003704FB74BAC5F89F7D1BC0E0&ply_type=2&policy=2&signature=d47755abce70f02a256ef7084d80c39d&tk=tt_chain_token,https://www.tiktok.com/murcia_actualidad/video/7526563863073131799,"",11100,1130,5922,646400,"bastaya‚descontrol‚soloelpueblosalvalpueblo‚movilizacionciudadana‚españadespierta‚fronterassegurasbarriosseguros‚torrepacheco‚españa","bastaya‚descontrol‚soloelpueblosalvalpueblo‚movilizacionciudadana‚españadespierta‚fronterassegurasbarriosseguros‚torrepacheco‚españa","",,"Caótica situación   en Torre Pacheco ","BLUE,ULTRA HD CAMERA",""
7527317557787872534,7527317557787872534,"la_ser","Cadena SER",999800,717,4341,https://p16-sign-va.tiktokcdn.com/tos-maliva-avt-0068/7314794082051702789~tplv-tiktokx-cropcenter:100:100.jpeg?dr=14579&refresh_token=16e3984c&x-expires=1752940800&x-signature=QtRHiWyXp4Mn1MWXIOmTdosGmCg%3D&t=4d5b0474&ps=13740610&shp=a5d48078&shcp=81f88b70&idc=maliva,"‼️ "Me llaman f0llam0ros": los insultos a las familias mixtas de Torre-Pacheco tras el estallido de la vi0lencia 🎤 Informa Javier Ruiz Martínez #torrepacheco #musulmanes #persecución #insultos #mujeres #niños #familias #mixtas #javierruizmartínez #cadenaser",Tue Jul 15 2025,1752590197,no,no,"sonido original - Cadena SER",7527317574133959446,https://v16m.tiktokcdn.com/651d1b90ee26d985a55e048c3a459cff/687a7867/video/tos/no1a/tos-no1a-v-2370-no/oUdeyyEYQFgo4qdf5ZFk2X5UG3dk6UCFDBmJau/?a=1233&bti=ODszNWYuMDE6&ch=0&cr=0&dr=0&er=0&lr=default&cd=0%7C0%7C0%7C0&br=250&bt=125&ft=.NpOcInz7Th3RywKXq8Zmo&mime_type=audio_mpeg&qs=6&rc=Zzw2ODZpZTw4M2VoNzU0Z0BpanM7aXE5cng5NDMzbzU8NUAuYDUzM2NfX2MxLi8wNDU2YSMuaDMuMmQ0Ym9hLS1kMTFzcw%3D%3D&vvpl=1&l=20250718003704FB74BAC5F89F7D1BC0E0&btag=e00088000&cc=3,https://p77-sign-va.tiktokcdn.com/tos-maliva-avt-0068/7314794082051702789~tplv-tiktokx-cropcenter:1080:1080.jpeg?dr=14579&refresh_token=5b2efe40&x-expires=1752940800&x-signature=i5jzZPSuw%2BOxsBIIm9904GSPAA4%3D&t=4d5b0474&ps=13740610&shp=a5d48078&shcp=81f88b70&idc=maliva,"Cadena SER",https://v16-webapp-prime.tiktok.com/video/tos/no1a/tos-no1a-ve-0068-no/o0fojmVNCSDdN2sEUZFV5IY4FrGJEgB7mNQkeA/?a=1988&bti=ODszNWYuMDE6&ch=0&cr=3&dr=0&lr=all&cd=0%7C0%7C0%7C&cv=1&br=1930&bt=965&cs=0&ds=3&ft=I~da4od2D12NvotUpWIxR-TNilJG-UjNSbopiX&mime_type=video_mp4&qs=0&rc=ZGQ0PGZlZGc8N2g4M2dpNkBpamdwNXc5cng5NDMzbzgzNUBhNTJhYDIzXzExYTRiMjM0YSNpYDZzMmRjXm9hLS1kLzFzcw%3D%3D&btag=e00088000&expire=1752943079&l=20250718003704FB74BAC5F89F7D1BC0E0&ply_type=2&policy=2&signature=b01d0ba267311094a7868f2c7ef4ff18&tk=tt_chain_token,https://www.tiktok.com/la_ser/video/7527317557787872534,"",12400,978,1236,386800,"torrepacheco‚musulmanes‚persecución‚insultos‚mujeres‚niños‚familias‚mixtas‚javierruizmartínez‚cadenaser","torrepacheco‚musulmanes‚persecución‚insultos‚mujeres‚niños‚familias‚mixtas‚javierruizmartínez‚cadenaser","",,"","BLUE,ULTRA HD CAMERA",""
7525868020544130326,7525868020544130326,"a3noticias","Antena 3 Noticias",1400000,44,6350,https://p16-sign-va.tiktokcdn.com/tos-maliva-avt-0068/39c6936c7d9dbe9625706de91e9b801b~tplv-tiktokx-cropcenter:100:100.jpeg?dr=14579&refresh_token=6c61389d&x-expires=1752940800&x-signature=uZf%2Fo7YGgmWoKRL5toWPvK9%2Bv18%3D&t=4d5b0474&ps=13740610&shp=a5d48078&shcp=81f88b70&idc=maliva,"⚠️ Varios jóvenes dan una brutal paliza a Domingo‚ un vecino de Torre Pacheco (Murcia)   🚨 El varón salió temprano a pasear y se cruzó con un grupo de jóvenes que se abalanzaron contra él   📲Sigue toda la #actualidad en antena3noticias.com #Antena3Noticias #Noticias #News #A3N #NoticiasTikTok",Fri Jul 11 2025,1752252700,no,no,"sonido original",7525868030397221654,https://v77.tiktokcdn.com/e23b4b8679447d3c78d6d572d0b7c476/687a7865/video/tos/no1a/tos-no1a-v-2370-no/owgO3GRIF0LQWhfeQAexeQhSQBmHxJtvIMAGML/?a=1233&bti=ODszNWYuMDE6&ch=0&cr=0&dr=0&er=0&lr=default&cd=0%7C0%7C0%7C0&br=250&bt=125&ft=.NpOcInz7Th3RywKXq8Zmo&mime_type=audio_mpeg&qs=6&rc=OzU5NWg0ZGY5OjM6aGVlNkBpajMzcXk5cjpuNDMzbzU8NUBfXi5gMTVeNmAxLjUuYWNhYSMvY2QwMmRzL2xhLS1kMTFzcw%3D%3D&vvpl=1&l=20250718003704FB74BAC5F89F7D1BC0E0&btag=e00088000&cc=13,https://p77-sign-va.tiktokcdn.com/tos-maliva-avt-0068/39c6936c7d9dbe9625706de91e9b801b~tplv-tiktokx-cropcenter:1080:1080.jpeg?dr=14579&refresh_token=ba425f49&x-expires=1752940800&x-signature=h3M2PRt3gyOREnpdHuSYxi6nc3s%3D&t=4d5b0474&ps=13740610&shp=a5d48078&shcp=81f88b70&idc=maliva,"Antena 3 Noticias",https://v16-webapp-prime.tiktok.com/video/tos/no1a/tos-no1a-ve-0068c001-no/oYDeABi4cLnYbIoAgQIGrLeIR6mfAICkLIFnhj/?a=1988&bti=ODszNWYuMDE6&ch=0&cr=3&dr=0&lr=all&cd=0%7C0%7C0%7C&cv=1&br=1944&bt=972&cs=0&ds=3&ft=I~da4od2D12NvotUpWIxR-TNilJG-UjNSbopiX&mime_type=video_mp4&qs=0&rc=Ozg0Zzg5MzQ7OTk3aDwzNUBpM3I1aHQ5cjduNDMzbzczNUAzMzAuXy0zNl4xYjY2YWMzYSNlZDVvMmRzL2xhLS1kMTFzcw%3D%3D&btag=e00088000&expire=1752943077&l=20250718003704FB74BAC5F89F7D1BC0E0&ply_type=2&policy=2&signature=69bd171f5735eb78a5bc405ca0fc3020&tk=tt_chain_token,https://www.tiktok.com/a3noticias/video/7525868020544130326,"",85300,3990,7502,2400000,"actualidad‚antena3noticias‚noticias‚news‚a3n‚noticiastiktok","actualidad‚antena3noticias‚noticias‚news‚a3n‚noticiastiktok","",,"","BLUE,ULTRA HD CAMERA",""
7527330345402928386,7527330345402928386,"tarek_br","tarek_br",3236,669,16,https://p77-sign-va.tiktokcdn.com/tos-maliva-avt-0068/0ec4f4ba4ef489c10a7c5afb3fb3c389~tplv-tiktokx-cropcenter:100:100.jpeg?dr=14579&refresh_token=2f6e8bc2&x-expires=1752940800&x-signature=r5KK0Q%2BgSEF7hP9Y7l4Y2gyw6S8%3D&t=4d5b0474&ps=13740610&shp=a5d48078&shcp=81f88b70&idc=maliva,"#parati #torrepacheco ",Tue Jul 15 2025,1752593174,no,no,"sonido original",7527330336226069270,https://v77.tiktokcdn.com/2aece4321d1c789f2de194fcb0b321b9/687a783d/video/tos/no1a/tos-no1a-v-2370-no/oEwhImkJAUEnYDDSFAgFddjeIf5hoYEBGAM7sC/?a=1233&bti=ODszNWYuMDE6&ch=0&cr=0&dr=0&er=0&lr=default&cd=0%7C0%7C0%7C0&br=250&bt=125&ds=5&ft=.NpOcInz7Th3RywKXq8Zmo&mime_type=audio_mpeg&qs=13&rc=amg1M3c5cjk6NDMzbzU8NUBpamg1M3c5cjk6NDMzbzU8NUBtZm5qMmQ0M29hLS1kMTFzYSNtZm5qMmQ0M29hLS1kMTFzcw%3D%3D&vvpl=1&l=20250718003704FB74BAC5F89F7D1BC0E0&btag=e00070000&cc=13,https://p77-sign-va.tiktokcdn.com/tos-maliva-avt-0068/0ec4f4ba4ef489c10a7c5afb3fb3c389~tplv-tiktokx-cropcenter:1080:1080.jpeg?dr=14579&refresh_token=919a269a&x-expires=1752940800&x-signature=fWy6EW1S9vC1Je8IPaKE694%2Bams%3D&t=4d5b0474&ps=13740610&shp=a5d48078&shcp=81f88b70&idc=maliva,"tarek_br",https://v16-webapp-prime.tiktok.com/video/tos/no1a/tos-no1a-ve-0068-no/owOQD2kBITQLIh1AEAQI7WetjU5RGLQZIeQEeI/?a=1988&bti=ODszNWYuMDE6&ch=0&cr=3&dr=0&lr=all&cd=0%7C0%7C0%7C&cv=1&br=1676&bt=838&cs=0&ds=3&ft=I~da4od2D12NvotUpWIxR-TNilJG-UjNSbopiX&mime_type=video_mp4&qs=0&rc=OTQ8NTY7Mzc5NmU3O2VlNUBpM3g1cXA5cjU6NDMzbzczNUBgYV9gLzEuX2AxYmFgXjQxYSNfNTJjMmRjMm9hLS1kMTFzcw%3D%3D&btag=e000b0000&expire=1752943037&l=20250718003704FB74BAC5F89F7D1BC0E0&ply_type=2&policy=2&signature=55b21496be8030dc62c01a873f0ac1ce&tk=tt_chain_token,https://www.tiktok.com/tarek_br/video/7527330345402928386,"",41800,1590,5877,943600,"parati‚torrepacheco","parati‚torrepacheco","",,"","BLUE,ULTRA HD CAMERA",""
7527467711593745687,7527467711593745687,"diidac.rmm","Diidac.rm",2720,61700,35,https://p77-sign-va.tiktokcdn.com/tos-maliva-avt-0068/823a3a016a23341ca901a2a84ae3f582~tplv-tiktokx-cropcenter:100:100.jpeg?dr=14579&refresh_token=e130d84f&x-expires=1752940800&x-signature=EmBnYJEo%2Bws%2FgUAZn1cKv3S%2B9Rg%3D&t=4d5b0474&ps=13740610&shp=a5d48078&shcp=81f88b70&idc=maliva,"#parati #paratii #fyp #lentejas #torrepacheco ",Wed Jul 16 2025,1752625165,no,no,"sonido original",6598339088632253189,https://v16m.tiktokcdn.com/c905b331b0f01f5ace2043b77d902df4/687a7840/video/tos/alisg/tos-alisg-v-27dcd7/3dcd30b9e0674c10afba8949fe115f88/?a=1233&bti=ODszNWYuMDE6&ch=0&cr=0&dr=0&er=0&lr=default&cd=0%7C0%7C0%7C0&br=250&bt=125&ds=5&ft=.NpOcInz7Th3RywKXq8Zmo&mime_type=audio_mpeg&qs=13&rc=M212ZDU6ZjVnNzMzODU8NEBpM212ZDU6ZjVnNzMzODU8NEAtXjBecjQwLmFgLS1kMS1zYSMtXjBecjQwLmFgLS1kMS1zcw%3D%3D&vvpl=1&l=20250718003704FB74BAC5F89F7D1BC0E0&btag=e00078000&cc=3,https://p16-sign-va.tiktokcdn.com/tos-maliva-avt-0068/26551eef95f783055e29569dcbd05b28~tplv-tiktokx-cropcenter:1080:1080.jpeg?dr=14579&refresh_token=ae0fe734&x-expires=1752940800&x-signature=iGLhaFYM%2BVgDTMKgEufSRAFFOQw%3D&t=4d5b0474&ps=13740610&shp=a5d48078&shcp=81f88b70&idc=maliva,"Dallan",https://webapp-i18n.tiktok.com/cfc5bab710c0a3ffac161aceddc1924a/687bc9c2/kmoat/mps/logo/v3/r/p/v24044gl0000d1reujfog65iu11kkhq0/c309cc298d0744b2b72fa58089a665b4/d2e6eabb38aaf835cd780933c33f2850/mp4/main.mp4?a=1988&bti=ODszNWYuMDE6&ch=0&cr=3&dr=0&lr=all&cd=0%7C0%7C0%7C&cv=1&br=0&bt=0&cs=0&ds=3&ft=IXm7Tod2D12NvotUpWIxR-TNilJG-UjNSbopiX&mime_type=video_mp4&qs=0&rc=cnF8b2hsc2d3SkBwaHIxaDFybndmNzg5PDM4aTo1NzpnPGY8NkBpM2tuNGw5cm1oNDMzbzczNUBjRl5Nc3FePmJKYSNvYF90aHFmOiNfM141NV4vX18xLTUvYC1gYSNuaC5yMmRjcm9hLS1kMTFzcw%3D%3D&btag=e000b8000&definition=720p&du=17&item_id=7527467711593745687&l=20250718003704FB74BAC5F89F7D1BC0E0&logo_type=tiktok_creator&ply_type=2&policy=eyJ2bSI6MiwiY2siOiJ0dF9jaGFpbl90b2tlbiJ9&sign_params=item_id%2Cuser_text&user_text=diidac.rmm,https://www.tiktok.com/diidac.rmm/video/7527467711593745687,"",78100,2394,10100,1800000,"parati‚paratii‚fyp‚lentejas‚torrepacheco","parati‚paratii‚fyp‚lentejas‚torrepacheco","",,"Ya están llegando a torre Pacheco! 🚨 ‼️ ‚Ya están llegando a torre Pacheco ","BLUE,ULTRA HD CAMERA",""
7527250206904143126,7527250206904143126,"a3noticias","Antena 3 Noticias",1400000,44,6350,https://p16-sign-va.tiktokcdn.com/tos-maliva-avt-0068/39c6936c7d9dbe9625706de91e9b801b~tplv-tiktokx-cropcenter:100:100.jpeg?dr=14579&refresh_token=6c61389d&x-expires=1752940800&x-signature=uZf%2Fo7YGgmWoKRL5toWPvK9%2Bv18%3D&t=4d5b0474&ps=13740610&shp=a5d48078&shcp=81f88b70&idc=maliva,"🏠 Los imanes de las cuatro mezquitas de Torre Pacheco piden a los jóvenes marroquíes que se queden en casa   ➡️ Han organizado una asamblea para evitar nuevos disturbios con permiso de la Guardia Civil   📲Sigue toda la #actualidad en antena3noticias.com #Antena3Noticias #Noticias #News #A3N #NoticiasTikTok",Tue Jul 15 2025,1752574517,no,no,"sonido original",7527250206706928406,https://v77.tiktokcdn.com/436edb471fca4f68c26b2cb6a4b9571d/687a7844/video/tos/no1a/tos-no1a-v-2370-no/oUNoL7vI6QEFXAe2HcqRYeAe4AIkHDGHQQBTAL/?a=1233&bti=ODszNWYuMDE6&ch=0&cr=0&dr=0&er=0&lr=default&cd=0%7C0%7C0%7C0&br=250&bt=125&ds=5&ft=.NpOcInz7Th3RywKXq8Zmo&mime_type=audio_mpeg&qs=13&rc=M280eXM5cmc1NDMzbzU8NUBpM280eXM5cmc1NDMzbzU8NUBzMGAtMmRzaG9hLS1kMTFzYSNzMGAtMmRzaG9hLS1kMTFzcw%3D%3D&vvpl=1&l=20250718003704FB74BAC5F89F7D1BC0E0&btag=e00078000&cc=13,https://p77-sign-va.tiktokcdn.com/tos-maliva-avt-0068/39c6936c7d9dbe9625706de91e9b801b~tplv-tiktokx-cropcenter:1080:1080.jpeg?dr=14579&refresh_token=ba425f49&x-expires=1752940800&x-signature=h3M2PRt3gyOREnpdHuSYxi6nc3s%3D&t=4d5b0474&ps=13740610&shp=a5d48078&shcp=81f88b70&idc=maliva,"Antena 3 Noticias",https://webapp-i18n.tiktok.com/9be4dec829f0073f0be29627052938ae/687bc9c4/kmoat/mps/logo/v3/r/p/v24044gl0000d1r2k2nog65j6e7b380g/16611bed7084474185dc14b89c38b410/d48553c9dcedd91fbd32e075fee10e55/mp4/main.mp4?a=1988&bti=ODszNWYuMDE6&ch=0&cr=3&dr=0&lr=all&cd=0%7C0%7C0%7C&cv=1&br=0&bt=0&cs=0&ds=3&ft=IXm7Tod2D12NvotUpWIxR-TNilJG-UjNSbopiX&mime_type=video_mp4&qs=0&rc=cnF8b2hsc2d3SkBwaHIxaDFybndmMzc7Zjs3Zjg0OjczZ2U0OUBpajtlaG05cjU1NDMzbzczNUBjRl5Nc3FePmJKYSNvYF90aHFmOiMuXzA2Xy5hNTExNTRiLjMuYSMtMDQzMmRraG9hLS1kMTFzcw%3D%3D&btag=e000b8000&definition=720p&du=19&item_id=7527250206904143126&l=20250718003704FB74BAC5F89F7D1BC0E0&logo_type=tiktok_creator&ply_type=2&policy=eyJ2bSI6MiwiY2siOiJ0dF9jaGFpbl90b2tlbiJ9&sign_params=item_id%2Cuser_text&user_text=a3noticias,https://www.tiktok.com/a3noticias/video/7527250206904143126,"",67500,7864,3631,1600000,"actualidad‚antena3noticias‚noticias‚news‚a3n‚noticiastiktok","actualidad‚antena3noticias‚noticias‚news‚a3n‚noticiastiktok","",,"","BLUE,ULTRA HD CAMERA",""
7527060220724382981,7527060220724382981,"patobonato_","Pato Bonato",420100,42400,145,https://p16-sign-va.tiktokcdn.com/tos-maliva-avt-0068/edac4d404457d3acaadb9393a1a7135e~tplv-tiktokx-cropcenter:100:100.jpeg?dr=14579&refresh_token=99d67bfb&x-expires=1752940800&x-signature=wFC%2FSxuowQfhVIwoi2pSPyCamHY%3D&t=4d5b0474&ps=13740610&shp=a5d48078&shcp=81f88b70&idc=maliva,"España no se está hundiendo por culpa de los inmigrantes. Se está hundiendo por culpa de los españoles cobardes que siguen siendo progres que miran para otro lado mientras les prenden fuego su país. Lo que pasó en Torre Pacheco no es casualidad. Un pueblo que fue tomado. Donde por las calles hay Más inmigrantes que españoles. Robos‚ vi*laci*nes‚ inseguridad‚ miedo. Hasta que un grupo de patriotas dijo Basta Y empezaron a limpiar las calles por mano propia. Muchos van a decir que es extremismo. Saben lo extremo? Ver cómo destruyen tu país‚ tu ciudad y no hacer nada. Pero no se confundan‚ más del 70% de la gente de España todavía sigue dormida Que España no se hunda del todo depende de ese 30%. No es que sea la mejor forma de salvarla… Es la única. Y si esto no se corrige ahora‚ lo que viene va a ser mucho peor. Los leo 👇 #españa #torrepacheco #migracion #europa #inmigracion #murcia",Mon Jul 14 2025,1752530282,no,no,"Paris",6861355060333398789,https://sf16-ies-music-va.tiktokcdn.com/obj/tos-useast2a-ve-2774/oErrDXbngQMpzJGa68eSz7VfvC2FCDmYedLzoA,https://p16-amd-va.tiktokcdn.com/img/tos-useast2a-v-2774/0c6f9b5b9dbe4ce79434e9b5f3aa6e97~c5_720x720.jpeg,"Else",https://v16-webapp-prime.tiktok.com/video/tos/useast2a/tos-useast2a-ve-0068c002/oU3CowGRLVuN6eVfljTkACqIIE2gRSAegQv5BI/?a=1988&bti=ODszNWYuMDE6&ch=0&cr=3&dr=0&lr=all&cd=0%7C0%7C0%7C&cv=1&br=1402&bt=701&cs=0&ds=3&ft=I~da4od2D12NvotUpWIxR-TNilJG-UjNSbopiX&mime_type=video_mp4&qs=0&rc=aWRnODg5ZzU6NTs6ZTpkaEBpamVwNms5cjRxNDMzNzczM0A0XmBeXl5gXy0xNl9fYy9hYSNoaWcuMmRrbm5hLS1kMTZzcw%3D%3D&btag=e00090000&expire=1752943088&l=20250718003704FB74BAC5F89F7D1BC0E0&ply_type=2&policy=2&signature=cff6fdcd8a861e4d409c9b1a8278a462&tk=tt_chain_token,https://www.tiktok.com/patobonato_/video/7527060220724382981,"",4446,303,250,106400,"españa‚torrepacheco‚migracion‚europa‚inmigracion‚murcia","españa‚torrepacheco‚migracion‚europa‚inmigracion‚murcia","",,"","ULTRA HD CAMERA,BLUE",""
7527369728420039958,7527369728420039958,"infsemesp","Sálvame Marrakech 🇲🇦🥖🇫🇷",26500,12800,2653,https://p77-sign-va.tiktokcdn.com/tos-maliva-avt-0068/d13b61b73ce7790d3bf3363dd08bdee1~tplv-tiktokx-cropcenter:100:100.jpeg?dr=14579&refresh_token=7006d27c&x-expires=1752940800&x-signature=9WpJzX92YxUQd%2F53X4cGJyugpBM%3D&t=4d5b0474&ps=13740610&shp=a5d48078&shcp=81f88b70&idc=maliva,"Torri Pachico dea 4 in Morcia #hollydays #torrepacheco #party #vacaciones ",Tue Jul 15 2025,1752602342,no,no,"sonido original",7527369712500968214,https://v77.tiktokcdn.com/4077964f13075e2584e455e775e23aa0/687a788b/video/tos/no1a/tos-no1a-v-2370-no/oUEa2HlAivTiapBEA3DqBClBWY8lA6LnIuFAZ/?a=1233&bti=ODszNWYuMDE6&ch=0&cr=0&dr=0&er=0&lr=default&cd=0%7C0%7C0%7C0&br=250&bt=125&ds=5&ft=.NpOcInz7Th3RywKXq8Zmo&mime_type=audio_mpeg&qs=13&rc=M3Zmc3E5cnQ8NDMzbzU8NUBpM3Zmc3E5cnQ8NDMzbzU8NUBpX2xmMmRrYW9hLS1kMTFzYSNpX2xmMmRrYW9hLS1kMTFzcw%3D%3D&vvpl=1&l=20250718003704FB74BAC5F89F7D1BC0E0&btag=e00050000&cc=13,https://p77-sign-va.tiktokcdn.com/tos-maliva-avt-0068/d13b61b73ce7790d3bf3363dd08bdee1~tplv-tiktokx-cropcenter:1080:1080.jpeg?dr=14579&refresh_token=cbd64d05&x-expires=1752940800&x-signature=aJ0EyoC4mJFOuthN3zLVgnrBdKY%3D&t=4d5b0474&ps=13740610&shp=a5d48078&shcp=81f88b70&idc=maliva,"Sálvame Marrakech 🇲🇦🥖🇫🇷",https://v16-webapp-prime.tiktok.com/video/tos/no1a/tos-no1a-ve-0068c001-no/oAF6OopBSOWEEuFReRIggjAkiLgfmY4tVzdQmD/?a=1988&bti=ODszNWYuMDE6&ch=0&cr=3&dr=0&lr=all&cd=0%7C0%7C0%7C&cv=1&br=1292&bt=646&cs=0&ds=3&ft=I~da4od2D12NvotUpWIxR-TNilJG-UjNSbopiX&mime_type=video_mp4&qs=0&rc=MzxlMzw2aDc8aWZpOzU8OkBpajs3cXY5cjk8NDMzbzczNUA1Y2NgLS9hNjAxLl5jXzVeYSNtYl4xMmQ0X29hLS1kMTFzcw%3D%3D&btag=e00090000&expire=1752943115&l=20250718003704FB74BAC5F89F7D1BC0E0&ply_type=2&policy=2&signature=7f5a82eaadf49bc372165eda6b65f65e&tk=tt_chain_token,https://www.tiktok.com/infsemesp/video/7527369728420039958,"",46200,2323,11100,1400000,"hollydays‚torrepacheco‚party‚vacaciones","hollydays‚torrepacheco‚party‚vacaciones","",,"TorrePacheco ","BLUE,ULTRA HD CAMERA",""
7527802402183957782,7527802402183957782,"diidac.rmm","Diidac.rm",2720,61700,35,https://p77-sign-va.tiktokcdn.com/tos-maliva-avt-0068/823a3a016a23341ca901a2a84ae3f582~tplv-tiktokx-cropcenter:100:100.jpeg?dr=14579&refresh_token=e130d84f&x-expires=1752940800&x-signature=EmBnYJEo%2Bws%2FgUAZn1cKv3S%2B9Rg%3D&t=4d5b0474&ps=13740610&shp=a5d48078&shcp=81f88b70&idc=maliva,"ATORRE PACHECO!!! 🚨 ‼️ ‼️  #parati #paratii #fyp #lentejas #torrepacheco ",Wed Jul 16 2025,1752703084,no,no,"sonido original",7527802393807850262,https://v77.tiktokcdn.com/090bd70f26000da0f8c5d8a9e3e6fb50/687a7847/video/tos/no1a/tos-no1a-v-2370-no/okcg3QxDWMA43QMBfwWPAGgQmJVfAef8QAGhAI/?a=1233&bti=ODszNWYuMDE6&ch=0&cr=0&dr=0&er=0&lr=default&cd=0%7C0%7C0%7C0&br=250&bt=125&ds=5&ft=.NpOcInz7Th3RywKXq8Zmo&mime_type=audio_mpeg&qs=13&rc=Mzl1cmw5cnU1NDMzbzU8NUBpMzl1cmw5cnU1NDMzbzU8NUA0ZzBpMmRzLXBhLS1kMTFzYSM0ZzBpMmRzLXBhLS1kMTFzcw%3D%3D&vvpl=1&l=20250718003704FB74BAC5F89F7D1BC0E0&btag=e00078000&cc=13,https://p77-sign-va.tiktokcdn.com/tos-maliva-avt-0068/823a3a016a23341ca901a2a84ae3f582~tplv-tiktokx-cropcenter:1080:1080.jpeg?dr=14579&refresh_token=141e834a&x-expires=1752940800&x-signature=pnY1iYwibfKqNDvVjUS4QKgpt3s%3D&t=4d5b0474&ps=13740610&shp=a5d48078&shcp=81f88b70&idc=maliva,"Diidac.rm",https://v16-webapp-prime.tiktok.com/video/tos/no1a/tos-no1a-ve-0068c001-no/o4DrUE2QfEa8IF9IoIUfh40pEfDuDjA44QIDAL/?a=1988&bti=ODszNWYuMDE6&ch=0&cr=3&dr=0&lr=all&cd=0%7C0%7C0%7C&cv=1&br=2026&bt=1013&cs=0&ds=3&ft=I~da4od2D12NvotUpWIxR-TNilJG-UjNSbopiX&mime_type=video_mp4&qs=0&rc=OGg4ODk8aWg2ZzU6MzkzN0BpMztrOHU5cmw0NDMzbzczNUAwYTMvNjZgNmAxM14tNGNiYSNrc2NiMmQ0c3BhLS1kMTFzcw%3D%3D&btag=e000b8000&expire=1752943047&l=20250718003704FB74BAC5F89F7D1BC0E0&ply_type=2&policy=2&signature=5222b65efdfc88de0d18edbe7f730124&tk=tt_chain_token,https://www.tiktok.com/diidac.rmm/video/7527802402183957782,"",9074,1046,556,245300,"parati‚paratii‚fyp‚lentejas‚torrepacheco","parati‚paratii‚fyp‚lentejas‚torrepacheco","",,"Ultras acaban de llegar a torre pacheco!","BLUE,ULTRA HD CAMERA",""
7526816260789701910,7526816260789701910,"pacofosz","pacofosz",17800,3,51,https://p16-sign-va.tiktokcdn.com/tos-maliva-avt-0068/7ff88e77506f92e20a015c08c3628a42~tplv-tiktokx-cropcenter:100:100.jpeg?dr=14579&refresh_token=e3762f83&x-expires=1752940800&x-signature=VRxO%2BLOQQpSQ9rRE9NlysuroQJI%3D&t=4d5b0474&ps=13740610&shp=a5d48078&shcp=81f88b70&idc=maliva,"ÚLTIMA HORA TORRE PACHECO #torrepacheco #ultimahoratorrepacheco #españa ",Mon Jul 14 2025,1752473490,no,no,"sonido original",7526816281400544022,https://v77.tiktokcdn.com/87ee64814a4569ec948010184e48bbf0/687a7846/video/tos/no1a/tos-no1a-v-2370-no/ocOBwAik50BAEPwSfIAJir0Cv3yAB0EKnnEmh8/?a=1233&bti=ODszNWYuMDE6&ch=0&cr=0&dr=0&er=0&lr=default&cd=0%7C0%7C0%7C0&br=250&bt=125&ds=5&ft=.NpOcInz7Th3RywKXq8Zmo&mime_type=audio_mpeg&qs=13&rc=M2x2O3E5cjk8NDMzbzU8NUBpM2x2O3E5cjk8NDMzbzU8NUBsZmAxMmRrc25hLS1kMTFzYSNsZmAxMmRrc25hLS1kMTFzcw%3D%3D&vvpl=1&l=20250718003704FB74BAC5F89F7D1BC0E0&btag=e00078000&cc=13,https://p77-sign-va.tiktokcdn.com/tos-maliva-avt-0068/7ff88e77506f92e20a015c08c3628a42~tplv-tiktokx-cropcenter:1080:1080.jpeg?dr=14579&refresh_token=9b6dea69&x-expires=1752940800&x-signature=brbJQZ9QRd56u8yjfmPwmAaeWHo%3D&t=4d5b0474&ps=13740610&shp=a5d48078&shcp=81f88b70&idc=maliva,"pacofosz",https://v16-webapp-prime.tiktok.com/video/tos/no1a/tos-no1a-ve-0068-no/oInpfADdUPbFyFRgobXq9gkEgQWpBFfICF0JEN/?a=1988&bti=ODszNWYuMDE6&ch=0&cr=3&dr=0&lr=all&cd=0%7C0%7C0%7C&cv=1&br=790&bt=395&cs=0&ds=3&ft=I~da4od2D12NvotUpWIxR-TNilJG-UjNSbopiX&mime_type=video_mp4&qs=0&rc=NmQ3ZjczZDQ0PGhnNDlkNEBpM2UzcnQ5cnQ8NDMzbzczNUBhMDBiLi8zXzIxYGJjYTUyYSNpYWozMmRrcm5hLS1kMTFzcw%3D%3D&btag=e000b8000&expire=1752943046&l=20250718003704FB74BAC5F89F7D1BC0E0&ply_type=2&policy=2&signature=a4d1988fae4e0e218bfd070696a4e35a&tk=tt_chain_token,https://www.tiktok.com/pacofosz/video/7526816260789701910,"",26600,1273,2284,898200,"torrepacheco‚ultimahoratorrepacheco‚españa","torrepacheco‚ultimahoratorrepacheco‚españa","",,"TORRE PACHECO ","BLUE,ULTRA HD CAMERA",""
7525923162006080790,7525923162006080790,"murcia_actualidad","jaleostp",2469,2,19,https://p77-sign-va.tiktokcdn.com/tos-maliva-avt-0068/b5b699d3db70259d9b42045dec089ec0~tplv-tiktokx-cropcenter:100:100.jpeg?dr=14579&refresh_token=20e7274f&x-expires=1752940800&x-signature=ogWqpU54t64yHt7pPC9cXSuSmts%3D&t=4d5b0474&ps=13740610&shp=a5d48078&shcp=81f88b70&idc=maliva,"#justicia #inmigracion #torrepacheco #soloelpueblosalvaalpueblo ",Fri Jul 11 2025,1752265538,no,no,"sonido original",7525923162880740118,https://v77.tiktokcdn.com/8790d99d3033f7b7be5ed2ff57fb1617/687a78b9/video/tos/no1a/tos-no1a-v-2370-no/oMBERcO0EBeUkbcBqxhDfFmJNICFAAXgAw7oE8/?a=1233&bti=ODszNWYuMDE6&ch=0&cr=0&dr=0&er=0&lr=default&cd=0%7C0%7C0%7C0&br=250&bt=125&ds=5&ft=.NpOcInz7Th3RywKXq8Zmo&mime_type=audio_mpeg&qs=13&rc=M2Q3eXg5cmxxNDMzbzU8NUBpM2Q3eXg5cmxxNDMzbzU8NUBncS8tMmQ0M2xhLS1kMTFzYSNncS8tMmQ0M2xhLS1kMTFzcw%3D%3D&vvpl=1&l=20250718003704FB74BAC5F89F7D1BC0E0&btag=e00050000&cc=13,https://p77-sign-va.tiktokcdn.com/tos-maliva-avt-0068/b5b699d3db70259d9b42045dec089ec0~tplv-tiktokx-cropcenter:1080:1080.jpeg?dr=14579&refresh_token=40d6c940&x-expires=1752940800&x-signature=cSQDzbe9nSU3TRW6E6pKkkS9iXY%3D&t=4d5b0474&ps=13740610&shp=a5d48078&shcp=81f88b70&idc=maliva,"jaleostp",https://v16-webapp-prime.tiktok.com/video/tos/no1a/tos-no1a-ve-0068-no/ocGIAzfxQvlefRcBghgYjG44Rf53AK6WWQx31G/?a=1988&bti=ODszNWYuMDE6&ch=0&cr=3&dr=0&lr=all&cd=0%7C0%7C0%7C&cv=1&br=3768&bt=1884&cs=0&ds=3&ft=I~da4od2D12NvotUpWIxR-TNilJG-UjNSbopiX&mime_type=video_mp4&qs=0&rc=ZGY8aDg3PGQ3aWc6OTc5PEBpM2l3eHg5cmVxNDMzbzczNUAtYGBgYjNjX2MxYjQuYTFjYSNzYWo0MmRjLmxhLS1kMTFzcw%3D%3D&btag=e00090000&expire=1752943161&l=20250718003704FB74BAC5F89F7D1BC0E0&ply_type=2&policy=2&signature=0c3221c7465dcb307e13c7026b5c2eca&tk=tt_chain_token,https://www.tiktok.com/murcia_actualidad/video/7525923162006080790,"",37200,2335,6297,1100000,"justicia‚inmigracion‚torrepacheco‚soloelpueblosalvaalpueblo","justicia‚inmigracion‚torrepacheco‚soloelpueblosalvaalpueblo","",,"Situación torre Pacheco tras la paliza al anciano ","BLUE,ULTRA HD CAMERA",""
7527275461869653270,7527275461869653270,"elconfidencial","El Confidencial",47100,88,1482,https://p16-sign-useast2a.tiktokcdn.com/tos-useast2a-avt-0068-euttp/ef51e7833c01313d91b947fa13ddb7e3~tplv-tiktokx-cropcenter:100:100.jpeg?dr=14579&refresh_token=6dedaa38&x-expires=1752940800&x-signature=Y6SxIlzZE6HWAQ6rB76wGOayPkY%3D&t=4d5b0474&ps=13740610&shp=a5d48078&shcp=81f88b70&idc=maliva,"En los bares de Torre Pacheco se comentaba ayer que el martes será “la gran manifestación”. Ese es el término que utilizó el líder de la empresa Desokupa‚ Daniel Esteve‚ cuando anunció en redes sociales que llegaría a Torre Pacheco con “su gente”. “Los vecinos con los que he estado hablando me han dicho que harán la manifestación con o sin permiso"‚ anunció. "Nosotros no golpearemos a nadie con bates‚ vamos a montar patrullas ciudadanas para defender el perímetro de las calles. Llevaremos sprays y otros accesorios de defensa legales para formar esas patrullas”. Por su parte‚ miembros de las comunidades magrebíes han salido a decir que no quieren a nadie de fuera‚ que su deseo es estar tranquilos y que no quieren manifestarse con violencia. Lee el artículo completo escrito por Alfredo Herrera en el enlace de nuestra biografía. #ElConfidencial #ECactualidad #TorrePacheco #manifestación #España ",Tue Jul 15 2025,1752580396,no,no,"original sound",7527275467260644118,https://v77.tiktokcdn.com/9810a1ef08c908319c5670d71f35c36f/687a786f/video/tos/no1a/tos-no1a-v-2370-no/ooYoDzErACAgAJcggEFAdQkDwfebTTkEFUBB2E/?a=1233&bti=ODszNWYuMDE6&ch=0&cr=0&dr=0&er=0&lr=default&cd=0%7C0%7C0%7C0&br=250&bt=125&ds=5&ft=.NpOcInz7Th3RywKXq8Zmo&mime_type=audio_mpeg&qs=13&rc=M3VnOmo5cmY3NDMzbzU8NUBpM3VnOmo5cmY3NDMzbzU8NUAtM2kzMmQ0L29hLS1kMTFzYSMtM2kzMmQ0L29hLS1kMTFzcw%3D%3D&vvpl=1&l=20250718003704FB74BAC5F89F7D1BC0E0&btag=e00050000&cc=13,https://p16-sign-useast2a.tiktokcdn.com/tos-useast2a-avt-0068-euttp/ef51e7833c01313d91b947fa13ddb7e3~tplv-tiktokx-cropcenter:1080:1080.jpeg?dr=14579&refresh_token=33850e60&x-expires=1752940800&x-signature=vduk0H6TPMZ0tlVa%2BDLC8nkQeyo%3D&t=4d5b0474&ps=13740610&shp=a5d48078&shcp=81f88b70&idc=maliva,"El Confidencial",https://v16-webapp-prime.tiktok.com/video/tos/no1a/tos-no1a-ve-0068c001-no/okkUkFDdREFfRI5GisEQWEBAgg9gngMvdofyCj/?a=1988&bti=ODszNWYuMDE6&ch=0&cr=3&dr=0&lr=all&cd=0%7C0%7C0%7C&cv=1&br=1690&bt=845&cs=0&ds=3&ft=I~da4od2D12NvotUpWIxR-TNilJG-UjNSbopiX&mime_type=video_mp4&qs=0&rc=ZDNlPGVmOjM4ZjdoNGc5OEBpajR5NWo5cjQ3NDMzbzczNUAxLjAvXzBjXl4xX181Ml8wYSNgcW4yMmRrL29hLS1kMTFzcw%3D%3D&btag=e00090000&expire=1752943087&l=20250718003704FB74BAC5F89F7D1BC0E0&ply_type=2&policy=2&signature=5fc3664ac4392414e93fe4ba3eb3c58f&tk=tt_chain_token,https://www.tiktok.com/elconfidencial/video/7527275461869653270,"",22200,425,1555,420300,"elconfidencial‚ecactualidad‚torrepacheco‚manifestación‚españa","elconfidencial‚ecactualidad‚torrepacheco‚manifestación‚españa","",,"","BLUE,ULTRA HD CAMERA",""
7526734132299205910,7526734132299205910,"armadahispana","Armada Hispana",83500,599,639,https://p16-sign-useast2a.tiktokcdn.com/tos-useast2a-avt-0068-euttp/01f0a871c1ce234dfaa7936d7e428608~tplv-tiktokx-cropcenter:100:100.jpeg?dr=14579&refresh_token=8abe01e1&x-expires=1752940800&x-signature=JffcMeapCetg6yieg3OmEOw1fgQ%3D&t=4d5b0474&ps=13740610&shp=a5d48078&shcp=81f88b70&idc=maliva,"🚨 LA ÚNICA CUENTA que DBEES SEGUIR sobre esto 🫡 🚨 cualquier VIDEOJUEGO se queda CORTO al lado de TORRE PACHECO en estos momentos 🤣  #torrepacheco #ciclista #murcia #españa ",Mon Jul 14 2025,1752454366,no,no,"sonido original",7526734109406808854,https://v77.tiktokcdn.com/d577bdf18d6c6b6d9c3f6ae53e597542/687a786a/video/tos/no1a/tos-no1a-v-2370-no/oU0AC4A7iBUBRp3HBYIyatViEAjlOjpxvZEAC/?a=1233&bti=ODszNWYuMDE6&ch=0&cr=0&dr=0&er=0&lr=default&cd=0%7C0%7C0%7C0&br=250&bt=125&ds=5&ft=.NpOcInz7Th3RywKXq8Zmo&mime_type=audio_mpeg&qs=13&rc=M2c6dHE5cnI4NDMzbzU8NUBpM2c6dHE5cnI4NDMzbzU8NUAua2JoMmRrNm5hLS1kMTFzYSMua2JoMmRrNm5hLS1kMTFzcw%3D%3D&vvpl=1&l=20250718003704FB74BAC5F89F7D1BC0E0&btag=e00048000&cc=13,https://p16-sign-useast2a.tiktokcdn.com/tos-useast2a-avt-0068-euttp/01f0a871c1ce234dfaa7936d7e428608~tplv-tiktokx-cropcenter:1080:1080.jpeg?dr=14579&refresh_token=df12a56e&x-expires=1752940800&x-signature=bIB3OEC%2FbRdWo3uCfnBQfOb3B4o%3D&t=4d5b0474&ps=13740610&shp=a5d48078&shcp=81f88b70&idc=maliva,"Armada Hispana",https://v16-webapp-prime.tiktok.com/video/tos/no1a/tos-no1a-ve-0068c001-no/oAiVOQGXohFMdAv0BeFEgTDCEdARS46EITfjkF/?a=1988&bti=ODszNWYuMDE6&ch=0&cr=3&dr=0&lr=all&cd=0%7C0%7C0%7C&cv=1&br=1958&bt=979&cs=0&ds=3&ft=I~da4od2D12NvotUpWIxR-TNilJG-UjNSbopiX&mime_type=video_mp4&qs=0&rc=NWg7OjczNDZkZDVoOTM5NkBpajN4cng5cmo4NDMzbzczNUAzNDEvLmEvNV4xLzE2NDQ2YSNfM2k2MmRrNm5hLS1kMTFzcw%3D%3D&btag=e00088000&expire=1752943082&l=20250718003704FB74BAC5F89F7D1BC0E0&ply_type=2&policy=2&signature=003f5eeec5cd9754b75c4681f7362eff&tk=tt_chain_token,https://www.tiktok.com/armadahispana/video/7526734132299205910,"",190700,4876,27600,5100000,"torrepacheco‚ciclista‚murcia‚españa","torrepacheco‚ciclista‚murcia‚españa","",,"","BLUE,ULTRA HD CAMERA",""
7527264789144440087,7527264789144440087,"zonagemelos_tiktok","ZonaGemelos",2912,74,93,https://p77-sign-va.tiktokcdn.com/tos-maliva-avt-0068/8391313c1b62c1d1d832fd8b316d5b1c~tplv-tiktokx-cropcenter:100:100.jpeg?dr=14579&refresh_token=a958859c&x-expires=1752940800&x-signature=eyx1KnqeaFzRpFKJIhlQ9dMD8xM%3D&t=4d5b0474&ps=13740610&shp=a5d48078&shcp=81f88b70&idc=maliva,"Se vive mucha tensión #torrepacheco #españa #pajaroazul #gitanos #viral #dancia #zonagemelos #españa🇪🇸marruecos🇲🇦casablanca #malaga #abuelo #ocupas #ultimahora #churumbedemalaga ",Tue Jul 15 2025,1752577911,no,no,"sonido original",7527264785803709206,https://v16m.tiktokcdn.com/7852c6191e180125cd8a95d53cb5f1b1/687a789c/video/tos/no1a/tos-no1a-v-2370-no/oAoCAu0E2HlBXAZNwey3xvigiKBEBAO1rEWCAE/?a=1233&bti=ODszNWYuMDE6&ch=0&cr=0&dr=0&er=0&lr=default&cd=0%7C0%7C0%7C0&br=250&bt=125&ds=5&ft=.NpOcInz7Th3RywKXq8Zmo&mime_type=audio_mpeg&qs=13&rc=Mzg4NG85cng2NDMzbzU8NUBpMzg4NG85cng2NDMzbzU8NUAvYW8uMmRrYm9hLS1kMTFzYSMvYW8uMmRrYm9hLS1kMTFzcw%3D%3D&vvpl=1&l=20250718003704FB74BAC5F89F7D1BC0E0&btag=e00050000&cc=3,https://p77-sign-va.tiktokcdn.com/tos-maliva-avt-0068/8391313c1b62c1d1d832fd8b316d5b1c~tplv-tiktokx-cropcenter:1080:1080.jpeg?dr=14579&refresh_token=1e62f315&x-expires=1752940800&x-signature=HRJ44Q9Z6ujW0tSr0FOOzJxnewo%3D&t=4d5b0474&ps=13740610&shp=a5d48078&shcp=81f88b70&idc=maliva,"ZonaGemelos",https://v16-webapp-prime.tiktok.com/video/tos/no1a/tos-no1a-ve-0068-no/oIeQfhj3IFG7MYeI63L1pg7mLYdlRADYGoAIOA/?a=1988&bti=ODszNWYuMDE6&ch=0&cr=3&dr=0&lr=all&cd=0%7C0%7C0%7C&cv=1&br=1136&bt=568&cs=0&ds=3&ft=I~da4od2D12NvotUpWIxR-TNilJG-UjNSbopiX&mime_type=video_mp4&qs=0&rc=OTg7PGY3MzszZzs0ZjM0NkBpM3RmdHA5cmc2NDMzbzczNUBhMGBfX15iNTAxLzYzYGFfYSMwZF4uMmQ0YW9hLS1kMTFzcw%3D%3D&btag=e00090000&expire=1752943132&l=20250718003704FB74BAC5F89F7D1BC0E0&ply_type=2&policy=2&signature=7212a7313b05fa1bb5e0ad191a5900e5&tk=tt_chain_token,https://www.tiktok.com/zonagemelos_tiktok/video/7527264789144440087,"",27100,1262,3337,1200000,"torrepacheco‚españa‚pajaroazul‚gitanos‚viral‚dancia‚zonagemelos‚españa🇪🇸marruecos🇲🇦casablanca‚malaga‚abuelo‚ocupas‚ultimahora‚churumbedemalaga","torrepacheco‚españa‚pajaroazul‚gitanos‚Viral‚dancia‚zonagemelos‚españa🇪🇸marruecos🇲🇦casablanca‚malaga‚abuelo‚ocupas‚ultimahora‚churumbedemalaga","",,"En medio la entrevista de David santos  Tienen que llevarse a un grupo de inmigrantes   Que estuvieron a punto de llegar a algo más ‚TORRE-PACHECO ","BLUE,ULTRA HD CAMERA",""
7527428110627769622,7527428110627769622,"moraddd__filtraciones","MDLR🙌🏼",81000,176,281,https://p77-sign-va.tiktokcdn.com/tos-maliva-avt-0068/ccda7eafc77d166969573723a03d0a22~tplv-tiktokx-cropcenter:100:100.jpeg?dr=14579&refresh_token=2cf29a88&x-expires=1752940800&x-signature=kNoQFhiuE%2F%2B41ofxqFnlLdrFXug%3D&t=4d5b0474&ps=13740610&shp=a5d48078&shcp=81f88b70&idc=maliva,"vamos a Torre Pacheco?? #torrepacheco #marruecos #españa #parati ",Tue Jul 15 2025,1752615938,no,no,"Sentir",7521842856208484369,https://sf16-ies-music-va.tiktokcdn.com/obj/tos-useast2a-ve-2774/ogZpRBAHC3nMeOAooYQFEgnZIBnfH1OlJgDit7,https://p16-amd-va.tiktokcdn.com/img/tos-useast2a-v-2774/osDOAQD4IBzZPIENffZFtjuBKvjWwg5IAVCAFo~c5_720x720.jpeg,"Morad & Baby Gang",https://v16-webapp-prime.tiktok.com/video/tos/no1a/tos-no1a-ve-0068-no/ogD8oEqgsIVdsFJEvkffzLh7t8CGBRg3voQsAF/?a=1988&bti=ODszNWYuMDE6&ch=0&cr=3&dr=0&lr=all&cd=0%7C0%7C0%7C&cv=1&br=1806&bt=903&cs=0&ds=3&ft=I~da4od2D12NvotUpWIxR-TNilJG-UjNSbopiX&mime_type=video_mp4&qs=0&rc=ZjdpM2c2PDxlaTo1ZTtoaUBpanFxeW85cmVmNDMzbzczNUA1YTExNTEzNjUxLS9eLTU1YSNlcGRhMmQ0am9hLS1kMTFzcw%3D%3D&btag=e000b0000&expire=1752943032&l=20250718003704FB74BAC5F89F7D1BC0E0&ply_type=2&policy=2&signature=7b06083983fc8fa8f5c144e8d64e20fe&tk=tt_chain_token,https://www.tiktok.com/moraddd__filtraciones/video/7527428110627769622,"",2674,590,70,193600,"torrepacheco‚marruecos‚españa‚parati","torrepacheco‚marruecos‚españa‚parati","",,"Y si vamos a torre pacheco y les enseñamos que las mezquitas se respetan??","ULTRA HD CAMERA,BLUE",""
7527070176056036630,7527070176056036630,"visionmoruna","VisionMoruna",1287,83,62,https://p77-sign-va.tiktokcdn.com/tos-maliva-avt-0068/504af4e82e44bb71918af5ad5103fcf2~tplv-tiktokx-cropcenter:100:100.jpeg?dr=14579&refresh_token=e74f1c6f&x-expires=1752940800&x-signature=z52%2FARONeDMG36rrVTBoQRgf3H8%3D&t=4d5b0474&ps=13740610&shp=a5d48078&shcp=81f88b70&idc=maliva,"marroquís en busca de gitanos y ultras en torre pacheco martes 15 a las0:20 de la noche #descontrol #anciano #manifestation #españa #morroco #gitanos #kebab ",Tue Jul 15 2025,1752532601,no,no,"sonido original",7527070153829583638,https://v77.tiktokcdn.com/0aa4163e88b03f5d3e4ad90a487ddb49/687a7855/video/tos/no1a/tos-no1a-v-2370-no/oQnUSfY14gtJD6AEA72EC7BkhFdFEEFWo4ZfAB/?a=1233&bti=ODszNWYuMDE6&ch=0&cr=0&dr=0&er=0&lr=default&cd=0%7C0%7C0%7C0&br=250&bt=125&ds=5&ft=.NpOcInz7Th3RywKXq8Zmo&mime_type=audio_mpeg&qs=13&rc=M3Jpb3U5cnhyNDMzbzU8NUBpM3Jpb3U5cnhyNDMzbzU8NUA2ZWtjMmRzYG5hLS1kMTFzYSM2ZWtjMmRzYG5hLS1kMTFzcw%3D%3D&vvpl=1&l=20250718003704FB74BAC5F89F7D1BC0E0&btag=e00048000&cc=13,https://p77-sign-va.tiktokcdn.com/tos-maliva-avt-0068/504af4e82e44bb71918af5ad5103fcf2~tplv-tiktokx-cropcenter:1080:1080.jpeg?dr=14579&refresh_token=ef7cd1f4&x-expires=1752940800&x-signature=6FD4EcZ2V7LecU6WQ0Xdb5vm%2FMg%3D&t=4d5b0474&ps=13740610&shp=a5d48078&shcp=81f88b70&idc=maliva,"VisionMoruna",https://v16-webapp-prime.tiktok.com/video/tos/no1a/tos-no1a-ve-0068-no/oAdA8BEYKeDDRSgtNLviFzrFf0kgboIEGvQpqI/?a=1988&bti=ODszNWYuMDE6&ch=0&cr=3&dr=0&lr=all&cd=0%7C0%7C0%7C&cv=1&br=848&bt=424&cs=0&ds=3&ft=I~da4od2D12NvotUpWIxR-TNilJG-UjNSbopiX&mime_type=video_mp4&qs=0&rc=aDZkO2ZpPDc8aDM8NmdnaUBpM3B5d3Q5cnRyNDMzbzczNUAvMjVfXjJiNWMxXmNjMDZfYSNzL14vMmRjM25hLS1kMTFzcw%3D%3D&btag=e00088000&expire=1752943061&l=20250718003704FB74BAC5F89F7D1BC0E0&ply_type=2&policy=2&signature=90911775a836964773ba83ad3d2f6c18&tk=tt_chain_token,https://www.tiktok.com/visionmoruna/video/7527070176056036630,"",2585,232,403,158000,"descontrol‚anciano‚manifestation‚españa‚morroco‚gitanos‚kebab","descontrol‚anciano‚manifestation‚españa‚morroco‚gitanos‚kebab","",,"marroquis rodeados   por la guardia civil   sueltan los palos   ahora quieren hablar ‚🥷:queremos justicia por loque pasó en el  kebab‚🥷: queremos a los racistas  fuera‚🥷: nosotros vamos encontrá  de la violencia ( con palos en las manos)‚🥷: El único problema que tenemos  con los gitanos y con los ultras‚estamos buscando gitanos y ultras !!!","BLUE,ULTRA HD CAMERA",""
7527703433923677462,7527703433923677462,"radiocostadelsol","RADIOCOSTADELSOL📻",627,1345,20,https://p77-sign-va.tiktokcdn.com/tos-maliva-avt-0068/1683642f2893cd9ae596b47fa7a3b73c~tplv-tiktokx-cropcenter:100:100.jpeg?dr=14579&refresh_token=f958725b&x-expires=1752940800&x-signature=8GDSnZuMuRqYFSuONgM1x0sUqqg%3D&t=4d5b0474&ps=13740610&shp=a5d48078&shcp=81f88b70&idc=maliva,"Otro día más en los Nucleo #fyp #fuengirola #torrepacheco #interraciallove ",Wed Jul 16 2025,1752680039,no,no,"sonido original",7414860914506009349,https://v77.tiktokcdn.com/bd8363f0c6f4d6dc0f7771c0e7a215a0/687a786d/video/tos/useast2a/tos-useast2a-v-27dcd7/ogXUbEDlPA4Q881WAZ5AvCXSzAmgiiuxEHBLc/?a=1233&bti=ODszNWYuMDE6&ch=0&cr=0&dr=0&er=0&lr=default&cd=0%7C0%7C0%7C0&br=250&bt=125&ds=5&ft=.NpOcInz7Th3RywKXq8Zmo&mime_type=audio_mpeg&qs=13&rc=M3Zmb285cmlodTMzNzU8M0BpM3Zmb285cmlodTMzNzU8M0ByY2pfMmQ0LmdgLS1kMTZzYSNyY2pfMmQ0LmdgLS1kMTZzcw%3D%3D&vvpl=1&l=20250718003704FB74BAC5F89F7D1BC0E0&btag=e00050000&cc=13,https://p77-sign-va.tiktokcdn.com/tos-maliva-avt-0068/753df4d29f6e48f70c60ce4b04bbf904~tplv-tiktokx-cropcenter:1080:1080.jpeg?dr=14579&refresh_token=87f5c9f8&x-expires=1752940800&x-signature=J33Hh%2B0e1mMVrRb3eezQ%2BZjzy3o%3D&t=4d5b0474&ps=13740610&shp=a5d48078&shcp=81f88b70&idc=maliva,"NSVCesrudio",https://v16-webapp-prime.tiktok.com/video/tos/no1a/tos-no1a-ve-0068c001-no/o8PwjQHC77OIIJmfLAIyePweJtCAHLQGgcIDk4/?a=1988&bti=ODszNWYuMDE6&ch=0&cr=3&dr=0&lr=all&cd=0%7C0%7C0%7C&cv=1&br=2278&bt=1139&cs=0&ds=3&ft=I~da4od2D12NvotUpWIxR-TNilJG-UjNSbopiX&mime_type=video_mp4&qs=0&rc=Zzk8ZztmOTtoaTM6ZWQ4N0BpM2lnO205cjR2NDMzbzczNUAuLTYzNV9hNWMxNDM0MDMtYSM2YnFsMmQ0YG9hLS1kMTFzcw%3D%3D&btag=e000b8000&expire=1752943049&l=20250718003704FB74BAC5F89F7D1BC0E0&ply_type=2&policy=2&signature=e71d8460b608d7b6c696fd152525a92a&tk=tt_chain_token,https://www.tiktok.com/radiocostadelsol/video/7527703433923677462,"",1547,164,323,100600,"fyp‚fuengirola‚torrepacheco‚interraciallove","fyp‚fuengirola‚torrepacheco‚interraciallove","",,"","BLUE,ULTRA HD CAMERA",""
7527550430058958102,7527550430058958102,"by.ismael_","𝙄𝙨𝙢𝙖 𝙍𝙪𝙜𝙚 🐺🔥",6235,2467,31,https://p77-sign-va.tiktokcdn.com/tos-maliva-avt-0068/e03cd6945196712c5004f11fdac0d14c~tplv-tiktokx-cropcenter:100:100.jpeg?dr=14579&refresh_token=f4357341&x-expires=1752940800&x-signature=HEY5u5UrK6%2BS%2Bs573QgbPsT688U%3D&t=4d5b0474&ps=13740610&shp=a5d48078&shcp=81f88b70&idc=maliva,"Anoche en Torre-Pacheco 🤝 #Torrepacheco #TikTokNoticias #TikTokLatinoÁrabe #ultras #ultraderecha #imanes #morocco #imamess ",Wed Jul 16 2025,1752644422,no,no,"sonido original",7527550426469059350,https://v16m.tiktokcdn.com/3e65d4f819e56a91c2c6c4f2809ca13b/687a7891/video/tos/no1a/tos-no1a-v-2370-no/ocBYCdmdXFDAHUzAIoEDsqf0IA0fgtxSFkuWJJ/?a=1233&bti=ODszNWYuMDE6&ch=0&cr=0&dr=0&er=0&lr=default&cd=0%7C0%7C0%7C0&br=250&bt=125&ds=5&ft=.NpOcInz7Th3RywKXq8Zmo&mime_type=audio_mpeg&qs=13&rc=M201dHA5cm9tNDMzbzU8NUBpM201dHA5cm9tNDMzbzU8NUBhNl8uMmRram9hLS1kMTFzYSNhNl8uMmRram9hLS1kMTFzcw%3D%3D&vvpl=1&l=20250718003704FB74BAC5F89F7D1BC0E0&btag=e00050000&cc=3,https://p77-sign-va.tiktokcdn.com/tos-maliva-avt-0068/e03cd6945196712c5004f11fdac0d14c~tplv-tiktokx-cropcenter:1080:1080.jpeg?dr=14579&refresh_token=86b4d9d6&x-expires=1752940800&x-signature=bzCjuy9qlzSbkNKhqdnmt6NimHA%3D&t=4d5b0474&ps=13740610&shp=a5d48078&shcp=81f88b70&idc=maliva,"𝙄𝙨𝙢𝙖 𝙍𝙪𝙜𝙚 🐺🔥",,https://www.tiktok.com/by.ismael_/video/7527550430058958102,"",632,38,246,34600,"torrepacheco‚tiktoknoticias‚tiktoklatinoárabe‚ultras‚ultraderecha‚imanes‚morocco‚imamess","torrepacheco‚tiktoknoticias‚tiktoklatinoárabe‚ultras‚ultraderecha‚imanes‚morocco‚imamess","",,"","BLUE,ULTRA HD CAMERA",""
7527389274572999958,7527389274572999958,"zona_cero10","zona cero",460,300,16,https://p77-sign-va.tiktokcdn.com/tos-maliva-avt-0068/edfe74402390ded95f861f332f53afe4~tplv-tiktokx-cropcenter:100:100.jpeg?dr=14579&refresh_token=4b3e293b&x-expires=1752940800&x-signature=s7wShhcs5MHBbHE2QM%2F%2BlyVm3qY%3D&t=4d5b0474&ps=13740610&shp=a5d48078&shcp=81f88b70&idc=maliva,"actualidad en torrepacheco  #torrepacheco #conversaciones #noticias #manifestation #policia #videoviral #detencion ",Tue Jul 15 2025,1752606894,no,no,"Ballad of the Broken Mind",7448664334756284417,https://sf16-ies-music-va.tiktokcdn.com/obj/tos-useast2a-ve-2774/oM86KKMCrjM9e9tQNeWOfQyPMwFvYAKfebgAXV,https://p16-amd-va.tiktokcdn.com/img/tos-useast2a-v-2774/oo2jBwfBQEwxZ5ntUcR2Ct733BbCZiGAiAAeEg~c5_720x720.jpeg,"edivieira",https://v16-webapp-prime.tiktok.com/video/tos/no1a/tos-no1a-ve-0068-no/okgETEqfoFBGycIjADBRdCodFQgIkEfR5Ezj2H/?a=1988&bti=ODszNWYuMDE6&ch=0&cr=3&dr=0&lr=all&cd=0%7C0%7C0%7C&cv=1&br=2742&bt=1371&cs=0&ds=3&ft=I~da4od2D12NvotUpWIxR-TNilJG-UjNSbopiX&mime_type=video_mp4&qs=0&rc=aTQ1ZWY6OzhmZDM7ZjdmO0BpanZ3eGs5cjVkNDMzbzczNUAwMDZfYTIuX2IxNjYvLy0wYSMwM2NsMmQ0ZG9hLS1kMTFzcw%3D%3D&btag=e000b8000&expire=1752943045&l=20250718003704FB74BAC5F89F7D1BC0E0&ply_type=2&policy=2&signature=3f45daaad15fa28ae1880c1af04b2d81&tk=tt_chain_token,https://www.tiktok.com/zona_cero10/video/7527389274572999958,"",3470,522,346,330800,"torrepacheco‚conversaciones‚noticias‚manifestation‚policia‚videoviral‚detencion","torrepacheco‚conversaciones‚noticias‚manifestation‚policia‚videoviral‚detencion","",,"se filtran conversaciones de magrebíes radicales en las que dicen querer ir a por gitanos y ultras‚ también algunos grupos en los que dicen querer ir "a por los españoles" algunos de ellos intentan que entren en Razón ‚por otro lado la policia de marlaska ha blindado el pueblo y evita que entren personas que venian a manifestarse de forma pacifica‚el partido de pedro Sánchez culpa de todo lo ocurrido a abascal y manipulan los medios de comunicación para que parezca que los españoles van a cazar inmigrantes ","BLUE,ULTRA HD CAMERA",""
7526573393345334550,7526573393345334550,"informativost5","Informativos Telecinco",3800000,270,6484,https://p16-sign-useast2a.tiktokcdn.com/tos-useast2a-avt-0068-euttp/5066882620b431aaaa2f3893186719a8~tplv-tiktokx-cropcenter:100:100.jpeg?dr=14579&refresh_token=bbeb6cae&x-expires=1752940800&x-signature=XV7MY2Gdsa8AEwPCSfkUu%2FzKtdY%3D&t=4d5b0474&ps=13740610&shp=a5d48078&shcp=81f88b70&idc=maliva,"A pesar del despliegue policial‚ las calles de Torre Pacheco comenzaron a llenarse anoche de grupos de ultraderecha que instaban a "cacerías" y magrebíes armados con palos y cuchillos #noticias #noticiastiktok #news",Sun Jul 13 2025,1752416932,no,no,"original sound - Informativos Telecinco",7526573403071220502,https://v77.tiktokcdn.com/19c9a705c5f8ff9402143c8f7d6ec36f/687a787b/video/tos/no1a/tos-no1a-v-2370-no/osqHazlBJJ6ZVMIBwPCPAqg8iBYC96Q3CMiKI/?a=1233&bti=ODszNWYuMDE6&ch=0&cr=0&dr=0&er=0&lr=default&cd=0%7C0%7C0%7C0&br=250&bt=125&ft=.NpOcInz7Th3RywKXq8Zmo&mime_type=audio_mpeg&qs=6&rc=Omc4OWdlZWRlZWkzZmVkOUBpMzwzNnY5cmR2NDMzbzU8NUBeYy00YWIyNl4xYF80Ni8uYSMyZjFxMmQ0Mm1hLS1kMTFzcw%3D%3D&vvpl=1&l=20250718003704FB74BAC5F89F7D1BC0E0&btag=e00090000&cc=13,https://p16-sign-useast2a.tiktokcdn.com/tos-useast2a-avt-0068-euttp/5066882620b431aaaa2f3893186719a8~tplv-tiktokx-cropcenter:1080:1080.jpeg?dr=14579&refresh_token=85974f69&x-expires=1752940800&x-signature=TpU%2BgQ0eUX7FQtbwtb0966U6XRk%3D&t=4d5b0474&ps=13740610&shp=a5d48078&shcp=81f88b70&idc=maliva,"Informativos Telecinco",https://v16-webapp-prime.tiktok.com/video/tos/no1a/tos-no1a-ve-0068c001-no/ogrKwd3ZBEhrWz2fAHiQypKsDAPw0FCIiDwCBO/?a=1988&bti=ODszNWYuMDE6&ch=0&cr=3&dr=0&lr=all&cd=0%7C0%7C0%7C&cv=1&br=1256&bt=628&cs=0&ds=3&ft=I~da4od2D12NvotUpWIxR-TNilJG-UjNSbopiX&mime_type=video_mp4&qs=0&rc=MzNmZztkZzQ0NTQ5PDY0NEBpMzY7anA5cmZ1NDMzbzgzNUAvYDAzYGIvXzUxYV9iNGA1YSNfYmVgMmQ0c21hLS1kLzFzcw%3D%3D&btag=e00090000&expire=1752943099&l=20250718003704FB74BAC5F89F7D1BC0E0&ply_type=2&policy=2&signature=4e366181cd041571fa93488aee562fe6&tk=tt_chain_token,https://www.tiktok.com/informativost5/video/7526573393345334550,"",14500,638,1004,410500,"noticias‚noticiastiktok‚news","noticias‚noticiastiktok‚news","",,"","BLUE,ULTRA HD CAMERA",""
7527464715761601814,7527464715761601814,"diidac.rmm","Diidac.rm",2720,61700,35,https://p77-sign-va.tiktokcdn.com/tos-maliva-avt-0068/823a3a016a23341ca901a2a84ae3f582~tplv-tiktokx-cropcenter:100:100.jpeg?dr=14579&refresh_token=e130d84f&x-expires=1752940800&x-signature=EmBnYJEo%2Bws%2FgUAZn1cKv3S%2B9Rg%3D&t=4d5b0474&ps=13740610&shp=a5d48078&shcp=81f88b70&idc=maliva,"TORRE PACHECO 🚨 ‼️  ⚠️ #parati #paratii #fyp #lentejas #torrepacheco ",Wed Jul 16 2025,1752624466,no,no,"sonido original",6598339088632253189,https://v16m.tiktokcdn.com/c905b331b0f01f5ace2043b77d902df4/687a7840/video/tos/alisg/tos-alisg-v-27dcd7/3dcd30b9e0674c10afba8949fe115f88/?a=1233&bti=ODszNWYuMDE6&ch=0&cr=0&dr=0&er=0&lr=default&cd=0%7C0%7C0%7C0&br=250&bt=125&ds=5&ft=.NpOcInz7Th3RywKXq8Zmo&mime_type=audio_mpeg&qs=13&rc=M212ZDU6ZjVnNzMzODU8NEBpM212ZDU6ZjVnNzMzODU8NEAtXjBecjQwLmFgLS1kMS1zYSMtXjBecjQwLmFgLS1kMS1zcw%3D%3D&vvpl=1&l=20250718003704FB74BAC5F89F7D1BC0E0&btag=e00078000&cc=3,https://p16-sign-va.tiktokcdn.com/tos-maliva-avt-0068/26551eef95f783055e29569dcbd05b28~tplv-tiktokx-cropcenter:1080:1080.jpeg?dr=14579&refresh_token=ae0fe734&x-expires=1752940800&x-signature=iGLhaFYM%2BVgDTMKgEufSRAFFOQw%3D&t=4d5b0474&ps=13740610&shp=a5d48078&shcp=81f88b70&idc=maliva,"Dallan",https://webapp-i18n.tiktok.com/629f5a79f8d98ab9424a4d7be4ebb6c6/687bc9c2/kmoat/mps/logo/v3/r/p/v24044gl0000d1renlvog65rflgb31cg/98a0329299504a6ea6b48139ea9a9b57/49cfe2d485094846b0d516bea833fd54/mp4/main.mp4?a=1988&bti=ODszNWYuMDE6&ch=0&cr=3&dr=0&lr=all&cd=0%7C0%7C0%7C&cv=1&br=0&bt=0&cs=0&ds=3&ft=IXm7Tod2D12NvotUpWIxR-TNilJG-UjNSbopiX&mime_type=video_mp4&qs=0&rc=cnF8b2hsc2d3SkBwaHIxaDFybndmOmVkZDw0NzloZDM8NTUzO0BpajRlb3U5cm9oNDMzbzczNUBjRl5Nc3FePmJKYSNvYF90aHFmOiMyNjZiMDVfXjMxMjY2MF42YSNgMGRjMmRza29hLS1kMTFzcw%3D%3D&btag=e000b8000&definition=720p&du=17&item_id=7527464715761601814&l=20250718003704FB74BAC5F89F7D1BC0E0&logo_type=tiktok_creator&ply_type=2&policy=eyJ2bSI6MiwiY2siOiJ0dF9jaGFpbl90b2tlbiJ9&sign_params=item_id%2Cuser_text&user_text=diidac.rmm,https://www.tiktok.com/diidac.rmm/video/7527464715761601814,"",22200,1907,3222,676500,"parati‚paratii‚fyp‚lentejas‚torrepacheco","parati‚paratii‚fyp‚lentejas‚torrepacheco","",,"Los ultras llegando a torre   Pacheco ","BLUE,ULTRA HD CAMERA",""
7527352897382649110,7527352897382649110,"mundolatatv","mundoLata",2994,2238,198,https://p16-common-sign-useastred.tiktokcdn-eu.com/tos-useast2a-avt-0068-euttp/1cf066897ec594af62360c2828a496f0~tplv-tiktokx-cropcenter:100:100.jpeg?dr=14579&refresh_token=2cffb20f&x-expires=1752940800&x-signature=sBHXWGxQ6p4PhH63jSAfCIOL9dw%3D&t=4d5b0474&ps=13740610&shp=a5d48078&shcp=81f88b70&idc=maliva,"Esta loca la cosa   #meme #viral #paratiiiiiiiiiiiiiiiiiiiiiiiiiiiiiii #torrepacheco ",Tue Jul 15 2025,1752598424,no,no,"El Toro Guapo",223328941623701504,https://sf16-ies-music-va.tiktokcdn.com/obj/tos-useast2a-ve-2774/191cfb2211ba4f15b112444900191406,https://p16-amd-va.tiktokcdn.com/img/tos-useast2a-v-2774/36f667f59ee14bcbbf12fcdc11b63c27~c5_720x720.jpeg,"El Fary",https://webapp-i18n.tiktok.com/44ba832f3e9aa7f359c9fbf270738d9a/687bc9bb/kmoat/mps/logo/v3/r/p/v24044gl0000d1r8b37og65uqambld1g/47217d7b927f4584baab70afb8a5c172/56f1f510d17e357921b559c46e48ba32/mp4/main.mp4?a=1988&bti=ODszNWYuMDE6&ch=0&cr=3&dr=0&lr=all&cd=0%7C0%7C0%7C&cv=1&br=0&bt=0&cs=0&ds=3&ft=IXm7Tod2D12NvotUpWIxR-TNilJG-UjNSbopiX&mime_type=video_mp4&qs=0&rc=cnF8b2hsc2d3SkBwaHIxaDFybndmNTQ4O2kzZWQ3OGk1ZWc0OkBpamdlZHg5cjY7NDMzbzczNUBjRl5Nc3FePmJKYSNvYF90aHFmOiM0YF5fXjReXzUxNDY0NC8xYSMuaWpuMmQ0X29hLS1kMTFzcw%3D%3D&btag=e000b0000&definition=720p&du=11&item_id=7527352897382649110&l=20250718003704FB74BAC5F89F7D1BC0E0&logo_type=tiktok_creator&ply_type=2&policy=eyJ2bSI6MiwiY2siOiJ0dF9jaGFpbl90b2tlbiJ9&sign_params=item_id%2Cuser_text&user_text=mundolatatv,https://www.tiktok.com/mundolatatv/video/7527352897382649110,"",55100,1473,6828,731600,"meme‚viral‚paratiiiiiiiiiiiiiiiiiiiiiiiiiiiiiii‚torrepacheco","Meme‚Viral‚paratiiiiiiiiiiiiiiiiiiiiiiiiiiiiiii‚torrepacheco","",,"Los moros en Torrepacheco  cuando ven a un   grupo de españoles","BLUE,ULTRA HD CAMERA",""
7527053236692405526,7527053236692405526,"albaannyy_","𝒜𝓁𝒷𝒶",10500,15900,244,https://p77-sign-va.tiktokcdn.com/tos-maliva-avt-0068/9deb42ef426675c51b5aa3f83418ab7c~tplv-tiktokx-cropcenter:100:100.jpeg?dr=14579&refresh_token=8fb50f81&x-expires=1752940800&x-signature=mZPEUjM95a8RvTuOlL2ml76IY%2F4%3D&t=4d5b0474&ps=13740610&shp=a5d48078&shcp=81f88b70&idc=maliva,"#parati #torrepacheco ",Mon Jul 14 2025,1752528655,no,no,"sonido original",7444997306628557624,https://v77.tiktokcdn.com/88b1e3174a2f170d59f5951a5d10a1c8/687a785f/video/tos/useast2a/tos-useast2a-v-27dcd7/oUBRj4AjEiFxMQAgP8zKRBaAqEA2k4AfoBdiBE/?a=1233&bti=ODszNWYuMDE6&ch=0&cr=0&dr=0&er=0&lr=default&cd=0%7C0%7C0%7C0&br=250&bt=125&ds=5&ft=.NpOcInz7Th3RywKXq8Zmo&mime_type=audio_mpeg&qs=13&rc=ajg6d3I5cjt5dzMzNzU8M0Bpajg6d3I5cjt5dzMzNzU8M0BlZGpiMmRzMDVgLS1kMTZzYSNlZGpiMmRzMDVgLS1kMTZzcw%3D%3D&vvpl=1&l=20250718003704FB74BAC5F89F7D1BC0E0&btag=e00048000&cc=13,https://p16-sign-va.tiktokcdn.com/tos-maliva-avt-0068/afc4afa2035e0aa9083431699b2e44a4~tplv-tiktokx-cropcenter:1080:1080.jpeg?dr=14579&refresh_token=aa7f05ff&x-expires=1752940800&x-signature=1XBfWBoSWJSXTHC%2B4xXBBVQw3q0%3D&t=4d5b0474&ps=13740610&shp=a5d48078&shcp=81f88b70&idc=maliva,"Kingdom Music",https://v16-webapp-prime.tiktok.com/video/tos/no1a/tos-no1a-ve-0068c001-no/oAGbA8awMLXQXxMIHZQ7uege6DIReAUAX7jQyA/?a=1988&bti=ODszNWYuMDE6&ch=0&cr=3&dr=0&lr=all&cd=0%7C0%7C0%7C&cv=1&br=2200&bt=1100&cs=0&ds=3&ft=I~da4od2D12NvotUpWIxR-TNilJG-UjNSbopiX&mime_type=video_mp4&qs=0&rc=NjM1N2dmNzY1OzxoZjZkOkBpMzlmdXQ5cmpxNDMzbzczNUAuM2FgYzYzNTMxMjRhLzBhYSNkXi1zMmRzYG5hLS1kMTFzcw%3D%3D&btag=e000b0000&expire=1752943033&l=20250718003704FB74BAC5F89F7D1BC0E0&ply_type=2&policy=2&signature=83666a69ba4b3fee926a78f431b6f4f1&tk=tt_chain_token,https://www.tiktok.com/albaannyy_/video/7527053236692405526,"",3942,102,127,134500,"parati‚torrepacheco","parati‚torrepacheco","",,"30700 📍🩸","BLUE,ULTRA HD CAMERA",""
7527485172451790102,7527485172451790102,"fugitivo2030","fugitivo2030",572,3633,3,https://p77-sign-va.tiktokcdn.com/tos-maliva-avt-0068/46da7073ffc0a06d6f2c41d2f8e4b93e~tplv-tiktokx-cropcenter:100:100.jpeg?dr=14579&refresh_token=71dac543&x-expires=1752940800&x-signature=nq2mEzbYDNfuGFRyXU244WVnFzY%3D&t=4d5b0474&ps=13740610&shp=a5d48078&shcp=81f88b70&idc=maliva,"#🇲🇦 #🇪🇸 #parati #marruecos🇲🇦🇪🇸españa #vox #torrepacheco ",Wed Jul 16 2025,1752629230,no,no,"sonido original",7527485053589392150,https://v77.tiktokcdn.com/a03c7129b5ce56840edee0193ba04346/687a7844/video/tos/no1a/tos-no1a-v-2370-no/o0cbhyAt8SgOafnGTMNDefM0fQsgXhMPRfPw5R/?a=1233&bti=ODszNWYuMDE6&ch=0&cr=0&dr=0&er=0&lr=default&cd=0%7C0%7C0%7C0&br=250&bt=125&ft=.NpOcInz7Th3RywKXq8Zmo&mime_type=audio_mpeg&qs=6&rc=N2Q5M2U3NDRpZjczOWU7NkBpanZ2NnQ5cnZpNDMzbzU8NUAuLzFfNDEuXzMxNS41YDQyYSNqNHAyMmQ0c29hLS1kMTFzcw%3D%3D&vvpl=1&l=20250718003704FB74BAC5F89F7D1BC0E0&btag=e000b8000&cc=13,https://p77-sign-va.tiktokcdn.com/tos-maliva-avt-0068/46da7073ffc0a06d6f2c41d2f8e4b93e~tplv-tiktokx-cropcenter:1080:1080.jpeg?dr=14579&refresh_token=baee743d&x-expires=1752940800&x-signature=%2FSR6cof15JSS9%2BB3XDrxs2V0STk%3D&t=4d5b0474&ps=13740610&shp=a5d48078&shcp=81f88b70&idc=maliva,"fugitivo2030",,https://www.tiktok.com/fugitivo2030/video/7527485172451790102,"",2371,298,438,99400,"🇲🇦‚🇪🇸‚parati‚marruecos🇲🇦🇪🇸españa‚vox‚torrepacheco","🇲🇦‚🇪🇸‚parati‚marruecos🇲🇦🇪🇸españa‚vox‚torrepacheco","",,"","ULTRA HD CAMERA,BLUE",""
7526075620338437398,7526075620338437398,"dominguito.2","Domingo Cucharero Conde",11500,4999,695,https://p77-sign-va.tiktokcdn.com/tos-maliva-avt-0068/ff416abf4123a97408ea7852da1eb47c~tplv-tiktokx-cropcenter:100:100.jpeg?dr=14579&refresh_token=534bdf25&x-expires=1752940800&x-signature=sM9Ok3PTUxfvmN1vRXiwZbqgTLc%3D&t=4d5b0474&ps=13740610&shp=a5d48078&shcp=81f88b70&idc=maliva,"El sexagenario agredido en Torre Pacheco se desmarca de las "cacerías": "yo la violencia no la quiero". Domingo testificaba este viernes ante la Guardia Civil que solamente le pegó un marroquí‚ que otro daba gritos hablando en su idioma y otro cree que le grababa con el teléfono‚ y rechaza las quedadas convocadas en su pueblo para la semana que viene. Domingo dice que no tiene miedo‚ sino "un poco de respeto"‚ por si la situación se repite. Otra vecina cuenta que los ecuatorianos y los negros no son problemáticos‚ pero los marroquíes sí‚ ya que consideran que ésta es su tierra‚ la tierra de sus antepasados.",Sat Jul 12 2025,1752301046,no,no,"sonido original",7526075631788985110,https://v77.tiktokcdn.com/2588821ad524998951475c3634419b9f/687a789b/video/tos/no1a/tos-no1a-v-2370-no/o0gkIwFJACICqwHjLADEI44iTvQAfDDoAfEafA/?a=1233&bti=ODszNWYuMDE6&ch=0&cr=0&dr=0&er=0&lr=default&cd=0%7C0%7C0%7C0&br=250&bt=125&ds=5&ft=.NpOcInz7Th3RywKXq8Zmo&mime_type=audio_mpeg&qs=13&rc=M3Jvcms5cjN5NDMzbzU8NUBpM3Jvcms5cjN5NDMzbzU8NUBgMTZfMmRrcGxhLS1kMTFzYSNgMTZfMmRrcGxhLS1kMTFzcw%3D%3D&vvpl=1&l=20250718003704FB74BAC5F89F7D1BC0E0&btag=e00050000&cc=13,https://p77-sign-va.tiktokcdn.com/tos-maliva-avt-0068/ff416abf4123a97408ea7852da1eb47c~tplv-tiktokx-cropcenter:1080:1080.jpeg?dr=14579&refresh_token=7b210fb1&x-expires=1752940800&x-signature=dkjos2L9dAPXIOTDl4YhQQ8iOYE%3D&t=4d5b0474&ps=13740610&shp=a5d48078&shcp=81f88b70&idc=maliva,"Domingo Cucharero Conde",https://v16-webapp-prime.tiktok.com/video/tos/no1a/tos-no1a-ve-0068-no/ooffhWIPtgGfA4AJQm7RGEMjWQLgGxyIDIzCeV/?a=1988&bti=ODszNWYuMDE6&ch=0&cr=3&dr=0&lr=all&cd=0%7C0%7C0%7C&cv=1&br=640&bt=320&cs=0&ds=3&ft=I~da4od2D12NvotUpWIxR-TNilJG-UjNSbopiX&mime_type=video_mp4&qs=0&rc=NDNmMzY2ZDNoPDNlaGZpNkBpanNyO205cjx5NDMzbzczNUBfNjU0LzE0Xy0xMzVgYS0xYSMyc21sMmQ0b2xhLS1kMTFzcw%3D%3D&btag=e00090000&expire=1752943131&l=20250718003704FB74BAC5F89F7D1BC0E0&ply_type=2&policy=2&signature=07d3346f6e53351548ebdb0b46961fca&tk=tt_chain_token,https://www.tiktok.com/dominguito.2/video/7526075620338437398,"",6602,390,1935,369300,"","","",,"El sexagenario agredido en Torre Pacheco se desmarca de las "cacerías": "yo la violencia no la quiero".","BLUE,ULTRA HD CAMERA",""
7527728872125762838,7527728872125762838,"infsemesp","Sálvame Marrakech 🇲🇦🥖🇫🇷",26500,12800,2653,https://p77-sign-va.tiktokcdn.com/tos-maliva-avt-0068/d13b61b73ce7790d3bf3363dd08bdee1~tplv-tiktokx-cropcenter:100:100.jpeg?dr=14579&refresh_token=7006d27c&x-expires=1752940800&x-signature=9WpJzX92YxUQd%2F53X4cGJyugpBM%3D&t=4d5b0474&ps=13740610&shp=a5d48078&shcp=81f88b70&idc=maliva,"El Batman marrokye está en torri pachico #torrepacheco ",Wed Jul 16 2025,1752685964,no,no,"sonido original",7527728866708671254,https://v16m.tiktokcdn.com/968853a4c0ef4c9ab57a58d1906303f9/687a7867/video/tos/no1a/tos-no1a-v-2370-no/o8GcEyBoFgAE7BJjAEBYfAeC3ODDdFu29kI3JU/?a=1233&bti=ODszNWYuMDE6&ch=0&cr=0&dr=0&er=0&lr=default&cd=0%7C0%7C0%7C0&br=250&bt=125&ds=5&ft=.NpOcInz7Th3RywKXq8Zmo&mime_type=audio_mpeg&qs=13&rc=anhsbXE5cjZ3NDMzbzU8NUBpanhsbXE5cjZ3NDMzbzU8NUBlNWQuMmRrb29hLS1kMTFzYSNlNWQuMmRrb29hLS1kMTFzcw%3D%3D&vvpl=1&l=20250718003704FB74BAC5F89F7D1BC0E0&btag=e00048000&cc=3,https://p77-sign-va.tiktokcdn.com/tos-maliva-avt-0068/d13b61b73ce7790d3bf3363dd08bdee1~tplv-tiktokx-cropcenter:1080:1080.jpeg?dr=14579&refresh_token=cbd64d05&x-expires=1752940800&x-signature=aJ0EyoC4mJFOuthN3zLVgnrBdKY%3D&t=4d5b0474&ps=13740610&shp=a5d48078&shcp=81f88b70&idc=maliva,"Sálvame Marrakech 🇲🇦🥖🇫🇷",https://v16-webapp-prime.tiktok.com/video/tos/no1a/tos-no1a-ve-0068-no/oM77IQrIGerr7DuaAIe7AegwBLRDDQLItRojpv/?a=1988&bti=ODszNWYuMDE6&ch=0&cr=3&dr=0&lr=all&cd=0%7C0%7C0%7C&cv=1&br=566&bt=283&cs=0&ds=3&ft=I~da4od2D12NvotUpWIxR-TNilJG-UjNSbopiX&mime_type=video_mp4&qs=0&rc=ZThkPDg5PGQ1NDhpO2lkNkBpM2d2N245cnd3NDMzbzczNUBeYl8uYWMtXzUxNGJgY15eYSNeLjReMmRjbm9hLS1kMTFzcw%3D%3D&btag=e00088000&expire=1752943079&l=20250718003704FB74BAC5F89F7D1BC0E0&ply_type=2&policy=2&signature=ba45f084aefe10343fc284166ed09a30&tk=tt_chain_token,https://www.tiktok.com/infsemesp/video/7527728872125762838,"",411,74,65,22400,"torrepacheco","torrepacheco","",,"Batman🇲🇦🇪🇸","BLUE,ULTRA HD CAMERA",""
7525990353141337366,7525990353141337366,"universooculto00","UniversoOculto",60400,8708,68,https://p77-sign-va.tiktokcdn.com/tos-maliva-avt-0068/a2162b90368a5bb32fe885ab764779ee~tplv-tiktokx-cropcenter:100:100.jpeg?dr=14579&refresh_token=c3edb400&x-expires=1752940800&x-signature=6rWuYSR4oQWwVsbYTNk50%2F%2Fe3A0%3D&t=4d5b0474&ps=13740610&shp=a5d48078&shcp=81f88b70&idc=maliva,"🚨 CUIDADO en TORRE-PACHECO… esto no es un caso aislado 🇪🇸 #TorrePacheco #UltimaHora #EspañaAlLímite #UniversoOculto   #Inseguridad #LoQueNoSeCuenta #RealidadEspañola #Caos2025",Sat Jul 12 2025,1752281194,no,no,"sonido original",7525990346997582614,https://v77.tiktokcdn.com/afb1e3fd7fefd5ce21156806429c34c0/687a7840/video/tos/no1a/tos-no1a-v-2370-no/oIsHxYrya6U4GQZGAAqABBSgCbRwiPlEBA1iE/?a=1233&bti=ODszNWYuMDE6&ch=0&cr=0&dr=0&er=0&lr=default&cd=0%7C0%7C0%7C0&br=250&bt=125&ds=5&ft=.NpOcInz7Th3RywKXq8Zmo&mime_type=audio_mpeg&qs=13&rc=M248eG85cnV1NDMzbzU8NUBpM248eG85cnV1NDMzbzU8NUBxLTI1MmQ0LWxhLS1kMTFzYSNxLTI1MmQ0LWxhLS1kMTFzcw%3D%3D&vvpl=1&l=20250718003704FB74BAC5F89F7D1BC0E0&btag=e00078000&cc=13,https://p77-sign-va.tiktokcdn.com/tos-maliva-avt-0068/a2162b90368a5bb32fe885ab764779ee~tplv-tiktokx-cropcenter:1080:1080.jpeg?dr=14579&refresh_token=89c6edf5&x-expires=1752940800&x-signature=65bYWRqu1MIT%2BZ5zpiDUeqZckEQ%3D&t=4d5b0474&ps=13740610&shp=a5d48078&shcp=81f88b70&idc=maliva,"UniversoOculto",https://webapp-i18n.tiktok.com/14fa067c282bc27bff9f7619af64cf6a/687bc9c0/kmoat/mps/logo/v3/r/p/v24044gl0000d1oqvh7og65rvus9eqt0/72e9e34e4db246caa3a9e052a0c77e59/b802ca87104463ebd3e8806ea9b36d38/mp4/main.mp4?a=1988&bti=ODszNWYuMDE6&ch=0&cr=3&dr=0&lr=all&cd=0%7C0%7C0%7C&cv=1&br=0&bt=0&cs=0&ds=3&ft=IXm7Tod2D12NvotUpWIxR-TNilJG-UjNSbopiX&mime_type=video_mp4&qs=0&rc=cnF8b2hsc2d3SkBwaHIxaDFybndmPGg6MzUzPDZkOTVnaDY8NUBpM3Q8eHU5cmt0NDMzbzczNUBjRl5Nc3FePmJKYSNvYF90aHFmOiMyNGBeMmJeXmAxXzExYmI0YSNxYnBzMmQ0c2xhLS1kMTFzcw%3D%3D&btag=e000b8000&definition=720p&du=16&item_id=7525990353141337366&l=20250718003704FB74BAC5F89F7D1BC0E0&logo_type=tiktok_creator&ply_type=2&policy=eyJ2bSI6MiwiY2siOiJ0dF9jaGFpbl90b2tlbiJ9&sign_params=item_id%2Cuser_text&user_text=universooculto00,https://www.tiktok.com/universooculto00/video/7525990353141337366,"",21400,1387,3461,590100,"torrepacheco‚ultimahora‚españaallímite‚universooculto‚inseguridad‚loquenosecuenta‚realidadespañola‚caos2025","torrepacheco‚ultimahora‚españaallímite‚universooculto‚inseguridad‚loquenosecuenta‚realidadespañola‚caos2025","",,"","BLUE,ULTRA HD CAMERA",""
7527247308401003798,7527247308401003798,"pablomiranzo","pablomiranzo",2018,845,103,https://p16-sign-va.tiktokcdn.com/tos-maliva-avt-0068/b28353305e722ea9d04b0de44fdf564e~tplv-tiktokx-cropcenter:100:100.jpeg?dr=14579&refresh_token=f29b64f7&x-expires=1752940800&x-signature=yAQdL3rtslRrObZS%2BusSehk4RM0%3D&t=4d5b0474&ps=13740610&shp=a5d48078&shcp=81f88b70&idc=maliva,"Jóvenes de Torre Pacheco se organizan ante las “cacerías de inmigrantes” de grupos ultras que se han desplazado a la zona",Tue Jul 15 2025,1752573842,no,no,"sonido original",7527247348771179286,https://v77.tiktokcdn.com/acb8387a38e0f2fb43fe4697f33b251d/687a7891/video/tos/no1a/tos-no1a-v-2370-no/o4fJ2DgELADEAWAS4xDHIQE67EAekJTUEFfoBi/?a=1233&bti=ODszNWYuMDE6&ch=0&cr=0&dr=0&er=0&lr=default&cd=0%7C0%7C0%7C0&br=250&bt=125&ds=5&ft=.NpOcInz7Th3RywKXq8Zmo&mime_type=audio_mpeg&qs=13&rc=ajZsbnY5cjs1NDMzbzU8NUBpajZsbnY5cjs1NDMzbzU8NUBzajUxMmQ0Y29hLS1kMTFzYSNzajUxMmQ0Y29hLS1kMTFzcw%3D%3D&vvpl=1&l=20250718003704FB74BAC5F89F7D1BC0E0&btag=e00050000&cc=13,https://p77-sign-va.tiktokcdn.com/tos-maliva-avt-0068/b28353305e722ea9d04b0de44fdf564e~tplv-tiktokx-cropcenter:1080:1080.jpeg?dr=14579&refresh_token=019cc389&x-expires=1752940800&x-signature=T4IgvbMshIj7j6ucUH1hj9uBZUQ%3D&t=4d5b0474&ps=13740610&shp=a5d48078&shcp=81f88b70&idc=maliva,"pablomiranzo",https://v16-webapp-prime.tiktok.com/video/tos/no1a/tos-no1a-ve-0068-no/oMERZkoAirBfiO52DFIsYdFp8GQB9gftEKEdbU/?a=1988&bti=ODszNWYuMDE6&ch=0&cr=3&dr=0&lr=all&cd=0%7C0%7C0%7C&cv=1&br=1100&bt=550&cs=0&ds=3&ft=I~da4od2D12NvotUpWIxR-TNilJG-UjNSbopiX&mime_type=video_mp4&qs=0&rc=OjQ3ZzU3OjlkNDk7ODk6OUBpanJwcHA5cm01NDMzbzczNUAxMmI2Li5fXzAxXl8uY2AvYSNwbHNzMmRrYG9hLS1kMTFzcw%3D%3D&btag=e00090000&expire=1752943121&l=20250718003704FB74BAC5F89F7D1BC0E0&ply_type=2&policy=2&signature=b32a454bf111c648f7c05d9c709caea5&tk=tt_chain_token,https://www.tiktok.com/pablomiranzo/video/7527247308401003798,"",11000,574,708,279000,"","","",,"","BLUE,ULTRA HD CAMERA",""
7527522462662167830,7527522462662167830,"hamburguesito98","Jonathan Caras",6706,289,6,https://p77-sign-va.tiktokcdn.com/tos-maliva-avt-0068/79a335378739a31005a0bce0b30826c0~tplv-tiktokx-cropcenter:100:100.jpeg?dr=14579&refresh_token=603bc7e6&x-expires=1752940800&x-signature=%2FNlZ35v%2Fu7zKI%2BXqimLtWdCzWgQ%3D&t=4d5b0474&ps=13740610&shp=a5d48078&shcp=81f88b70&idc=maliva,"#torrepacheco ",Wed Jul 16 2025,1752637911,no,no,"sonido original",7527522407200983830,https://v16m.tiktokcdn.com/8a52a61f1b88bc19aebe18973fb5bba6/687a7852/video/tos/no1a/tos-no1a-v-2370-no/o0buaLHE5OJLQYvQiBFoCQzDg8krQFf7fydU1v/?a=1233&bti=ODszNWYuMDE6&ch=0&cr=0&dr=0&er=0&lr=default&cd=0%7C0%7C0%7C0&br=250&bt=125&ft=.NpOcInz7Th3RywKXq8Zmo&mime_type=audio_mpeg&qs=6&rc=PDw6ZDY0NGQzOTU2O2Q0aUBpM2dxc3E5cnBsNDMzbzU8NUBiX2NiLmAtNS4xMmItYWBeYSNzaWxmMmRrMG9hLS1kMTFzcw%3D%3D&vvpl=1&l=20250718003704FB74BAC5F89F7D1BC0E0&btag=e00088000&cc=3,https://p77-sign-va.tiktokcdn.com/tos-maliva-avt-0068/79a335378739a31005a0bce0b30826c0~tplv-tiktokx-cropcenter:1080:1080.jpeg?dr=14579&refresh_token=0303cf9b&x-expires=1752940800&x-signature=qxFBtyZ7%2BdmL2zc5EGG%2F2pBA0AM%3D&t=4d5b0474&ps=13740610&shp=a5d48078&shcp=81f88b70&idc=maliva,"Jonathan Caras",https://v16-webapp-prime.tiktok.com/video/tos/no1a/tos-no1a-ve-0068-no/oQFdkIAEDdHGyBgVgEfiADQyoFFCJoFEC9fRo3/?a=1988&bti=ODszNWYuMDE6&ch=0&cr=3&dr=0&lr=all&cd=0%7C0%7C0%7C&cv=1&br=4300&bt=2150&cs=0&ds=3&ft=I~da4od2D12NvotUpWIxR-TNilJG-UjNSbopiX&mime_type=video_mp4&qs=0&rc=OjtmZGY1OTVmOWU0ZjloZ0BpamR1O3g5cjNsNDMzbzczNUBhNS8uMTQ2NTUxYzQtMzYvYSNzNTZlMmQ0MG9hLS1kMTFzcw%3D%3D&btag=e00088000&expire=1752943058&l=20250718003704FB74BAC5F89F7D1BC0E0&ply_type=2&policy=2&signature=2c7d017445c0bb5cb021993c9b8bb0ac&tk=tt_chain_token,https://www.tiktok.com/hamburguesito98/video/7527522462662167830,"",957,91,95,35300,"torrepacheco","torrepacheco","",,"","BLUE,ULTRA HD CAMERA",""
7527946230358379798,7527946230358379798,"madriditiss","Madriditiss",508,73,108,https://p77-sign-va.tiktokcdn.com/tos-maliva-avt-0068/ff070bb352df5c2cb3d2aaae77dd9e5b~tplv-tiktokx-cropcenter:100:100.jpeg?dr=14579&refresh_token=ab2ffbc5&x-expires=1752940800&x-signature=4vGsDHmWgWbKiOwETJTbd3oULV8%3D&t=4d5b0474&ps=13740610&shp=a5d48078&shcp=81f88b70&idc=maliva,"ESTA ES LA GENTE DE BIEN SEGUN LOS MEDIOS.. TORRE PACHECO 🤐 #foryour #hoy #parati #torrepacheco #españa #lentejas ",Thu Jul 17 2025,1752736575,no,no,"sonido original",7527946203250674454,https://v77.tiktokcdn.com/e9acf17d363162375f73a49369457057/687a783d/video/tos/no1a/tos-no1a-v-2370-no/o0m4BENEAjT0AEFEKDFQEoBDAuI8ALE0fKeoeu/?a=1233&bti=ODszNWYuMDE6&ch=0&cr=0&dr=0&er=0&lr=default&cd=0%7C0%7C0%7C0&br=252&bt=126&ds=5&ft=.NpOcInz7ThbRywKXq8Zmo&mime_type=audio_mpeg&qs=13&rc=Mzk8N3E5cmpkNDMzbzU8NUBpMzk8N3E5cmpkNDMzbzU8NUBrcWMuMmRjM3BhLS1kMTFzYSNrcWMuMmRjM3BhLS1kMTFzcw%3D%3D&vvpl=1&l=2025071800370766B40C0A7D023D1E13C0&btag=e00070000&cc=13,https://p77-sign-va.tiktokcdn.com/tos-maliva-avt-0068/ff070bb352df5c2cb3d2aaae77dd9e5b~tplv-tiktokx-cropcenter:1080:1080.jpeg?dr=14579&refresh_token=7deab659&x-expires=1752940800&x-signature=BCkqXc6NkGKsfKpcwpvJmrZMqKc%3D&t=4d5b0474&ps=13740610&shp=a5d48078&shcp=81f88b70&idc=maliva,"Madriditiss",https://v16-webapp-prime.tiktok.com/video/tos/no1a/tos-no1a-ve-0068-no/os1GoaiE4sv5IRAJZBiYBvZBBQHiE0TOiBpJP/?a=1988&bti=ODszNWYuMDE6&ch=0&cr=3&dr=0&lr=all&cd=0%7C0%7C0%7C&cv=1&br=1758&bt=879&cs=0&ds=3&ft=4fUEKMUm8Zmo0glv5I4jVd-f-pWrKsd.&mime_type=video_mp4&qs=0&rc=aWdlZTwzZmg1OzM4ZjxlNkBpam83bHM5cmZkNDMzbzczNUA0M2MzMjU1NWMxMzFeMzMxYSNrYTY2MmQ0MnBhLS1kMTFzcw%3D%3D&btag=e000b0000&expire=1752943037&l=2025071800370766B40C0A7D023D1E13C0&ply_type=2&policy=2&signature=61efa72780eb1f205cf82ba3f7eb162a&tk=tt_chain_token,https://www.tiktok.com/madriditiss/video/7527946230358379798,"",553,121,28,12100,"foryour‚hoy‚parati‚torrepacheco‚españa‚lentejas","foryour‚hoy‚parati‚torrepacheco‚españa‚lentejas","",,"TORRE PACHECO ESTA ES LA GENTE DE BIEN SEGUN LOS MEDIOS DE COMUNICACIÓN 🤐","IPHONE EVENING CAPTURE",""
7527449162309307670,7527449162309307670,"reflexion_urbana","Reflexión Urbana",228,135,7,https://p16-sign-useast2a.tiktokcdn.com/tos-useast2a-avt-0068-euttp/748e189cb553828103e3996edaa9ae82~tplv-tiktokx-cropcenter:100:100.jpeg?dr=14579&refresh_token=ae753908&x-expires=1752940800&x-signature=9LLOwq9%2FM3F2Mmj6e2yI1lJD5mw%3D&t=4d5b0474&ps=13740610&shp=a5d48078&shcp=81f88b70&idc=maliva,"Mientras tanto se está cocinando el control del poder judicial....",Wed Jul 16 2025,1752620842,no,no,"sonido original",7527449162577611522,https://v77.tiktokcdn.com/b02574496f98c47053a200260c985dd6/687a7898/video/tos/no1a/tos-no1a-v-2370-no/ocvoKA2iEyLvgfBA3wA26EAOEBK0cwBHpLyCiA/?a=1233&bti=ODszNWYuMDE6&ch=0&cr=0&dr=0&er=0&lr=default&cd=0%7C0%7C0%7C0&br=250&bt=125&ds=5&ft=.NpOcInz7ThbRywKXq8Zmo&mime_type=audio_mpeg&qs=13&rc=MztsNWo5cmVnNDMzbzU8NUBpMztsNWo5cmVnNDMzbzU8NUAtLm8yMmRrcm9hLS1kMTFzYSMtLm8yMmRrcm9hLS1kMTFzcw%3D%3D&vvpl=1&l=2025071800370766B40C0A7D023D1E13C0&btag=e00050000&cc=13,https://p16-sign-useast2a.tiktokcdn.com/tos-useast2a-avt-0068-euttp/748e189cb553828103e3996edaa9ae82~tplv-tiktokx-cropcenter:1080:1080.jpeg?dr=14579&refresh_token=ae2e5f90&x-expires=1752940800&x-signature=PezY4BLfRis9m%2FJ%2FXmOtTVUDFwQ%3D&t=4d5b0474&ps=13740610&shp=a5d48078&shcp=81f88b70&idc=maliva,"Reflexión Urbana",https://v16-webapp-prime.tiktok.com/video/tos/no1a/tos-no1a-ve-0068c001-no/oAjDzFLhQ5ffl87DzQNaApI3D6IIEKfZDbEhEA/?a=1988&bti=ODszNWYuMDE6&ch=0&cr=3&dr=0&lr=all&cd=0%7C0%7C0%7C&cv=1&br=1788&bt=894&cs=0&ds=3&ft=4fUEKMUm8Zmo0glv5I4jVd-f-pWrKsd.&mime_type=video_mp4&qs=0&rc=ZTYzOTRoNzM4OTgzNzlnZEBpajRteXg5cnlnNDMzbzczNUAuNC5hM2NjNTAxLzFgLjJfYSNoczItMmRzcG9hLS1kMTFzcw%3D%3D&btag=e00090000&expire=1752943128&l=2025071800370766B40C0A7D023D1E13C0&ply_type=2&policy=2&signature=06ed5cb97517dd1839160242ae2d9245&tk=tt_chain_token,https://www.tiktok.com/reflexion_urbana/video/7527449162309307670,"",305,53,114,19200,"","","",,"ESTO NO LO VERAS EN LOS MEDIOS‚📍  Torre Pacheco ","IPHONE EVENING CAPTURE",""
7526303285993671958,7526303285993671958,"gobierno_espana","EspañistaN TV 🇪🇸",6414,3322,849,https://p77-sign-va.tiktokcdn.com/tos-maliva-avt-0068/a4272c4c00b0c0d6ccd9ff23dcb4ae39~tplv-tiktokx-cropcenter:100:100.jpeg?dr=14579&refresh_token=1e946bf7&x-expires=1752940800&x-signature=6Md8PUsHpz0RPgEnGnlifYgAwjA%3D&t=4d5b0474&ps=13740610&shp=a5d48078&shcp=81f88b70&idc=maliva,"Jóvenes menas de torrepacheco se acercan a reírse de la manifestación en contra de la violencia delante de la policía salen corriendo uno de ellos es protegido por la policía #viral #torrepacheco #españistantv #parati #murcia #casoaislado #marlaska ",Sat Jul 12 2025,1752354043,no,no,"sonido original",7526303286625438486,https://v77.tiktokcdn.com/45bbbbccc4080dcf42ea94768e04bdf9/687a785e/video/tos/no1a/tos-no1a-v-2370-no/o8ycDASKEEXBPy7vxBEAhSB0AGHiiCfWAwmZzO/?a=1233&bti=ODszNWYuMDE6&ch=0&cr=0&dr=0&er=0&lr=default&cd=0%7C0%7C0%7C0&br=250&bt=125&ds=5&ft=.NpOcInz7ThbRywKXq8Zmo&mime_type=audio_mpeg&qs=13&rc=ajY8cms5cnlmNDMzbzU8NUBpajY8cms5cnlmNDMzbzU8NUAwbF5fMmRrbW1hLS1kMTFzYSMwbF5fMmRrbW1hLS1kMTFzcw%3D%3D&vvpl=1&l=2025071800370766B40C0A7D023D1E13C0&btag=e00048000&cc=13,https://p77-sign-va.tiktokcdn.com/tos-maliva-avt-0068/a4272c4c00b0c0d6ccd9ff23dcb4ae39~tplv-tiktokx-cropcenter:1080:1080.jpeg?dr=14579&refresh_token=fca48148&x-expires=1752940800&x-signature=vGnfH2nMxqeokg1jCbVwfQGrXLA%3D&t=4d5b0474&ps=13740610&shp=a5d48078&shcp=81f88b70&idc=maliva,"EspañistaN TV 🇪🇸",https://v16-webapp-prime.tiktok.com/video/tos/no1a/tos-no1a-ve-0068c001-no/okGtQfyNBCh0iv7CYyi3WtIROAyEGvSwxwIOWA/?a=1988&bti=ODszNWYuMDE6&ch=0&cr=3&dr=0&lr=all&cd=0%7C0%7C0%7C&cv=1&br=2588&bt=1294&cs=0&ds=3&ft=4fUEKMUm8Zmo0glv5I4jVd-f-pWrKsd.&mime_type=video_mp4&qs=0&rc=ZDg1ZjdpOGk3Njg0ZDdpPEBpamxnNms5cmZmNDMzbzczNUBfNmJgMS1hX2IxLzIyLTBgYSNrMmMwMmRjam1hLS1kMTFzcw%3D%3D&btag=e00088000&expire=1752943070&l=2025071800370766B40C0A7D023D1E13C0&ply_type=2&policy=2&signature=f86f79f3d0b3e756c6af3d6fb7e346ba&tk=tt_chain_token,https://www.tiktok.com/gobierno_espana/video/7526303285993671958,"",6458,808,852,546400,"viral‚torrepacheco‚españistantv‚parati‚murcia‚casoaislado‚marlaska","Viral‚torrepacheco‚españistantv‚parati‚murcia‚casoaislado‚marlaska","",,"VACILANDO Y PROTEGIDO ","IPHONE EVENING CAPTURE",""
7527416855242296598,7527416855242296598,"hamburguesito98","Jonathan Caras",6706,289,6,https://p77-sign-va.tiktokcdn.com/tos-maliva-avt-0068/79a335378739a31005a0bce0b30826c0~tplv-tiktokx-cropcenter:100:100.jpeg?dr=14579&refresh_token=603bc7e6&x-expires=1752940800&x-signature=%2FNlZ35v%2Fu7zKI%2BXqimLtWdCzWgQ%3D&t=4d5b0474&ps=13740610&shp=a5d48078&shcp=81f88b70&idc=maliva,"Malaska expulsa a vito quiles de torrepacheco #torrepacheco ",Tue Jul 15 2025,1752613316,no,no,"sonido original",7527416847717894935,https://v77.tiktokcdn.com/33dc0e7f668611567e54220bc17ad5fb/687a7861/video/tos/no1a/tos-no1a-v-2370-no/oIBOyEjEBQwD2AwmwifcBdAAGigbA0CK52PEU2/?a=1233&bti=ODszNWYuMDE6&ch=0&cr=0&dr=0&er=0&lr=default&cd=0%7C0%7C0%7C0&br=250&bt=125&ds=5&ft=.NpOcInz7ThbRywKXq8Zmo&mime_type=audio_mpeg&qs=13&rc=ajkzOXA5cmtmNDMzbzU8NUBpajkzOXA5cmtmNDMzbzU8NUA0YW5kMmRzMG9hLS1kMTFzYSM0YW5kMmRzMG9hLS1kMTFzcw%3D%3D&vvpl=1&l=2025071800370766B40C0A7D023D1E13C0&btag=e00048000&cc=13,https://p77-sign-va.tiktokcdn.com/tos-maliva-avt-0068/79a335378739a31005a0bce0b30826c0~tplv-tiktokx-cropcenter:1080:1080.jpeg?dr=14579&refresh_token=0303cf9b&x-expires=1752940800&x-signature=qxFBtyZ7%2BdmL2zc5EGG%2F2pBA0AM%3D&t=4d5b0474&ps=13740610&shp=a5d48078&shcp=81f88b70&idc=maliva,"Jonathan Caras",https://v16-webapp-prime.tiktok.com/video/tos/no1a/tos-no1a-ve-0068-no/owXYiQGNQLAII4D7egIIe0IXL8YRejy2QQipAZ/?a=1988&bti=ODszNWYuMDE6&ch=0&cr=3&dr=0&lr=all&cd=0%7C0%7C0%7C&cv=1&br=4318&bt=2159&cs=0&ds=3&ft=4fUEKMUm8Zmo0glv5I4jVd-f-pWrKsd.&mime_type=video_mp4&qs=0&rc=Z2U5OjMzZTo4NGg5aGU5M0Bpajlsd3k5cjRmNDMzbzczNUA0YTAzMF80Xy4xYWItNS4xYSNjYC4vMmRrL29hLS1kMTFzcw%3D%3D&btag=e00088000&expire=1752943073&l=2025071800370766B40C0A7D023D1E13C0&ply_type=2&policy=2&signature=e2358f0f854eb71396ef3ddd90435873&tk=tt_chain_token,https://www.tiktok.com/hamburguesito98/video/7527416855242296598,"",50300,1831,1610,620200,"torrepacheco","torrepacheco","",,"","IPHONE EVENING CAPTURE",""
7527251696947367190,7527251696947367190,"erkoketasban","koketasunbanned",2899,182,48,https://p16-sign-useast2a.tiktokcdn.com/tos-useast2a-avt-0068-euttp/69151d595f66d36b0162702a9289af40~tplv-tiktokx-cropcenter:100:100.jpeg?dr=14579&refresh_token=b7a7d848&x-expires=1752940800&x-signature=LY1Qnf3MGJojQNGDG5XC4pZ%2FMtk%3D&t=4d5b0474&ps=13740610&shp=a5d48078&shcp=81f88b70&idc=maliva,"REPORTAJE DE OKDIARIO MUESTRA LO SUCEDIDO LA PASADA NOCHE DEL 15/07 en TORREPACHECO ‼️ #politica #torrepacheco #vox #abascal #nucleonacional ",Tue Jul 15 2025,1752574863,no,no,"sonido original",7527251688701430530,https://v77.tiktokcdn.com/2fcfc85d33b6d816e32e0a3a13aa055f/687a78a8/video/tos/no1a/tos-no1a-v-2370-no/oYyBqAqAiB0AE5iw0MuBQKxf4X6EAJKO2EClR2/?a=1233&bti=ODszNWYuMDE6&ch=0&cr=0&dr=0&er=0&lr=default&cd=0%7C0%7C0%7C0&br=250&bt=125&ds=5&ft=.NpOcInz7ThbRywKXq8Zmo&mime_type=audio_mpeg&qs=13&rc=M2g2N3Q5cjc1NDMzbzU8NUBpM2g2N3Q5cjc1NDMzbzU8NUBpYV5wMmRza29hLS1kMTFzYSNpYV5wMmRza29hLS1kMTFzcw%3D%3D&vvpl=1&l=2025071800370766B40C0A7D023D1E13C0&btag=e00050000&cc=13,https://p16-sign-useast2a.tiktokcdn.com/tos-useast2a-avt-0068-euttp/69151d595f66d36b0162702a9289af40~tplv-tiktokx-cropcenter:1080:1080.jpeg?dr=14579&refresh_token=31f804fd&x-expires=1752940800&x-signature=SW4vUfygMOSDb2SxPVA%2BjPYE%2F84%3D&t=4d5b0474&ps=13740610&shp=a5d48078&shcp=81f88b70&idc=maliva,"koketasunbanned",https://v16-webapp-prime.tiktok.com/video/tos/no1a/tos-no1a-ve-0068c001-no/owK0TiDCiEdIwLOjx2fVBH7AIc2Q0BydCQ87As/?a=1988&bti=ODszNWYuMDE6&ch=0&cr=3&dr=0&lr=all&cd=0%7C0%7C0%7C&cv=1&br=1044&bt=522&cs=0&ds=3&ft=4fUEKMUm8Zmo0glv5I4jVd-f-pWrKsd.&mime_type=video_mp4&qs=0&rc=NWYzOjY1Nzs8NzU6OGk0Z0Bpam1wd245cnc1NDMzbzczNUAuXl8zYV4yNV4xYF41M14uYSMtM2cuMmRzaW9hLS1kMTFzcw%3D%3D&btag=e00090000&expire=1752943144&l=2025071800370766B40C0A7D023D1E13C0&ply_type=2&policy=2&signature=f9e9bfd5f122acf291a5a3bc0e8b2b33&tk=tt_chain_token,https://www.tiktok.com/erkoketasban/video/7527251696947367190,"",3146,367,1270,169100,"politica‚torrepacheco‚vox‚abascal‚nucleonacional","politica‚torrepacheco‚vox‚abascal‚nucleonacional","",,"REPORTAJE OKDIARIO MUESTRA LO SUCEDIDO ESTÁ NOCHE EN TORREPACHECO ‼️‼️🇲🇦‚LA TENSIÓN CONTINÚA ESTA NOCHE 🔥🧨","IPHONE EVENING CAPTURE",""
7526944997745167638,7526944997745167638,"e46_328","[00=[][]=00]  328",1159,1746,72,https://p77-sign-va.tiktokcdn.com/tos-maliva-avt-0068/c38565687fdfd7583aad714c4168c585~tplv-tiktokx-cropcenter:100:100.jpeg?dr=14579&refresh_token=776ab3de&x-expires=1752940800&x-signature=%2FbCVWknlngA2XQLjoGlEQT29iYM%3D&t=4d5b0474&ps=13740610&shp=a5d48078&shcp=81f88b70&idc=maliva,"torre pacheco #torrepacheco ‚",Mon Jul 14 2025,1752503454,no,no,"sonido original",7526944998287641366,https://v77.tiktokcdn.com/78a14702e1ba794ddbae5cce3518db26/687a783b/video/tos/no1a/tos-no1a-v-2370-no/oIGQmAGF1BFeJAMf1cVfQ8fIAFcLEQhCWEAJJ1/?a=1233&bti=ODszNWYuMDE6&ch=0&cr=0&dr=0&er=0&lr=default&cd=0%7C0%7C0%7C0&br=252&bt=126&ds=5&ft=.NpOcInz7ThbRywKXq8Zmo&mime_type=audio_mpeg&qs=13&rc=am92bXE5cjprNDMzbzU8NUBpam92bXE5cjprNDMzbzU8NUAvMnMwMmRzNm5hLS1kMTFzYSMvMnMwMmRzNm5hLS1kMTFzcw%3D%3D&vvpl=1&l=2025071800370766B40C0A7D023D1E13C0&btag=e00070000&cc=13,https://p77-sign-va.tiktokcdn.com/tos-maliva-avt-0068/c38565687fdfd7583aad714c4168c585~tplv-tiktokx-cropcenter:1080:1080.jpeg?dr=14579&refresh_token=5e602104&x-expires=1752940800&x-signature=98qsxGRZm0%2FpOZONtuhivKmam14%3D&t=4d5b0474&ps=13740610&shp=a5d48078&shcp=81f88b70&idc=maliva,"[00=[][]=00]  328",,https://www.tiktok.com/e46_328/video/7526944997745167638,"",300,16,135,80300,"torrepacheco","torrepacheco","",,"se muere por que casi la dan una pasada...sibla llegan a dar de verdad se muere 🤣🤣🤣","IPHONE EVENING CAPTURE",""
7527324716772691222,7527324716772691222,"zona_cero10","zona cero",460,300,16,https://p77-sign-va.tiktokcdn.com/tos-maliva-avt-0068/edfe74402390ded95f861f332f53afe4~tplv-tiktokx-cropcenter:100:100.jpeg?dr=14579&refresh_token=4b3e293b&x-expires=1752940800&x-signature=s7wShhcs5MHBbHE2QM%2F%2BlyVm3qY%3D&t=4d5b0474&ps=13740610&shp=a5d48078&shcp=81f88b70&idc=maliva,"detenido y en prision el que prwsuntamente es el tercero de los implicados #noticias #detencion #policia #manifestation #torrepacheco #videoviral #prision #paisvasco ",Tue Jul 15 2025,1752591865,no,no,"original sound",7385272529281174314,https://v77.tiktokcdn.com/fcf21f85ac990c016dcad52aedbb7c8f/687a7848/video/tos/useast5/tos-useast5-v-27dcd7-tx/okKGLFe04Q9NfRS9IFIkIeOBIweMZMJNCOpmAd/?a=1233&bti=ODszNWYuMDE6&ch=0&cr=0&dr=0&er=0&lr=default&cd=0%7C0%7C0%7C0&br=250&bt=125&ft=.NpOcInz7ThbRywKXq8Zmo&mime_type=audio_mpeg&qs=6&rc=OzwzOGU2Mzc0aTQ2ZDtmOkBpM3l3ank5cmp2czMzZzU8NEA0X181Mi82XzIxYmExLjBfYSM0Nm9iMmQ0MXJgLS1kMS9zcw%3D%3D&vvpl=1&l=2025071800370766B40C0A7D023D1E13C0&btag=e000b8000&cc=13,https://p16-sign-va.tiktokcdn.com/tos-maliva-avt-0068/7347713990237093934~tplv-tiktokx-cropcenter:1080:1080.jpeg?dr=14579&refresh_token=714bdc38&x-expires=1752940800&x-signature=W3pCUUGIDmg5fw02OXl5Z%2BmTuhE%3D&t=4d5b0474&ps=13740610&shp=a5d48078&shcp=81f88b70&idc=maliva,"Hi-Fi Productions",https://v16-webapp-prime.tiktok.com/video/tos/no1a/tos-no1a-ve-0068c001-no/o0IIA69lCBlO4yn23EitwXEiIA11Q74fCBA00z/?a=1988&bti=ODszNWYuMDE6&ch=0&cr=3&dr=0&lr=all&cd=0%7C0%7C0%7C&cv=1&br=2472&bt=1236&cs=0&ds=3&ft=4fUEKMUm8Zmo0glv5I4jVd-f-pWrKsd.&mime_type=video_mp4&qs=0&rc=cnF8b2hsc2d3SkBwaHIxaDFybndmPGk4N2ZkZTxnNzM0M2k8OkBpM3c1PG85cnY5NDMzbzczNUBjRl5Nc3FePmJKYSNvYF90aHFmOiMtLTYtMzZhXl8xYDI0Xl80YSMvY2MxMmRja29hLS1kMTFzcw%3D%3D&btag=e000b0000&expire=1752943040&l=2025071800370766B40C0A7D023D1E13C0&ply_type=2&policy=2&signature=cb6372789e5c4d9f64a268400aab1642&tk=tt_chain_token,https://www.tiktok.com/zona_cero10/video/7527324716772691222,"",1522,169,112,196000,"noticias‚detencion‚policia‚manifestation‚torrepacheco‚videoviral‚prision‚paisvasco","noticias‚detencion‚policia‚manifestation‚torrepacheco‚videoviral‚prision‚paisvasco","",,"detenido y en prisión provisional el que presuntamente seria el tercer implicado en la paliza a un anciano en torrepacheco ‚se le ha arrestado en el pais vasco y se cree que estaba huyendo hacia francia ","IPHONE EVENING CAPTURE",""
7526271048627670294,7526271048627670294,"rafaescalonaf","Rafael Alejandro Escalona",14900,1573,428,https://p16-sign-useast2a.tiktokcdn.com/tos-useast2a-avt-0068-euttp/8fa5686bfa1a9cf5f631a3d82a32a038~tplv-tiktokx-cropcenter:100:100.jpeg?dr=14579&refresh_token=e26d2636&x-expires=1752940800&x-signature=F7Of4K%2B9cZvMBz%2FIOy8n2AAipJw%3D&t=4d5b0474&ps=13740610&shp=a5d48078&shcp=81f88b70&idc=maliva,"Javier Martínez lo deja claro en Torre Pacheco cada vez más jóvenes patriotas alzan la voz contra las injusticias del gobierno y los periodistas subvencionados. ",Sat Jul 12 2025,1752346536,no,no,"sonido original",7526271030924102422,https://v77.tiktokcdn.com/529ad461b6696bf0b2ff0ef1037531aa/687a7884/video/tos/no1a/tos-no1a-v-2370-no/owIDLA3AEBaAE6FAQu3EbrVf3eoTDro5yELPPe/?a=1233&bti=ODszNWYuMDE6&ch=0&cr=0&dr=0&er=0&lr=default&cd=0%7C0%7C0%7C0&br=250&bt=125&ds=5&ft=.NpOcInz7ThbRywKXq8Zmo&mime_type=audio_mpeg&qs=13&rc=anFxc245cmRkNDMzbzU8NUBpanFxc245cmRkNDMzbzU8NUAycXFhMmRzc21hLS1kMTFzYSMycXFhMmRzc21hLS1kMTFzcw%3D%3D&vvpl=1&l=2025071800370766B40C0A7D023D1E13C0&btag=e00050000&cc=13,https://p16-sign-useast2a.tiktokcdn.com/tos-useast2a-avt-0068-euttp/8fa5686bfa1a9cf5f631a3d82a32a038~tplv-tiktokx-cropcenter:1080:1080.jpeg?dr=14579&refresh_token=fa2413d5&x-expires=1752940800&x-signature=KBVf76UmUXTysOzwjGz4%2FOiq2Qg%3D&t=4d5b0474&ps=13740610&shp=a5d48078&shcp=81f88b70&idc=maliva,"Rafael Alejandro Escalona",,https://www.tiktok.com/rafaescalonaf/video/7526271048627670294,"",25400,848,1253,404200,"","","",,"Este chaval lo deja claro en Torre Pacheco cada vez más jóvenes patriotas alzan la voz contra las injusticias del gobierno y los periodistas subvencionados. ","IPHONE EVENING CAPTURE",""
7527800612788997398,7527800612788997398,"africapirata","Africa",11000,4220,605,https://p16-sign-va.tiktokcdn.com/tos-maliva-avt-0068/b97a9c6e1989dafbd7022d3fb3a33508~tplv-tiktokx-cropcenter:100:100.jpeg?dr=14579&refresh_token=08db9033&x-expires=1752940800&x-signature=kqDtn3KatoMGaJU7GFng7s%2FX598%3D&t=4d5b0474&ps=13740610&shp=a5d48078&shcp=81f88b70&idc=maliva,"Vox salvará a España 🇪🇸 #vox #avascal #gitanos #torrepacheco #murcia #viralvideo🔥 #racismo ",Wed Jul 16 2025,1752702666,no,no,"sonido original",7527800590598507286,https://v77.tiktokcdn.com/c0c5a5e111131f951d3ba1afee8147d7/687a7862/video/tos/no1a/tos-no1a-v-2370-no/o0yAPGFBBAjBuj7oAAAEsmf9KsCi4Hi0wE7EU0/?a=1233&bti=ODszNWYuMDE6&ch=0&cr=0&dr=0&er=0&lr=default&cd=0%7C0%7C0%7C0&br=250&bt=125&ds=5&ft=.NpOcInz7ThbRywKXq8Zmo&mime_type=audio_mpeg&qs=13&rc=amZna3U5cm00NDMzbzU8NUBpamZna3U5cm00NDMzbzU8NUBxNmBlMmRjcXBhLS1kMTFzYSNxNmBlMmRjcXBhLS1kMTFzcw%3D%3D&vvpl=1&l=2025071800370766B40C0A7D023D1E13C0&btag=e00048000&cc=13,https://p77-sign-va.tiktokcdn.com/tos-maliva-avt-0068/b97a9c6e1989dafbd7022d3fb3a33508~tplv-tiktokx-cropcenter:1080:1080.jpeg?dr=14579&refresh_token=aaaff683&x-expires=1752940800&x-signature=vTEzBtWZ7vyaL8ka6%2B4qyijnAQA%3D&t=4d5b0474&ps=13740610&shp=a5d48078&shcp=81f88b70&idc=maliva,"Africa",https://v16-webapp-prime.tiktok.com/video/tos/no1a/tos-no1a-ve-0068c001-no/o4a4PAEjdIYHDBZGrJinciVQEEKOBMLBgk3DC/?a=1988&bti=ODszNWYuMDE6&ch=0&cr=3&dr=0&lr=all&cd=0%7C0%7C0%7C&cv=1&br=1420&bt=710&cs=0&ds=3&ft=4fUEKMUm8Zmo0glv5I4jVd-f-pWrKsd.&mime_type=video_mp4&qs=0&rc=ZmQ7OWU7ZDw7Nzo6ZTYzN0BpajZ0bXE5cmY0NDMzbzczNUAzXjJjNTQvX14xX15iMWEtYSMuY2QuMmQ0bHBhLS1kMTFzcw%3D%3D&btag=e00088000&expire=1752943074&l=2025071800370766B40C0A7D023D1E13C0&ply_type=2&policy=2&signature=5aeb258f93e8d2fb3a6270b7e9c5fa24&tk=tt_chain_token,https://www.tiktok.com/africapirata/video/7527800612788997398,"",73,21,7,5297,"vox‚avascal‚gitanos‚torrepacheco‚murcia‚viralvideo🔥‚racismo","vox‚avascal‚gitanos‚torrepacheco‚murcia‚viralvideo🔥‚racismo","",,"","IPHONE EVENING CAPTURE",""
7525831723377085718,7525831723377085718,"laloylos7","Lalo y los 7 ( oficial )",169800,36700,669,https://p16-sign-va.tiktokcdn.com/tos-maliva-avt-0068/7bb3aa6b6554c575095b2590031f8dbc~tplv-tiktokx-cropcenter:100:100.jpeg?dr=14579&refresh_token=480704a1&x-expires=1752940800&x-signature=3087wELQErexzFuv7eP%2F4TSvBEk%3D&t=4d5b0474&ps=13740610&shp=a5d48078&shcp=81f88b70&idc=maliva,"#viral #tiktok #parati ",Fri Jul 11 2025,1752244249,no,no,"Epic Inspiration",7116400670005872641,https://sf16-ies-music-va.tiktokcdn.com/obj/tos-useast2a-ve-2774/oMzDFB534tuwvcvPIQB9EfgXQiDmnMCHFBeZgS,https://p16-amd-va.tiktokcdn.com/img/tos-useast2a-v-2774/oYzDQDLaFyAE3AoPlSgFE6eeECufAAv5yADLam~c5_720x720.jpeg,"DM Production",https://v16-webapp-prime.tiktok.com/video/tos/no1a/tos-no1a-ve-0068c001-no/oklGiFAiaIk05RQgb8EcHeERvOI5BfzBkClonx/?a=1988&bti=ODszNWYuMDE6&ch=0&cr=3&dr=0&lr=all&cd=0%7C0%7C0%7C&cv=1&br=1396&bt=698&cs=0&ds=3&ft=4fUEKMUm8Zmo0glv5I4jVd-f-pWrKsd.&mime_type=video_mp4&qs=0&rc=NjdlNWVpZzo1ZzYzOzc8Z0BpMzpvc245cnZrNDMzbzczNUAtNTZfMS0wX2IxLjMxNjItYSM0aHBhMmRzcmxhLS1kMTFzcw%3D%3D&btag=e00090000&expire=1752943105&l=2025071800370766B40C0A7D023D1E13C0&ply_type=2&policy=2&signature=15a09347c928ef07d7743e629cfbdc71&tk=tt_chain_token,https://www.tiktok.com/laloylos7/video/7525831723377085718,"",45600,3418,2369,1000000,"viral‚tiktok‚parati","Viral‚tiktok‚parati","",,"Todos somos este señor todos somos Torre Pacheco‚Lalo y los 7 solos Torre Pacheco ","IPHONE EVENING CAPTURE",""
7527621377466060054,7527621377466060054,"laguaridadelcrapula","laguaridadelcrapula",20800,6011,332,https://p16-sign-useast2a.tiktokcdn.com/tos-useast2a-avt-0068-euttp/cf5626783921fac954576f2ea3ed27e1~tplv-tiktokx-cropcenter:100:100.jpeg?dr=14579&refresh_token=186b9fe1&x-expires=1752940800&x-signature=UoIhwLa2%2BlziIUl7nSJgFnNhCNU%3D&t=4d5b0474&ps=13740610&shp=a5d48078&shcp=81f88b70&idc=maliva,"Que no te engañen‚ los españoles no somos racistas... #torrepacheco #torrepacheco🇪🇦 #españa ",Wed Jul 16 2025,1752660936,no,no,"Echo Sax End",7338835690480273409,https://sf16-ies-music-va.tiktokcdn.com/obj/tos-useast2a-ve-2774/o0enu2ak1CnsOZy4gIFDGRQDJfNgNoEEBtBUYM,https://p16-amd-va.tiktokcdn.com/img/tos-useast2a-v-2774/owr2DAbUREvqi7EWHAu8wZYijAVABA0vSFAsq~c5_720x720.jpeg,"Caleb Arredondo",https://v16-webapp-prime.tiktok.com/video/tos/no1a/tos-no1a-ve-0068-no/owDjGIAfQvQgcAIAIDuWRILCY7qlfLevrpA4Zt/?a=1988&bti=ODszNWYuMDE6&ch=0&cr=3&dr=0&lr=all&cd=0%7C0%7C0%7C&cv=1&br=1822&bt=911&cs=0&ds=3&ft=4fUEKMUm8Zmo0glv5I4jVd-f-pWrKsd.&mime_type=video_mp4&qs=0&rc=aDk1NzozNjg6OTM0NzdoaEBpajt4d3Q5cmdxNDMzbzczNUBeYWIuNC00NWMxYTI0YC0xYSNucGVxMmRram9hLS1kMTFzcw%3D%3D&btag=e000b0000&expire=1752943038&l=2025071800370766B40C0A7D023D1E13C0&ply_type=2&policy=2&signature=ea9d76ee49e989efa954cb926d9e0688&tk=tt_chain_token,https://www.tiktok.com/laguaridadelcrapula/video/7527621377466060054,"",621,100,75,19400,"torrepacheco‚torrepacheco🇪🇦‚españa","torrepacheco‚torrepacheco🇪🇦‚españa","",,"","IPHONE EVENING CAPTURE",""
7527400138910764310,7527400138910764310,"rememberhita","HITA Remember",36200,50000,1594,https://p77-sign-va.tiktokcdn.com/tos-maliva-avt-0068/61c15ee43b8d6718acb59b9f5e1ef35d~tplv-tiktokx-cropcenter:100:100.jpeg?dr=14579&refresh_token=cd514039&x-expires=1752940800&x-signature=KJivS%2FFAq4w%2FnWD4B3tQKTQDJho%3D&t=4d5b0474&ps=13740610&shp=a5d48078&shcp=81f88b70&idc=maliva,"Roncero se emociona con la gente de Torre Pacheco  #murcia #españa #torrepacheco ",Tue Jul 15 2025,1752609423,no,no,"sonido original",7527400113136880406,https://v77.tiktokcdn.com/0cb229a36a512457154f3cbbe269f8f4/687a784a/video/tos/no1a/tos-no1a-v-2370-no/owBFKpDLFACSds2sAJu3CBLUe2qEEkAfgor2XE/?a=1233&bti=ODszNWYuMDE6&ch=0&cr=0&dr=0&er=0&lr=default&cd=0%7C0%7C0%7C0&br=250&bt=125&ds=5&ft=.NpOcInz7ThbRywKXq8Zmo&mime_type=audio_mpeg&qs=13&rc=ajU7Z3U5cjdlNDMzbzU8NUBpajU7Z3U5cjdlNDMzbzU8NUBvamljMmRrMm9hLS1kMTFzYSNvamljMmRrMm9hLS1kMTFzcw%3D%3D&vvpl=1&l=2025071800370766B40C0A7D023D1E13C0&btag=e00078000&cc=13,https://p77-sign-va.tiktokcdn.com/tos-maliva-avt-0068/61c15ee43b8d6718acb59b9f5e1ef35d~tplv-tiktokx-cropcenter:1080:1080.jpeg?dr=14579&refresh_token=758fd740&x-expires=1752940800&x-signature=HdPKFJh9ZsoNJOF2ZEA6xVCGHh8%3D&t=4d5b0474&ps=13740610&shp=a5d48078&shcp=81f88b70&idc=maliva,"HITA Remember",https://v16-webapp-prime.tiktok.com/video/tos/no1a/tos-no1a-ve-0068-no/osP2k0bgiMC1AiR1kQyIHwCy6UBOATB2CEOfIk/?a=1988&bti=ODszNWYuMDE6&ch=0&cr=3&dr=0&lr=all&cd=0%7C0%7C0%7C&cv=1&br=816&bt=408&cs=0&ds=3&ft=4fUEKMUm8Zmo0glv5I4jVd-f-pWrKsd.&mime_type=video_mp4&qs=0&rc=aDppZWVpNTk4ZDUzOTs2Z0Bpajd4OXA5cmRlNDMzbzczNUBiNDU0YGNeNTUxYy0xMV8yYSM2Nm1kMmRjMW9hLS1kMTFzcw%3D%3D&btag=e000b8000&expire=1752943050&l=2025071800370766B40C0A7D023D1E13C0&ply_type=2&policy=2&signature=1a229b3b4137486bc1d14608fd3f1773&tk=tt_chain_token,https://www.tiktok.com/rememberhita/video/7527400138910764310,"",736,102,75,49900,"murcia‚españa‚torrepacheco","murcia‚españa‚torrepacheco","",,"VIVA TORRE PACHECO ","IPHONE EVENING CAPTURE",""
7526766533251550486,7526766533251550486,"sheilamargot164","Margot164",2603,2083,57,https://p77-sign-va.tiktokcdn.com/tos-maliva-avt-0068/a932cadad0b7bda865f30731ff8f60b8~tplv-tiktokx-cropcenter:100:100.jpeg?dr=14579&refresh_token=038c0612&x-expires=1752940800&x-signature=DL7h1zbIdzj%2BU0c1C%2BW%2BZdoz3J0%3D&t=4d5b0474&ps=13740610&shp=a5d48078&shcp=81f88b70&idc=maliva,"Vídeo reacción a ataque a kebab en Torre-Pacheco. #TorrePacheco #Sabadell #InmigraciónIlegal #InseguridadCiudadana #EspañaDespierta #morocco🇲🇦المغاربة #EspañaSinControl #CrisisMigratoria #PolíticaEspaña #ActualidadEspaña #NoticiasDeHoy #JusticiaParaTodos #ViolenciaEnEspaña #sabadell #varcelona #dana #valencia #ultraderecha ",Mon Jul 14 2025,1752461927,no,no,"sonido original",7526766483159321366,https://v77.tiktokcdn.com/b7623895b22c1ea667d13edc3128f7df/687a784f/video/tos/no1a/tos-no1a-v-2370-no/ocBpCcjdJFBA9UHAEoEDumfnEAlkgJAfFk0pqJ/?a=1233&bti=ODszNWYuMDE6&ch=0&cr=0&dr=0&er=0&lr=default&cd=0%7C0%7C0%7C0&br=250&bt=125&ds=5&ft=.NpOcInz7ThbRywKXq8Zmo&mime_type=audio_mpeg&qs=13&rc=ajY1aXE5cnQ6NDMzbzU8NUBpajY1aXE5cnQ6NDMzbzU8NUBnaWxjMmRjMW5hLS1kMTFzYSNnaWxjMmRjMW5hLS1kMTFzcw%3D%3D&vvpl=1&l=2025071800370766B40C0A7D023D1E13C0&btag=e00078000&cc=13,https://p77-sign-va.tiktokcdn.com/tos-maliva-avt-0068/a932cadad0b7bda865f30731ff8f60b8~tplv-tiktokx-cropcenter:1080:1080.jpeg?dr=14579&refresh_token=2610b87e&x-expires=1752940800&x-signature=QeNw%2FWciIwIWpxFS890LM59m4Qc%3D&t=4d5b0474&ps=13740610&shp=a5d48078&shcp=81f88b70&idc=maliva,"Margot164",https://v16-webapp-prime.tiktok.com/video/tos/no1a/tos-no1a-ve-0068-no/ocgEzEH4oFM6cLSgADB3pWFdFQJIkEfRmEYJ0e/?a=1988&bti=ODszNWYuMDE6&ch=0&cr=3&dr=0&lr=all&cd=0%7C0%7C0%7C&cv=1&br=2546&bt=1273&cs=0&ds=3&ft=4fUEKMUm8Zmo0glv5I4jVd-f-pWrKsd.&mime_type=video_mp4&qs=0&rc=Mzs0OzM6N2Y5PGhpZzM8NkBpMzhrZWo5cm46NDMzbzczNUBgM2AwYy4wXzQxYTU1LjZjYSNzZzAvMmRrMW5hLS1kMTFzcw%3D%3D&btag=e000b8000&expire=1752943055&l=2025071800370766B40C0A7D023D1E13C0&ply_type=2&policy=2&signature=d6e619bb06a0a20a6f91b047c134d03c&tk=tt_chain_token,https://www.tiktok.com/sheilamargot164/video/7526766533251550486,"",66,9,10,14600,"torrepacheco‚sabadell‚inmigraciónilegal‚inseguridadciudadana‚españadespierta‚morocco🇲🇦المغاربة‚españasincontrol‚crisismigratoria‚políticaespaña‚actualidadespaña‚noticiasdehoy‚justiciaparatodos‚violenciaenespaña‚sabadell‚varcelona‚dana‚valencia‚ultraderecha","torrepacheco‚sabadell‚inmigraciónilegal‚inseguridadciudadana‚españadespierta‚morocco🇲🇦المغاربة‚españasincontrol‚crisismigratoria‚políticaespaña‚actualidadespaña‚noticiasdehoy‚justiciaparatodos‚violenciaenespaña‚varcelona‚dana‚valencia‚ultraderecha","",,"","IPHONE EVENING CAPTURE",""
7525853519136443670,7525853519136443670,"cristinaaacano","cristina",4428,4536,22,https://p16-sign-useast2a.tiktokcdn.com/tos-useast2a-avt-0068-euttp/acb9031bc42c6b0983e09109758ea993~tplv-tiktokx-cropcenter:100:100.jpeg?dr=14579&refresh_token=ba4df927&x-expires=1752940800&x-signature=iwkZAIGLeMWjmoWjzvynmB2NEu8%3D&t=4d5b0474&ps=13740610&shp=a5d48078&shcp=81f88b70&idc=maliva,"🇲🇦 #españa🇪🇸marruecos🇲🇦 #marruecos🇲🇦🇪🇸españa #fyp #parati #torrepacheco #murcia ",Fri Jul 11 2025,1752249323,no,no,"sonido original",7525853513101658902,https://v77.tiktokcdn.com/947bb2a90f994a0c20392ee819b0e1b0/687a7850/video/tos/no1a/tos-no1a-v-2370-no/ocZ3DFkUEIDIgIc7TifPqAsCJAnxoDk7FAseBY/?a=1233&bti=ODszNWYuMDE6&ch=0&cr=0&dr=0&er=0&lr=default&cd=0%7C0%7C0%7C0&br=250&bt=125&ds=5&ft=.NpOcInz7ThbRywKXq8Zmo&mime_type=audio_mpeg&qs=13&rc=ajRxN3U5cnVtNDMzbzU8NUBpajRxN3U5cnVtNDMzbzU8NUBub3NtMmQ0NGxhLS1kMTFzYSNub3NtMmQ0NGxhLS1kMTFzcw%3D%3D&vvpl=1&l=2025071800370766B40C0A7D023D1E13C0&btag=e00078000&cc=13,https://p16-sign-useast2a.tiktokcdn.com/tos-useast2a-avt-0068-euttp/acb9031bc42c6b0983e09109758ea993~tplv-tiktokx-cropcenter:1080:1080.jpeg?dr=14579&refresh_token=40157099&x-expires=1752940800&x-signature=8BOdcbPuXU%2F028ONLfq%2BQa4DkG0%3D&t=4d5b0474&ps=13740610&shp=a5d48078&shcp=81f88b70&idc=maliva,"cristina",https://v16-webapp-prime.tiktok.com/video/tos/no1a/tos-no1a-ve-0068c001-no/oYcAyBETfdDERQglNHBkFwiFfokgDoIEZJQPss/?a=1988&bti=ODszNWYuMDE6&ch=0&cr=3&dr=0&lr=all&cd=0%7C0%7C0%7C&cv=1&br=1158&bt=579&cs=0&ds=3&ft=4fUEKMUm8Zmo0glv5I4jVd-f-pWrKsd.&mime_type=video_mp4&qs=0&rc=Mzk2Nzk7ZzVnM2U5MzwzZUBpamxtd245cm1tNDMzbzczNUAwM2A1YjQxX18xYF5gYl8vYSNwMWQuMmRzM2xhLS1kMTFzcw%3D%3D&btag=e000b8000&expire=1752943056&l=2025071800370766B40C0A7D023D1E13C0&ply_type=2&policy=2&signature=e7ba76c083889802709aa539d4b84276&tk=tt_chain_token,https://www.tiktok.com/cristinaaacano/video/7525853519136443670,"",47300,3039,9881,847300,"españa🇪🇸marruecos🇲🇦‚marruecos🇲🇦🇪🇸españa‚fyp‚parati‚torrepacheco‚murcia","españa🇪🇸marruecos🇲🇦‚marruecos🇲🇦🇪🇸españa‚fyp‚parati‚torrepacheco‚murcia","",,"Unos amargados y otros contentos😂","IPHONE EVENING CAPTURE",""
7525690556312276246,7525690556312276246,"lafamilia_3699","LA FAMILIA",2734,73900,784,https://p16-sign-useast2a.tiktokcdn.com/tos-useast2a-avt-0068-euttp/641d8a110bd95a6b2bb4b468c50e9623~tplv-tiktokx-cropcenter:100:100.jpeg?dr=14579&refresh_token=1fd69152&x-expires=1752940800&x-signature=7BHtbWmXmcb4%2Fn2KWOMgn9KQT54%3D&t=4d5b0474&ps=13740610&shp=a5d48078&shcp=81f88b70&idc=maliva,"##justicia #torrepacheco #violencia #haykpararesto #viral #manifestacionya #bastaya ",Fri Jul 11 2025,1752211395,no,no,"Lelele",7377121589379713040,https://sf16-ies-music-va.tiktokcdn.com/obj/tos-useast2a-ve-2774/o4w1giG8zAj52We1BBAQNqiMiOyIoMvsXWZlgh,https://p16-amd-va.tiktokcdn.com/img/tos-useast2a-v-2774/oIfmwmZBtzDYVgMEP2FlzEAXBAACEgBeNdAQxC~c5_720x720.jpeg,"Merlin",,https://www.tiktok.com/lafamilia_3699/video/7525690556312276246,"",2035,252,1360,290300,"justicia‚torrepacheco‚violencia‚haykpararesto‚viral‚manifestacionya‚bastaya","justicia‚torrepacheco‚violencia‚haykpararesto‚Viral‚manifestacionya‚bastaya","",,"Hay k encontrarlos y k paguen lo k an hecho!! 💪💪💪🇪🇦","IPHONE EVENING CAPTURE",""
7526834210426883330,7526834210426883330,"by_garret","by_GARRET",11500,4248,85,https://p16-sign-useast2a.tiktokcdn.com/tos-useast2a-avt-0068-euttp/90d3bd275d31e594e44dee7e596862ae~tplv-tiktokx-cropcenter:100:100.jpeg?dr=14579&refresh_token=74c5b0ed&x-expires=1752940800&x-signature=EpxK3mInYHrk11LO%2BOEFRmG68xE%3D&t=4d5b0474&ps=13740610&shp=a5d48078&shcp=81f88b70&idc=maliva,"#torrepacheco  #torrepacheco💚  #by_GARRET ",Mon Jul 14 2025,1752477663,no,no,"sonido original",7526834191607122710,https://v77.tiktokcdn.com/d50270c30401abb48cd4ea0c669ea2ef/687a7898/video/tos/no1a/tos-no1a-v-2370-no/ocAeXrFQGIDeCpbfJYLAQNmDgGeZhAWIItAuQ0/?a=1233&bti=ODszNWYuMDE6&ch=0&cr=0&dr=0&er=0&lr=default&cd=0%7C0%7C0%7C0&br=250&bt=125&ds=5&ft=.NpOcInz7ThbRywKXq8Zmo&mime_type=audio_mpeg&qs=13&rc=amp2NXA5cnJkNDMzbzU8NUBpamp2NXA5cnJkNDMzbzU8NUAtbHFuMmRjc25hLS1kMTFzYSMtbHFuMmRjc25hLS1kMTFzcw%3D%3D&vvpl=1&l=2025071800370766B40C0A7D023D1E13C0&btag=e00050000&cc=13,https://p16-sign-useast2a.tiktokcdn.com/tos-useast2a-avt-0068-euttp/90d3bd275d31e594e44dee7e596862ae~tplv-tiktokx-cropcenter:1080:1080.jpeg?dr=14579&refresh_token=7a02aab8&x-expires=1752940800&x-signature=BxoLnmSJx9IwpBZ%2BepI1u7CQuwU%3D&t=4d5b0474&ps=13740610&shp=a5d48078&shcp=81f88b70&idc=maliva,"by_GARRET",https://v16-webapp-prime.tiktok.com/video/tos/no1a/tos-no1a-ve-0068c001-no/osDhxeEIQFgoOIdfnXFkpQL9I99NPEA5DBKRgt/?a=1988&bti=ODszNWYuMDE6&ch=0&cr=3&dr=0&lr=all&cd=0%7C0%7C0%7C&cv=1&br=286&bt=143&cs=0&ds=3&ft=4fUEKMUm8Zmo0glv5I4jVd-f-pWrKsd.&mime_type=video_mp4&qs=0&rc=ZmZkZjo4OTY2aDZmOztnZ0BpM3J1ZnA5cm1kNDMzbzczNUBgMl9fLS1jNTExNC8yMWBjYSNmcXByMmRrcm5hLS1kMTFzcw%3D%3D&btag=e00090000&expire=1752943128&l=2025071800370766B40C0A7D023D1E13C0&ply_type=2&policy=2&signature=e563dff358847bf32eb3aecc1f7f99f7&tk=tt_chain_token,https://www.tiktok.com/by_garret/video/7526834210426883330,"",14100,823,1716,494200,"torrepacheco‚torrepacheco💚‚by_garret","torrepacheco‚torrepacheco💚‚by_garret","",,"TORRE-PACHECO  Grupos de marroquies van  a la caza del español","IPHONE EVENING CAPTURE",""
7525806559847288086,7525806559847288086,"albaannyy_","𝒜𝓁𝒷𝒶",10500,15900,244,https://p77-sign-va.tiktokcdn.com/tos-maliva-avt-0068/9deb42ef426675c51b5aa3f83418ab7c~tplv-tiktokx-cropcenter:100:100.jpeg?dr=14579&refresh_token=8fb50f81&x-expires=1752940800&x-signature=mZPEUjM95a8RvTuOlL2ml76IY%2F4%3D&t=4d5b0474&ps=13740610&shp=a5d48078&shcp=81f88b70&idc=maliva,"#torrepacheco #parati #🇲🇦 ",Fri Jul 11 2025,1752238390,no,no,"sonido original",6968392935113067269,https://v77.tiktokcdn.com/e4ef5e0915ff006bc72597c23436377f/687a786f/video/tos/alisg/tos-alisg-v-27dcd7/6bdd56c1685c47349184ac114166b6ee/?a=1233&bti=ODszNWYuMDE6&ch=0&cr=0&dr=0&er=0&lr=default&cd=0%7C0%7C0%7C0&br=252&bt=126&ds=5&ft=.NpOcInz7ThbRywKXq8Zmo&mime_type=video_mp4&qs=13&rc=anRkcDs1eG9lNTMzODU8M0BpanRkcDs1eG9lNTMzODU8M0A1LjFib2FrNm5gLS1kMTRzYSM1LjFib2FrNm5gLS1kMTRzcw%3D%3D&vvpl=1&l=2025071800370766B40C0A7D023D1E13C0&btag=e00048000&cc=13,https://p77-sign-va.tiktokcdn.com/tos-maliva-avt-0068/7393835576980340742~tplv-tiktokx-cropcenter:1080:1080.jpeg?dr=14579&refresh_token=1b9d52f3&x-expires=1752940800&x-signature=z0sawIBAiAHavKq%2BE2ug9lmbpmg%3D&t=4d5b0474&ps=13740610&shp=a5d48078&shcp=81f88b70&idc=maliva,"flamencologia.universal",https://v16-webapp-prime.tiktok.com/video/tos/no1a/tos-no1a-ve-0068-no/osPTNIBRlyQBHXEB9YBECiZ5c4x58a6ESGHAi/?a=1988&bti=ODszNWYuMDE6&ch=0&cr=3&dr=0&lr=all&cd=0%7C0%7C0%7C&cv=1&br=1792&bt=896&cs=0&ds=3&ft=4fUEKMUm8Zmo0glv5I4jVd-f-pWrKsd.&mime_type=video_mp4&qs=0&rc=cnF8b2hsc2d3SkBwaHIxaDFybndmODU0OTlnNmY6ZmlmNmRnZUBpM3NteGw5cjhqNDMzbzczNUBjRl5Nc3FePmJKYSNvYF90aHFmOiNeNTReYF82XmAxXmBgLzI1YSM2bWdwMmQ0YWxhLS1kMTFzcw%3D%3D&btag=e000b0000&expire=1752943038&l=2025071800370766B40C0A7D023D1E13C0&ply_type=2&policy=2&signature=71034320d0b455330edaedde2f95c3cb&tk=tt_chain_token,https://www.tiktok.com/albaannyy_/video/7525806559847288086,"",20700,1240,621,768300,"torrepacheco‚parati‚🇲🇦","torrepacheco‚parati‚🇲🇦","",,"Cuando salgo por la noche por Torre Pacheco tranquila  porque como soy 🇲🇦 se supone el peligro soy yo","IPHONE EVENING CAPTURE",""
7526685591619128598,7526685591619128598,"lopeorcitodetiktok","ExponiendoRetrasados",50,0,7,https://p77-sign-va.tiktokcdn.com/tos-maliva-avt-0068/62fa9989bb8f2a710fcac7f4e258567e~tplv-tiktokx-cropcenter:100:100.jpeg?dr=14579&refresh_token=dc31e95e&x-expires=1752940800&x-signature=g834mfbcQHZAL1FTz3sTyIrdEZU%3D&t=4d5b0474&ps=13740610&shp=a5d48078&shcp=81f88b70&idc=maliva,"Opinen ustedes mismos...  #exponiendoratas #salvemosespaña #fueraratas #torrepacheco #elpueblounido ",Sun Jul 13 2025,1752443056,no,no,"Outer space",7369385964505368593,https://sf16-ies-music-va.tiktokcdn.com/obj/tos-useast2a-ve-2774/oETA9qKSMXsUSxwPFkiYOrI9AWVnirZAZYh1B,https://p16-amd-va.tiktokcdn.com/img/tos-useast2a-v-2774/o8A4Ae6UGDEMLAlavVIms5QeiCgQ3cbA14zf3F~c5_720x720.jpeg,"My second guess",https://v16-webapp-prime.tiktok.com/video/tos/no1a/tos-no1a-ve-0068c001-no/ocDS7EpgCIf6fFvIoIYfbwEtiNV2DjA0oQQFAL/?a=1988&bti=ODszNWYuMDE6&ch=0&cr=3&dr=0&lr=all&cd=0%7C0%7C0%7C&cv=1&br=2730&bt=1365&cs=0&ds=3&ft=4fUEKMUm8Zmo0glv5I4jVd-f-pWrKsd.&mime_type=video_mp4&qs=0&rc=OzYzZjNoZzloM2g4MzZkM0Bpam4zNW45cnE1NDMzbzczNUBeYS5hLTQxNTExYV9fXmI0YSNhYV9xMmRzZG5hLS1kMTFzcw%3D%3D&btag=e00090000&expire=1752943093&l=2025071800370766B40C0A7D023D1E13C0&ply_type=2&policy=2&signature=b8010c9b1530f0e13762a241c5f2f9ba&tk=tt_chain_token,https://www.tiktok.com/lopeorcitodetiktok/video/7526685591619128598,"",429,165,67,120900,"exponiendoratas‚salvemosespaña‚fueraratas‚torrepacheco‚elpueblounido","exponiendoratas‚salvemosespaña‚fueraratas‚torrepacheco‚elpueblounido","",,"","IPHONE EVENING CAPTURE",""
7526827700661554454,7526827700661554454,"quikotebuzo","quikotebuzo",10600,2223,453,https://p16-common-sign-useastred.tiktokcdn-eu.com/tos-useast2a-avt-0068-euttp/c95b8292d1c317220564639830a0ca2d~tplv-tiktokx-cropcenter:100:100.jpeg?dr=14579&refresh_token=18d88086&x-expires=1752940800&x-signature=vJB1qgrUK%2FyxUjLikzJkYh8cNIw%3D&t=4d5b0474&ps=13740610&shp=a5d48078&shcp=81f88b70&idc=maliva,"#fyp #murcia #policia #inmigrantes #torrepacheco ",Mon Jul 14 2025,1752476148,no,no,"sonido original",7526827677488106262,https://v77.tiktokcdn.com/77cf4e80c20f441ef82c6f59dc48bcfc/687a7855/video/tos/no1a/tos-no1a-v-2370-no/o0CeoApQTIa80PDCUAAVbIA6IEqQ3fMdQtfLWD/?a=1233&bti=ODszNWYuMDE6&ch=0&cr=0&dr=0&er=0&lr=default&cd=0%7C0%7C0%7C0&br=250&bt=125&ds=5&ft=.NpOcInz7ThbRywKXq8Zmo&mime_type=audio_mpeg&qs=13&rc=amlxPHE5cndkNDMzbzU8NUBpamlxPHE5cndkNDMzbzU8NUAtbmlxMmRrZ25hLS1kMTFzYSMtbmlxMmRrZ25hLS1kMTFzcw%3D%3D&vvpl=1&l=2025071800370766B40C0A7D023D1E13C0&btag=e00048000&cc=13,https://p16-common-sign-useastred.tiktokcdn-eu.com/tos-useast2a-avt-0068-euttp/c95b8292d1c317220564639830a0ca2d~tplv-tiktokx-cropcenter:1080:1080.jpeg?dr=14579&refresh_token=0fa4f5de&x-expires=1752940800&x-signature=D%2BqN0pr9P05oYw9hiDkJdxR6aD8%3D&t=4d5b0474&ps=13740610&shp=a5d48078&shcp=81f88b70&idc=maliva,"quikotebuzo",https://v16-webapp-prime.tiktok.com/video/tos/no1a/tos-no1a-ve-0068-no/ogGbwtEIQFgoV6dfAUFkpozNGflZqEAXDBKRgl/?a=1988&bti=ODszNWYuMDE6&ch=0&cr=3&dr=0&lr=all&cd=0%7C0%7C0%7C&br=1566&bt=783&cs=0&ds=2&ft=4fUEKMUm8Zmo0glv5I4jVd-f-pWrKsd.&mime_type=video_mp4&qs=0&rc=ZDU4NzNnZzk3Nzk4NzU6O0BpanJscmw5cm9kNDMzbzczNUAtMTUzNV9fX2IxYzMvNWNeYSMuYS5pMmRjZm5hLS1kMTFzcw%3D%3D&btag=e00088000&expire=1752943061&l=2025071800370766B40C0A7D023D1E13C0&ply_type=2&policy=2&signature=df19cfa03617fdf162fcb2dc37012e6d&tk=tt_chain_token,https://www.tiktok.com/quikotebuzo/video/7526827700661554454,"",352,40,211,85000,"fyp‚murcia‚policia‚inmigrantes‚torrepacheco","fyp‚murcia‚policia‚inmigrantes‚torrepacheco","",,"Torre Pacheco ","IPHONE EVENING CAPTURE",""
7527450845084929302,7527450845084929302,"rawspain","rawspain",15600,36,112,https://p16-sign-va.tiktokcdn.com/tos-maliva-avt-0068/5d84eb9d3b56725d758e63ad37a962ff~tplv-tiktokx-cropcenter:100:100.jpeg?dr=14579&refresh_token=2f4c7f06&x-expires=1752940800&x-signature=qtWOvKTPZ%2BCIXy0GsxXPfo8b0wM%3D&t=4d5b0474&ps=13740610&shp=a5d48078&shcp=81f88b70&idc=maliva,"David Santos y Vito Quiles en Torre Pacheco #torrepacheco #vitoquiles #davidsantos #españa🇪🇸 ",Wed Jul 16 2025,1752621234,no,no,"sonido original",7527450838031452950,https://v77.tiktokcdn.com/d7fae125512a0daac6f74180b7a6f92d/687a7892/video/tos/no1a/tos-no1a-v-2370-no/oECdDfz1UEOkEL4CZAogFBe2EyJuCAQ9BFUAT9/?a=1233&bti=ODszNWYuMDE6&ch=0&cr=0&dr=0&er=0&lr=default&cd=0%7C0%7C0%7C0&br=250&bt=125&ds=5&ft=.NpOcInz7ThbRywKXq8Zmo&mime_type=audio_mpeg&qs=13&rc=ajVnaXM5cmdoNDMzbzU8NUBpajVnaXM5cmdoNDMzbzU8NUByLWZqMmRjLm9hLS1kMTFzYSNyLWZqMmRjLm9hLS1kMTFzcw%3D%3D&vvpl=1&l=2025071800370766B40C0A7D023D1E13C0&btag=e00050000&cc=13,https://p77-sign-va.tiktokcdn.com/tos-maliva-avt-0068/5d84eb9d3b56725d758e63ad37a962ff~tplv-tiktokx-cropcenter:1080:1080.jpeg?dr=14579&refresh_token=4f7764d4&x-expires=1752940800&x-signature=jeDTmiBqDGiCL3lEo0MFdjwKik8%3D&t=4d5b0474&ps=13740610&shp=a5d48078&shcp=81f88b70&idc=maliva,"rawspain",https://v16-webapp-prime.tiktok.com/video/tos/no1a/tos-no1a-ve-0068-no/o0LEYI0Q7AGfLa9gI7pcDjwDItteIfj6Io4AQG/?a=1988&bti=ODszNWYuMDE6&ch=0&cr=3&dr=0&lr=all&cd=0%7C0%7C0%7C&cv=1&br=772&bt=386&cs=0&ds=3&ft=4fUEKMUm8Zmo0glv5I4jVd-f-pWrKsd.&mime_type=video_mp4&qs=0&rc=Z2c5NWRmPDtkO2ZkZTdnaEBpM2c2NXg5cjpoNDMzbzczNUBeNS0vM18vNjAxXjUuMjZfYSNic2dxMmRrLm9hLS1kMTFzcw%3D%3D&btag=e00090000&expire=1752943122&l=2025071800370766B40C0A7D023D1E13C0&ply_type=2&policy=2&signature=67b82ddf64634c9a7b130571fcb3b2b7&tk=tt_chain_token,https://www.tiktok.com/rawspain/video/7527450845084929302,"",26400,1814,2035,173600,"torrepacheco‚vitoquiles‚davidsantos‚españa🇪🇸","torrepacheco‚vitoquiles‚davidsantos‚españa🇪🇸","",,"","IPHONE EVENING CAPTURE",""
7526696454727994646,7526696454727994646,"murcia_actualidad","jaleostp",2469,2,19,https://p77-sign-va.tiktokcdn.com/tos-maliva-avt-0068/b5b699d3db70259d9b42045dec089ec0~tplv-tiktokx-cropcenter:100:100.jpeg?dr=14579&refresh_token=20e7274f&x-expires=1752940800&x-signature=ogWqpU54t64yHt7pPC9cXSuSmts%3D&t=4d5b0474&ps=13740610&shp=a5d48078&shcp=81f88b70&idc=maliva,"#bastaya #descontrol #torrepacheco #indignacion #españa #soloelpueblosalvaalpueblo #justicia ",Mon Jul 14 2025,1752445584,no,no,"original sound",7438188853422361377,https://v77.tiktokcdn.com/7b9440eab2d0ec16ff256da895d29e17/687a7860/video/tos/useast2a/tos-useast2a-v-2370-euttp/oM8TlcEBRAlVezeroFKfgmgIDfEdFGA4pEAO4I/?a=1233&bti=ODszNWYuMDE6&ch=0&cr=0&dr=0&er=0&lr=default&cd=0%7C0%7C0%7C0&br=250&bt=125&ds=5&ft=.NpOcInz7ThbRywKXq8Zmo&mime_type=audio_mpeg&qs=13&rc=M3Y2O2w5cnF2djMzZjU8M0BpM3Y2O2w5cnF2djMzZjU8M0BjNmltMmRzL3BgLS1kMWNzYSNjNmltMmRzL3BgLS1kMWNzcw%3D%3D&vvpl=1&l=2025071800370766B40C0A7D023D1E13C0&btag=e00048000&cc=13,https://p16-sign-va.tiktokcdn.com/tos-maliva-avt-0068/aafe6f3ffa0add35496cb22a4a2651c7~tplv-tiktokx-cropcenter:1080:1080.jpeg?dr=14579&refresh_token=49e876b5&x-expires=1752940800&x-signature=Drz5obA4GSAUD0iGIgD%2BofINmnA%3D&t=4d5b0474&ps=13740610&shp=a5d48078&shcp=81f88b70&idc=maliva,"The Farm Club 🌾🧘‍♂️",https://v16-webapp-prime.tiktok.com/video/tos/no1a/tos-no1a-ve-0068c001-no/ocnojXgdfAQgbGTZgDRozeB6cEFkFERWjDEIRj/?a=1988&bti=ODszNWYuMDE6&ch=0&cr=3&dr=0&lr=all&cd=0%7C0%7C0%7C&cv=1&br=1866&bt=933&cs=0&ds=3&ft=4fUEKMUm8Zmo0glv5I4jVd-f-pWrKsd.&mime_type=video_mp4&qs=0&rc=cnF8b2hsc2d3SkBwaHIxaDFybndmOzg2ZGhkNDg0aGQ0PGk6OkBpamVoeGs5cjs2NDMzbzczNUBjRl5Nc3FePmJKYSNvYF90aHFmOiMuXzAvNTI0X2MxNDU2MWAtYSNyamJsMmRzMG5hLS1kMTFzcw%3D%3D&btag=e000b8000&expire=1752943046&l=2025071800370766B40C0A7D023D1E13C0&ply_type=2&policy=2&signature=79177b4c5b54e5f82a71a1cb979c3a8d&tk=tt_chain_token,https://www.tiktok.com/murcia_actualidad/video/7526696454727994646,"",2019,482,501,151700,"bastaya‚descontrol‚torrepacheco‚indignacion‚españa‚soloelpueblosalvaalpueblo‚justicia","bastaya‚descontrol‚torrepacheco‚indignacion‚españa‚soloelpueblosalvaalpueblo‚justicia","",,"Otra perspectiva del ataque al kebab de un vecino de torre pacheco","IPHONE EVENING CAPTURE",""
7527623904882396439,7527623904882396439,"patriot83","Patriot",18400,4396,301,https://p77-sign-va.tiktokcdn.com/tos-maliva-avt-0068/6316bf1e1ddf5c92f2bbe612cf155d9d~tplv-tiktokx-cropcenter:100:100.jpeg?dr=14579&refresh_token=ec0f03f9&x-expires=1752940800&x-signature=pe%2BwtTmDkSp2F2tYRiH2FYe71YA%3D&t=4d5b0474&ps=13740610&shp=a5d48078&shcp=81f88b70&idc=maliva,"un grupo de magrebíes organizados preparándose para salir a cazar por las calles de Torre Pacheco #españa🇪🇸 #españa #spain #ultimahora #urgente #fyp ",Wed Jul 16 2025,1752661523,no,no,"sonido original",7527623901057780502,https://v77.tiktokcdn.com/a5a801d6c801700ebca8f18ea5589888/687a7893/video/tos/no1a/tos-no1a-v-2370-no/oEgAILELXQA2HTAA79o7TwQvm4fvGeeDIC1QXd/?a=1233&bti=ODszNWYuMDE6&ch=0&cr=0&dr=0&er=0&lr=default&cd=0%7C0%7C0%7C0&br=250&bt=125&ds=5&ft=.NpOcInz7ThbRywKXq8Zmo&mime_type=audio_mpeg&qs=13&rc=M24zZ3c5cjhxNDMzbzU8NUBpM24zZ3c5cjhxNDMzbzU8NUBzX2NrMmRzcG9hLS1kMTFzYSNzX2NrMmRzcG9hLS1kMTFzcw%3D%3D&vvpl=1&l=2025071800370766B40C0A7D023D1E13C0&btag=e00050000&cc=13,https://p77-sign-va.tiktokcdn.com/tos-maliva-avt-0068/6316bf1e1ddf5c92f2bbe612cf155d9d~tplv-tiktokx-cropcenter:1080:1080.jpeg?dr=14579&refresh_token=910e7028&x-expires=1752940800&x-signature=lxzAhL7NaL1ngn3Q4d7HbsMzSuQ%3D&t=4d5b0474&ps=13740610&shp=a5d48078&shcp=81f88b70&idc=maliva,"Patriot",https://v16-webapp-prime.tiktok.com/video/tos/no1a/tos-no1a-ve-0068c001-no/oEfIXQeMAeVDksJX8AQjLgAQQRuSm7IuvBgL4I/?a=1988&bti=ODszNWYuMDE6&ch=0&cr=3&dr=0&lr=all&cd=0%7C0%7C0%7C&cv=1&br=1792&bt=896&cs=0&ds=3&ft=4fUEKMUm8Zmo0glv5I4jVd-f-pWrKsd.&mime_type=video_mp4&qs=0&rc=Zmc3aDxnZzs0NjUzM2dnN0BpamlsNXQ5cjNxNDMzbzczNUAyLzYvLjEvNi4xYS5iMjQ0YSNrL2YuMmQ0b29hLS1kMTFzcw%3D%3D&btag=e00090000&expire=1752943123&l=2025071800370766B40C0A7D023D1E13C0&ply_type=2&policy=2&signature=8eb83a1a4a01cc34cad4041f9e5d9355&tk=tt_chain_token,https://www.tiktok.com/patriot83/video/7527623904882396439,"",221,15,247,28100,"españa🇪🇸‚españa‚spain‚ultimahora‚urgente‚fyp","españa🇪🇸‚españa‚spain‚ultimahora‚urgente‚fyp","",,"un grupo de magrebíes organizados preparándose para salir a cazar por las calles de Torre Pacheco","IPHONE EVENING CAPTURE",""
7527462545104375062,7527462545104375062,"sergioshark.oficial","Sergio Shark Oficial",42800,84000,908,https://p77-sign-va.tiktokcdn.com/tos-maliva-avt-0068/833be4af17eb4da9f72014bdb7604aaa~tplv-tiktokx-cropcenter:100:100.jpeg?dr=14579&refresh_token=9bba0481&x-expires=1752940800&x-signature=oqO9a%2F4XEIqFBQJhf9vmHUoMvdI%3D&t=4d5b0474&ps=13740610&shp=a5d48078&shcp=81f88b70&idc=maliva,"Sígueme para más | Joven de 15 años se vuelve viral tras plantarle cara a la televisión en su cara‚ la joven esta harta de que se manipule y la pide a la periodista de Antena 3 que enseñen la verdad #murcia #torrepacheco #rtve #antena3 #lasexta #prensa #television ",Wed Jul 16 2025,1752623960,no,no,"sonido original",7527462528071306006,https://v77.tiktokcdn.com/fc9463a67d09906dbe85b4cbeb310020/687a7868/video/tos/no1a/tos-no1a-v-2370-no/o4E2EAFAJ6wdCsDoxFB0fl0D3teUbEAgkBu1B8/?a=1233&bti=ODszNWYuMDE6&ch=0&cr=0&dr=0&er=0&lr=default&cd=0%7C0%7C0%7C0&br=250&bt=125&ds=5&ft=.NpOcInz7ThbRywKXq8Zmo&mime_type=audio_mpeg&qs=13&rc=ajgzang5cnBoNDMzbzU8NUBpajgzang5cnBoNDMzbzU8NUBvMHJsMmRzam9hLS1kMTFzYSNvMHJsMmRzam9hLS1kMTFzcw%3D%3D&vvpl=1&l=2025071800370766B40C0A7D023D1E13C0&btag=e00048000&cc=13,https://p77-sign-va.tiktokcdn.com/tos-maliva-avt-0068/833be4af17eb4da9f72014bdb7604aaa~tplv-tiktokx-cropcenter:1080:1080.jpeg?dr=14579&refresh_token=b280c449&x-expires=1752940800&x-signature=mIIm0T%2FUobKVtUagut2%2F1TnphkY%3D&t=4d5b0474&ps=13740610&shp=a5d48078&shcp=81f88b70&idc=maliva,"Sergio Shark Oficial",https://v16-webapp-prime.tiktok.com/video/tos/no1a/tos-no1a-ve-0068c001-no/o4lFJooE2B8DMB86g8k2ufEsFEARBQd3RXYfEI/?a=1988&bti=ODszNWYuMDE6&ch=0&cr=3&dr=0&lr=all&cd=0%7C0%7C0%7C&cv=1&br=1286&bt=643&cs=0&ds=3&ft=4fUEKMUm8Zmo0glv5I4jVd-f-pWrKsd.&mime_type=video_mp4&qs=0&rc=ZjQ1MzU4Z2g5M2kzZDkzZUBpanZranU5cmloNDMzbzczNUAwMzNeMTVhNTIxXzBeMGI1YSNfZWNzMmQ0aG9hLS1kMTFzcw%3D%3D&btag=e00088000&expire=1752943080&l=2025071800370766B40C0A7D023D1E13C0&ply_type=2&policy=2&signature=95be50e8fc729f3fb27aab49e1ca81ff&tk=tt_chain_token,https://www.tiktok.com/sergioshark.oficial/video/7527462545104375062,"",60200,757,884,950000,"murcia‚torrepacheco‚rtve‚antena3‚lasexta‚prensa‚television","murcia‚torrepacheco‚rtve‚antena3‚lasexta‚prensa‚television","",,"CHICA DE 15 AÑOS SE VUELVE VIRAL TRAS PLANTAR  CARA A LA TELEVISIÓN EN TORRE PACHECO","IPHONE EVENING CAPTURE",""
7527341552994209046,7527341552994209046,"elbipartidismoesr","elbipartidismoesRUINA",33,71,125,https://p77-sign-va.tiktokcdn.com/tos-maliva-avt-0068/6cdccf7698603cb615816baa42fbba4a~tplv-tiktokx-cropcenter:100:100.jpeg?dr=14579&refresh_token=05c1b974&x-expires=1752940800&x-signature=n5K9hWmLm8WrDBLFkEtsq2LjL%2FY%3D&t=4d5b0474&ps=13740610&shp=a5d48078&shcp=81f88b70&idc=maliva,"🔴 URGENTE | Ante el TERRORISMO MEDIÁTICO que estamos viendo estos días en las TV's de PP y PSOE‚ la verdad: Ayer‚ ni un sólo español salió "a la caza de magrebíes". Sólo bandas de moros con bates‚ palos y cadenas a atacar a la policía Tienen miedo a VOX‚ que está cerca del 20%",Tue Jul 15 2025,1752595785,no,no,"sonido original",7527341567238032150,https://v77.tiktokcdn.com/df384673ddf32b257073329340f02743/687a78b7/video/tos/no1a/tos-no1a-v-2370-no/oAZlMZgep5YAanAwpzAeveZY4fBAHHQCeqQfFF/?a=1233&bti=ODszNWYuMDE6&ch=0&cr=0&dr=0&er=0&lr=default&cd=0%7C0%7C0%7C0&br=250&bt=125&ds=5&ft=.NpOcInz7ThbRywKXq8Zmo&mime_type=audio_mpeg&qs=13&rc=amZvOXk5cm06NDMzbzU8NUBpamZvOXk5cm06NDMzbzU8NUAuYzJzMmRzbm9hLS1kMTFzYSMuYzJzMmRzbm9hLS1kMTFzcw%3D%3D&vvpl=1&l=2025071800370766B40C0A7D023D1E13C0&btag=e00050000&cc=13,https://p16-sign-va.tiktokcdn.com/tos-maliva-avt-0068/6cdccf7698603cb615816baa42fbba4a~tplv-tiktokx-cropcenter:1080:1080.jpeg?dr=14579&refresh_token=f96b1478&x-expires=1752940800&x-signature=aaDePDU77JXZQsFSeRk3Lnc0j7s%3D&t=4d5b0474&ps=13740610&shp=a5d48078&shcp=81f88b70&idc=maliva,"elbipartidismoesRUINA",https://v16-webapp-prime.tiktok.com/video/tos/no1a/tos-no1a-ve-0068c001-no/osMgmn8iLG67IIhbUkL3AhRIjAXeAfheIhDQoP/?a=1988&bti=ODszNWYuMDE6&ch=0&cr=3&dr=0&lr=all&cd=0%7C0%7C0%7C&cv=1&br=1050&bt=525&cs=0&ds=3&ft=4fUEKMUm8Zmo0glv5I4jVd-f-pWrKsd.&mime_type=video_mp4&qs=0&rc=aDs3aWloM2g4aDs1Zjk4NkBpank7bG85cmY6NDMzbzczNUBeYC41Nl5iXy8xMGE0NDRhYSMxZDFtMmQ0bG9hLS1kMTFzcw%3D%3D&btag=e00090000&expire=1752943159&l=2025071800370766B40C0A7D023D1E13C0&ply_type=2&policy=2&signature=f8a16127a093886e5b1b9d0fcb0a8c65&tk=tt_chain_token,https://www.tiktok.com/elbipartidismoesr/video/7527341552994209046,"",408,44,213,39200,"","","",,"Marroquíes ARMADOS ‚Anoche Torre-Pacheco ","IPHONE EVENING CAPTURE",""
7527643141495688470,7527643141495688470,"yahorasonsoles","Yahorasonsoles",573100,46,2875,https://p16-sign-useast2a.tiktokcdn.com/tos-useast2a-avt-0068-euttp/a466b152b039034d66d49dece3484c35~tplv-tiktokx-cropcenter:100:100.jpeg?dr=14579&refresh_token=25932874&x-expires=1752940800&x-signature=vkylPGeXYhy5WtqhUnuTqyM9b1I%3D&t=4d5b0474&ps=13740610&shp=a5d48078&shcp=81f88b70&idc=maliva,"",Wed Jul 16 2025,1752666002,no,no,"sonido original",7527643133912419094,https://v77.tiktokcdn.com/6b7b298f4dbca8038a56e44a557f36c9/687a788a/video/tos/no1a/tos-no1a-v-2370-no/oEfe4JY3RfdWKvmuhKmX5AQQABf4GLhAAA5jg8/?a=1233&bti=ODszNWYuMDE6&ch=0&cr=0&dr=0&er=0&lr=default&cd=0%7C0%7C0%7C0&br=250&bt=125&ds=5&ft=.NpOcInz7ThbRywKXq8Zmo&mime_type=audio_mpeg&qs=13&rc=amx1ZHk5cjhyNDMzbzU8NUBpamx1ZHk5cjhyNDMzbzU8NUBgazJmMmRjc29hLS1kMTFzYSNgazJmMmRjc29hLS1kMTFzcw%3D%3D&vvpl=1&l=2025071800370766B40C0A7D023D1E13C0&btag=e00050000&cc=13,https://p16-sign-useast2a.tiktokcdn.com/tos-useast2a-avt-0068-euttp/a466b152b039034d66d49dece3484c35~tplv-tiktokx-cropcenter:1080:1080.jpeg?dr=14579&refresh_token=f4b6d63b&x-expires=1752940800&x-signature=HInaP6GQZcgpUCbf5OARyp138Kc%3D&t=4d5b0474&ps=13740610&shp=a5d48078&shcp=81f88b70&idc=maliva,"Yahorasonsoles",https://v16-webapp-prime.tiktok.com/video/tos/no1a/tos-no1a-ve-0068-no/ooBVAIkdeFTWpE4gQoED9AfSIiGqg9vVFkvbFR/?a=1988&bti=ODszNWYuMDE6&ch=0&cr=3&dr=0&lr=all&cd=0%7C0%7C0%7C&cv=1&br=2140&bt=1070&cs=0&ds=3&ft=4fUEKMUm8Zmo0glv5I4jVd-f-pWrKsd.&mime_type=video_mp4&qs=0&rc=PDMzOTdmZjY5N2c5ZGZpPEBpamx4ZHg5cnByNDMzbzczNUA1MTIxNWAuNWExNjMtMTAuYSMxMmpuMmRzcm9hLS1kMTFzcw%3D%3D&btag=e00090000&expire=1752943114&l=2025071800370766B40C0A7D023D1E13C0&ply_type=2&policy=2&signature=ad8ec64a2243a2c53e0b5113e6ecc9fc&tk=tt_chain_token,https://www.tiktok.com/yahorasonsoles/video/7527643141495688470,"",85500,5553,5458,1500000,"","yahorasonsoles‚yas‚torrepacheco‚murcia‚denuncia‚quever‚teleentiktok","",,"","IPHONE EVENING CAPTURE",""
7527979401972124950,7527979401972124950,"desokupademolition","DESOKUPADEMOLITION🥇🫡🐺",125300,8583,634,https://p16-sign-useast2a.tiktokcdn.com/tos-useast2a-avt-0068-euttp/4d924310ae0d2acd91e7489970e36fa6~tplv-tiktokx-cropcenter:100:100.jpeg?dr=14579&refresh_token=38ba10ae&x-expires=1752940800&x-signature=SGABPFVctqjb%2BxjVqRruT4vymLA%3D&t=4d5b0474&ps=13740610&shp=a5d48078&shcp=81f88b70&idc=maliva,"#torrepacheco ",Thu Jul 17 2025,1752744295,no,no,"sonido original",7527979611859847958,https://v77.tiktokcdn.com/28b434d678f42738ced8af7878ecb57e/687a7871/video/tos/no1a/tos-no1a-v-2370-no/oUx2QLDTIGQL8CoMgA0uE3zMQeelVCLIfpYqYd/?a=1233&bti=ODszNWYuMDE6&ch=0&cr=0&dr=0&er=0&lr=default&cd=0%7C0%7C0%7C0&br=250&bt=125&ft=.NpOcInz7ThbRywKXq8Zmo&mime_type=audio_mpeg&qs=6&rc=ZmZkOTM0ZDszOmc4OjY7OkBpamk1cG45cjdmNDMzbzU8NUAzLV5iLy5iXjQxMzA0YzEyYSNhM3AvMmRrMHBhLS1kMTFzcw%3D%3D&vvpl=1&l=2025071800370766B40C0A7D023D1E13C0&btag=e00090000&cc=13,https://p16-sign-useast2a.tiktokcdn.com/tos-useast2a-avt-0068-euttp/4d924310ae0d2acd91e7489970e36fa6~tplv-tiktokx-cropcenter:1080:1080.jpeg?dr=14579&refresh_token=03486e8f&x-expires=1752940800&x-signature=jXtRscRz7B5SIVSrohHp70uWSmI%3D&t=4d5b0474&ps=13740610&shp=a5d48078&shcp=81f88b70&idc=maliva,"DESOKUPADEMOLITION🥇🫡🐺",https://v16-webapp-prime.tiktok.com/video/tos/no1a/tos-no1a-ve-0068-no/oYULCI4iIymfCClAwwQG1ERPIAd0Z9B4XHzCiA/?a=1988&bti=ODszNWYuMDE6&ch=0&cr=3&dr=0&lr=all&cd=0%7C0%7C0%7C&cv=1&br=2220&bt=1110&cs=0&ds=3&ft=4fUEKMUm8Zmo0glv5I4jVd-f-pWrKsd.&mime_type=video_mp4&qs=0&rc=ZGY0NTRlZWgzOTU1OWRnaUBpM2U3c3c5cjZmNDMzbzczNUBjXy0yXzUxXi8xLjUyMzE2YSMtMWdiMmRzL3BhLS1kMTFzcw%3D%3D&btag=e00090000&expire=1752943089&l=2025071800370766B40C0A7D023D1E13C0&ply_type=2&policy=2&signature=13fb01790126321f91a6fbacab72788e&tk=tt_chain_token,https://www.tiktok.com/desokupademolition/video/7527979401972124950,"",1057,216,31,22300,"torrepacheco","torrepacheco","",,"","IPHONE EVENING CAPTURE",""
7527320874274295063,7527320874274295063,"zonagemelos_tiktok","ZonaGemelos",2912,74,93,https://p77-sign-va.tiktokcdn.com/tos-maliva-avt-0068/8391313c1b62c1d1d832fd8b316d5b1c~tplv-tiktokx-cropcenter:100:100.jpeg?dr=14579&refresh_token=a958859c&x-expires=1752940800&x-signature=eyx1KnqeaFzRpFKJIhlQ9dMD8xM%3D&t=4d5b0474&ps=13740610&shp=a5d48078&shcp=81f88b70&idc=maliva,"torre Pacheco última hora #torrepacheco #españa #pajaroazul #gitanos #viral #zonagemelos #dancia #españa🇪🇸marruecos🇲🇦casablanca #malaga #abuelo #ocupas #conflicto ",Tue Jul 15 2025,1752590968,no,no,"sonido original",7527320883784223510,https://v77.tiktokcdn.com/17b6e0f17f5ef444bb2fe49e033587af/687a7909/video/tos/no1a/tos-no1a-v-2370-no/owE6fAToELEfnEB2AQAAs2HDIDFTwa7DNgweCo/?a=1233&bti=ODszNWYuMDE6&ch=0&cr=0&dr=0&er=0&lr=default&cd=0%7C0%7C0%7C0&br=250&bt=125&ds=5&ft=.NpOcInz7ThbRywKXq8Zmo&mime_type=audio_mpeg&qs=13&rc=M2p2d245cnk5NDMzbzU8NUBpM2p2d245cnk5NDMzbzU8NUBvNGcuMmRraG9hLS1kMTFzYSNvNGcuMmRraG9hLS1kMTFzcw%3D%3D&vvpl=1&l=2025071800370766B40C0A7D023D1E13C0&btag=e00058000&cc=13,https://p77-sign-va.tiktokcdn.com/tos-maliva-avt-0068/8391313c1b62c1d1d832fd8b316d5b1c~tplv-tiktokx-cropcenter:1080:1080.jpeg?dr=14579&refresh_token=1e62f315&x-expires=1752940800&x-signature=HRJ44Q9Z6ujW0tSr0FOOzJxnewo%3D&t=4d5b0474&ps=13740610&shp=a5d48078&shcp=81f88b70&idc=maliva,"ZonaGemelos",https://v16-webapp-prime.tiktok.com/video/tos/no1a/tos-no1a-ve-0068-no/oAIy2vQEYZREd00ZZBqiBiOr8MBavHASBToKa/?a=1988&bti=ODszNWYuMDE6&ch=0&cr=3&dr=0&lr=all&cd=0%7C0%7C0%7C&cv=1&br=790&bt=395&cs=0&ds=3&ft=4fUEKMUm8Zmo0glv5I4jVd-f-pWrKsd.&mime_type=video_mp4&qs=0&rc=ZGk8ZWU2NWVpOGg3MzUzZEBpM3Y7dG45cm45NDMzbzczNUAwNjAuMGMtNS8xX14uNS0tYSNtMGZgMmRrZW9hLS1kMTFzcw%3D%3D&btag=e00098000&expire=1752943241&l=2025071800370766B40C0A7D023D1E13C0&ply_type=2&policy=2&signature=d27b2ea4f7c5b06c294ac25101704986&tk=tt_chain_token,https://www.tiktok.com/zonagemelos_tiktok/video/7527320874274295063,"",401,41,99,34300,"torrepacheco‚españa‚pajaroazul‚gitanos‚viral‚zonagemelos‚dancia‚españa🇪🇸marruecos🇲🇦casablanca‚malaga‚abuelo‚ocupas‚conflicto","torrepacheco‚españa‚pajaroazul‚gitanos‚Viral‚zonagemelos‚dancia‚españa🇪🇸marruecos🇲🇦casablanca‚malaga‚abuelo‚ocupas‚conflicto","",,"VIDEO DE TORRE PACHECO   EDITA Y SUBUDO POR. OK DIARIO   UNA AUNTENICA BATALLA CAMPAÑA ‚NO A LA VIOLENCIA POR FAVOR 🙏   Y NO AL RACISMO ESTO DEDE PARAR ","IPHONE EVENING CAPTURE",""
7527358570308848918,7527358570308848918,"oveyanejra","Oveya Nejra",654300,2643,1358,https://p77-sign-va.tiktokcdn.com/tos-maliva-avt-0068/b9bedbee3eeb541c137866446491cd1d~tplv-tiktokx-cropcenter:100:100.jpeg?dr=14579&refresh_token=c062316d&x-expires=1752940800&x-signature=11GkIJwXYgJqD5ILeoT7fBjV4WA%3D&t=4d5b0474&ps=13740610&shp=a5d48078&shcp=81f88b70&idc=maliva,"Es mi opinión y punto #torrepacheco #racismo #españa #parati #fyp ",Tue Jul 15 2025,1752599745,no,no,"sonido original",7527358582829124354,https://v77.tiktokcdn.com/cd390ac1e6878a08a1a0b789ddb7e3a4/687a78b8/video/tos/no1a/tos-no1a-v-2370-no/owAtAe8pGLDQLAgoPtIGRuIY7DIIxuoAeeTpmE/?a=1233&bti=ODszNWYuMDE6&ch=0&cr=0&dr=0&er=0&lr=default&cd=0%7C0%7C0%7C0&br=250&bt=125&ds=5&ft=.NpOcInz7ThbRywKXq8Zmo&mime_type=audio_mpeg&qs=13&rc=ang0Z3k5cms7NDMzbzU8NUBpang0Z3k5cms7NDMzbzU8NUBfNTNgMmRzbW9hLS1kMTFzYSNfNTNgMmRzbW9hLS1kMTFzcw%3D%3D&vvpl=1&l=2025071800370766B40C0A7D023D1E13C0&btag=e00050000&cc=13,https://p16-sign-va.tiktokcdn.com/tos-maliva-avt-0068/b9bedbee3eeb541c137866446491cd1d~tplv-tiktokx-cropcenter:1080:1080.jpeg?dr=14579&refresh_token=4d746006&x-expires=1752940800&x-signature=qC%2BJeYL9mdkP51Wt2TdfGnnuOFI%3D&t=4d5b0474&ps=13740610&shp=a5d48078&shcp=81f88b70&idc=maliva,"Oveya Nejra",https://v16-webapp-prime.tiktok.com/video/tos/no1a/tos-no1a-ve-0068-no/oEd2vukIRLQT7cBQAYgIjBeL9ebep2IILG2DAI/?a=1988&bti=ODszNWYuMDE6&ch=0&cr=3&dr=0&lr=all&cd=0%7C0%7C0%7C&cv=1&br=1776&bt=888&cs=0&ds=3&ft=4fUEKMUm8Zmo0glv5I4jVd-f-pWrKsd.&mime_type=video_mp4&qs=0&rc=NzQ4OGc3OTk1PDg8ZDk1ZUBpajxmNnE5cjQ7NDMzbzczNUAtNS5jMGMuXzIxNWIvMC8vYSNxNW9fMmRjbW9hLS1kMTFzcw%3D%3D&btag=e00090000&expire=1752943160&l=2025071800370766B40C0A7D023D1E13C0&ply_type=2&policy=2&signature=ebc4f9794b5510fd08ae762fa2533fd2&tk=tt_chain_token,https://www.tiktok.com/oveyanejra/video/7527358570308848918,"",56500,1392,2859,434400,"torrepacheco‚racismo‚españa‚parati‚fyp","torrepacheco‚racismo‚españa‚parati‚fyp","",,"","IPHONE EVENING CAPTURE",""
7526320098144046358,7526320098144046358,"bazarturkia1","Bazar turkia torre pacheco",18700,8947,1458,https://p77-sign-va.tiktokcdn.com/tos-maliva-avt-0068/c0dee4a9db0b5277f2031dd527243d1a~tplv-tiktokx-cropcenter:100:100.jpeg?dr=14579&refresh_token=c853abf6&x-expires=1752940800&x-signature=%2Ff5uzbscqEf%2Fp8ddbGgNxZtUOY0%3D&t=4d5b0474&ps=13740610&shp=a5d48078&shcp=81f88b70&idc=maliva,"#torrepacheco #مغاربة_العالم # ر#رعب👹 #المغرب🇲🇦تونس🇹🇳الجزائر🇩🇿 #تيك_توك #فرنسا🇨🇵_بلجيكا🇧🇪_المانيا🇩🇪_اسبانيا🇪🇸 #اكسبلور ",Sun Jul 13 2025,1752357959,no,no,"sonido original",7526320072786594582,https://v77.tiktokcdn.com/1845abdb3bccd81b6701489525116c43/687a784e/video/tos/no1a/tos-no1a-v-2370-no/osEAy0qKaAWApwE7xVEBBiiC43B9XOAnBfPkEy/?a=1233&bti=ODszNWYuMDE6&ch=0&cr=0&dr=0&er=0&lr=default&cd=0%7C0%7C0%7C0&br=250&bt=125&ds=5&ft=.NpOcInz7ThbRywKXq8Zmo&mime_type=audio_mpeg&qs=13&rc=anFweGs5cmxnNDMzbzU8NUBpanFweGs5cmxnNDMzbzU8NUA0aG4tMmRjbG1hLS1kMTFzYSM0aG4tMmRjbG1hLS1kMTFzcw%3D%3D&vvpl=1&l=2025071800370766B40C0A7D023D1E13C0&btag=e00078000&cc=13,https://p77-sign-va.tiktokcdn.com/tos-maliva-avt-0068/c0dee4a9db0b5277f2031dd527243d1a~tplv-tiktokx-cropcenter:1080:1080.jpeg?dr=14579&refresh_token=5facb694&x-expires=1752940800&x-signature=aHD1ydfogFJjvF%2FcqEQttQcf8Y8%3D&t=4d5b0474&ps=13740610&shp=a5d48078&shcp=81f88b70&idc=maliva,"Bazar turkia torre pacheco",https://v16-webapp-prime.tiktok.com/video/tos/no1a/tos-no1a-ve-0068c001-no/oI955tTiDElVHyepA7FQkcR7gBfzoDFIEQghEc/?a=1988&bti=ODszNWYuMDE6&ch=0&cr=3&dr=0&lr=all&cd=0%7C0%7C0%7C&cv=1&br=2452&bt=1226&cs=0&ds=3&ft=4fUEKMUm8Zmo0glv5I4jVd-f-pWrKsd.&mime_type=video_mp4&qs=0&rc=ZzdmZmZoNmk0Nzw6PDM8ZUBpajM6O3g5cnhnNDMzbzczNUAzMjRjLl4yNjExNDNfMl8tYSMwa2NlMmRzaG1hLS1kMTFzcw%3D%3D&btag=e000b8000&expire=1752943054&l=2025071800370766B40C0A7D023D1E13C0&ply_type=2&policy=2&signature=096fb26caa4205250250b60d8caf584f&tk=tt_chain_token,https://www.tiktok.com/bazarturkia1/video/7526320098144046358,"",4236,556,2384,343000,"torrepacheco‚مغاربة_العالم‚رعب👹‚المغرب🇲🇦تونس🇹🇳الجزائر🇩🇿‚تيك_توك‚فرنسا🇨🇵_بلجيكا🇧🇪_المانيا🇩🇪_اسبانيا🇪🇸‚اكسبلور","torrepacheco‚مغاربة_العالم‚رعب👹‚المغرب🇲🇦تونس🇹🇳الجزائر🇩🇿‚تيك_توك‚فرنسا🇨🇵_بلجيكا🇧🇪_المانيا🇩🇪_اسبانيا🇪🇸‚اكسبلور","",,"مغاربة   TORRE PACHECO   في ليلة تهديد و رعب  13/07/2025","IPHONE EVENING CAPTURE",""
7526194625002933526,7526194625002933526,"noticias_cuatro","Noticias Cuatro",1100000,49,2183,https://p16-sign-useast2a.tiktokcdn.com/tos-useast2a-avt-0068-euttp/7b6f8aab8240d9b51ae74f4a556a7430~tplv-tiktokx-cropcenter:100:100.jpeg?dr=14579&refresh_token=88e00980&x-expires=1752940800&x-signature=kkI0paMwuiEnyrl%2BDBt1PLIp9vA%3D&t=4d5b0474&ps=13740610&shp=a5d48078&shcp=81f88b70&idc=maliva,"Una concentración en repulsa a la agresión sufrida por un vecino de 68 años el pasado miércoles ha terminado en una 'cacería humana' a la búsqueda de inmigrantes magrebíes en Torre Pacheco‚ Murcia #noticiascuatro #noticiastiktok #noticias #news",Sat Jul 12 2025,1752328744,no,no,"sonido original - Noticias Cuatro",7526194651639286550,https://v16m.tiktokcdn.com/ed76e7d0aafe394eca986fbee6f2b814/687a7896/video/tos/no1a/tos-no1a-v-2370-no/owqQGdUDFD1cRkwk6oFrgoYEJCzbgesfUCBovm/?a=1233&bti=ODszNWYuMDE6&ch=0&cr=0&dr=0&er=0&lr=default&cd=0%7C0%7C0%7C0&br=250&bt=125&ft=.NpOcInz7ThkRywKXq8Zmo&mime_type=audio_mpeg&qs=6&rc=ZzY8NjhkNWQ6OGRoZzM5OEBpM2Q2anM5cmU5NDMzbzU8NUAwMzBiLjAuXjYxLy8wMzZjYSNeZGFuMmQ0aG1hLS1kMTFzcw%3D%3D&vvpl=1&l=20250718003716523C51945ED5441D7CD9&btag=e00090000&cc=3,https://p16-sign-useast2a.tiktokcdn.com/tos-useast2a-avt-0068-euttp/7b6f8aab8240d9b51ae74f4a556a7430~tplv-tiktokx-cropcenter:1080:1080.jpeg?dr=14579&refresh_token=da5bc1ec&x-expires=1752940800&x-signature=Z9vLuNnmHkfd7XBjzfk24fzXdFc%3D&t=4d5b0474&ps=13740610&shp=a5d48078&shcp=81f88b70&idc=maliva,"Noticias Cuatro",https://v16-webapp-prime.tiktok.com/video/tos/no1a/tos-no1a-ve-0068-no/o0YkhBDOyHEN9p6aKGEZ3AiaJvBlI8dziiQEA/?a=1988&bti=ODszNWYuMDE6&ch=0&cr=3&dr=0&lr=all&cd=0%7C0%7C0%7C&cv=1&br=1266&bt=633&cs=0&ds=3&ft=4fUEKMUm8Zmo0Hlv5I4jVM6yrpWrKsd.&mime_type=video_mp4&qs=0&rc=NWk2NGk3Ojg4ZTs4Zjw8ZkBpM2hxa205cnc5NDMzbzgzNUBhNDJeLzM1XmIxLi8wXzYtYSNlbi4uMmRrZm1hLS1kLzFzcw%3D%3D&btag=e00090000&expire=1752943126&l=20250718003716523C51945ED5441D7CD9&ply_type=2&policy=2&signature=2a82e490cee8673763e7aeee036b9100&tk=tt_chain_token,https://www.tiktok.com/noticias_cuatro/video/7526194625002933526,"",44000,4609,3927,1600000,"noticiascuatro‚noticiastiktok‚noticias‚news","noticiascuatro‚noticiastiktok‚noticias‚news","",,"","iPhone 16,IPHONE EVENING CAPTURE",""
7527342190285114646,7527342190285114646,"fercarreralopez","Fernando Carrera",61800,599,369,https://p16-sign-useast2a.tiktokcdn.com/tos-useast2a-avt-0068-euttp/1f7f592738ce66da3d7e5f2701d52277~tplv-tiktokx-cropcenter:100:100.jpeg?dr=14579&refresh_token=3ac4533f&x-expires=1752940800&x-signature=Jpqw5b40N5dvjc4hvhg87cJXoDs%3D&t=4d5b0474&ps=13740610&shp=a5d48078&shcp=81f88b70&idc=maliva,"Lo que está pasando en Torre Pacheco es muy grave. La extrema derecha está utilizando una agresión para criminalizar a toda la población migrante. En una sociedad democrática‚ esto es inaceptable. No al odio‚ sí a la convivencia. #StopRacismo #NoAlOdio #TorrePacheco #ConvivenciaYa #DerechosHumanos #bastadefascismo ",Tue Jul 15 2025,1752595932,no,no,"Horror01",7377912322461632566,https://sf16-ies-music-va.tiktokcdn.com/obj/tos-useast2a-ve-2774/ogFAFSEAMMjQ66dPimiIQEIVzWI5irZgODuCB,https://p16-amd-va.tiktokcdn.com/img/tos-useast2a-v-2774/oMA70WeqDIClK6ukCuFACVZvYBfjmAAIE9gktX~c5_720x720.jpeg,"CleanMagicAudio",https://v16-webapp-prime.tiktok.com/video/tos/no1a/tos-no1a-ve-0068-no/osx8QSFsvDktSHbtFgDAI1duRRogeBrE2nEgfx/?a=1988&bti=ODszNWYuMDE6&ch=0&cr=3&dr=0&lr=all&cd=0%7C0%7C0%7C&cv=1&br=3382&bt=1691&cs=0&ds=3&ft=4fUEKMUm8Zmo0Hlv5I4jVM6yrpWrKsd.&mime_type=video_mp4&qs=0&rc=OWQ2PDs4Zzg1aGg6MztkN0BpajY0O3E5cnU6NDMzbzczNUAxMjEyMV82NS4xMWJiYjE0YSNocGIxMmRjbm9hLS1kMTFzcw%3D%3D&btag=e00090000&expire=1752943169&l=20250718003716523C51945ED5441D7CD9&ply_type=2&policy=2&signature=107c3b6cf2c508c61e71a2a44b244cc6&tk=tt_chain_token,https://www.tiktok.com/fercarreralopez/video/7527342190285114646,"",11700,652,1138,95300,"stopracismo‚noalodio‚torrepacheco‚convivenciaya‚derechoshumanos‚bastadefascismo","stopracismo‚noalodio‚torrepacheco‚convivenciaya‚derechoshumanos‚bastadefascismo","",,"","iPhone 16,IPHONE EVENING CAPTURE",""
7527597876831096086,7527597876831096086,"carranzaaaaaaa","caRRanzita🥷🏼",23000,9402,35,https://p16-sign-useast2a.tiktokcdn.com/tos-useast2a-avt-0068-euttp/1179746cc4f41a830992bbe054cb307c~tplv-tiktokx-cropcenter:100:100.jpeg?dr=14579&refresh_token=878c28b7&x-expires=1752940800&x-signature=xQ%2BmDcbYvFxpT5TlAjXUmmKyHZ0%3D&t=4d5b0474&ps=13740610&shp=a5d48078&shcp=81f88b70&idc=maliva,"limpieza de calles en Torrepacheco#fyp #desokupa #okupas #torrepacheco @DesokupaCyLuis1 @Desokupa España ",Wed Jul 16 2025,1752655463,no,no,"sonido original",7527597853791783702,https://v77.tiktokcdn.com/27dc128a7fe6706a8122e5338752bf87/687a7864/video/tos/no1a/tos-no1a-v-2370-no/owBA3iX0MO7mBZLAEf2A7kK6wyiyCBAEs0NPE7/?a=1233&bti=ODszNWYuMDE6&ch=0&cr=0&dr=0&er=0&lr=default&cd=0%7C0%7C0%7C0&br=250&bt=125&ds=5&ft=.NpOcInz7ThkRywKXq8Zmo&mime_type=audio_mpeg&qs=13&rc=amZ3d3Q5cnRwNDMzbzU8NUBpamZ3d3Q5cnRwNDMzbzU8NUBxY2VxMmRjYG9hLS1kMTFzYSNxY2VxMmRjYG9hLS1kMTFzcw%3D%3D&vvpl=1&l=20250718003716523C51945ED5441D7CD9&btag=e00048000&cc=13,https://p16-sign-useast2a.tiktokcdn.com/tos-useast2a-avt-0068-euttp/1179746cc4f41a830992bbe054cb307c~tplv-tiktokx-cropcenter:1080:1080.jpeg?dr=14579&refresh_token=7309077a&x-expires=1752940800&x-signature=XQP5PGli3ZJMSEMQe8igZgdWzAQ%3D&t=4d5b0474&ps=13740610&shp=a5d48078&shcp=81f88b70&idc=maliva,"caRRanzita🥷🏼",https://v16-webapp-prime.tiktok.com/video/tos/no1a/tos-no1a-ve-0068c001-no/o42EHdQBcF4vABkX4okWRsgEWEIzfFfDE3ZoCp/?a=1988&bti=ODszNWYuMDE6&ch=0&cr=3&dr=0&lr=all&cd=0%7C0%7C0%7C&cv=1&br=1802&bt=901&cs=0&ds=3&ft=4fUEKMUm8Zmo0Hlv5I4jVM6yrpWrKsd.&mime_type=video_mp4&qs=0&rc=Nzo7ZWVoN2c8NDQ7aGc8Z0BpanlrM2w5cjhwNDMzbzczNUAyYWA2LS5fNTYxXjE2YS1jYSNrbHM0MmRrX29hLS1kMTFzcw%3D%3D&btag=e00088000&expire=1752943076&l=20250718003716523C51945ED5441D7CD9&ply_type=2&policy=2&signature=78baf1e92faa4572ecfe237d89eecf0a&tk=tt_chain_token,https://www.tiktok.com/carranzaaaaaaa/video/7527597876831096086,"",44200,575,2135,682600,"fyp‚desokupa‚okupas‚torrepacheco","fyp‚desokupa‚okupas‚torrepacheco","",,"","iPhone 16,IPHONE EVENING CAPTURE",""
7527251479317515542,7527251479317515542,"pablomiranzo","pablomiranzo",2018,845,103,https://p77-sign-va.tiktokcdn.com/tos-maliva-avt-0068/b28353305e722ea9d04b0de44fdf564e~tplv-tiktokx-cropcenter:100:100.jpeg?dr=14579&refresh_token=294fbb2e&x-expires=1752940800&x-signature=9pCD0QQeChpStzFeaL7dNyzlf5A%3D&t=4d5b0474&ps=13740610&shp=a5d48078&shcp=81f88b70&idc=maliva,"Cuarta noche de disturbios contra la presencia de grupos ultras en el pueblo de Torre-Pacheco",Tue Jul 15 2025,1752574813,no,no,"sonido original",7527251462549113622,https://v16m.tiktokcdn.com/1c1266739e45b35cba7caf2794232cdf/687a78da/video/tos/no1a/tos-no1a-v-2370-no/ocY2W0yAiNmxBikBLAyEAwCKdxAOAgB1KE2fEk/?a=1233&bti=ODszNWYuMDE6&ch=0&cr=0&dr=0&er=0&lr=default&cd=0%7C0%7C0%7C0&br=250&bt=125&ds=5&ft=.NpOcInz7ThkRywKXq8Zmo&mime_type=audio_mpeg&qs=13&rc=MzczZm85cnI1NDMzbzU8NUBpMzczZm85cnI1NDMzbzU8NUBka2ctMmRzam9hLS1kMTFzYSNka2ctMmRzam9hLS1kMTFzcw%3D%3D&vvpl=1&l=20250718003716523C51945ED5441D7CD9&btag=e00050000&cc=3,https://p77-sign-va.tiktokcdn.com/tos-maliva-avt-0068/b28353305e722ea9d04b0de44fdf564e~tplv-tiktokx-cropcenter:1080:1080.jpeg?dr=14579&refresh_token=019cc389&x-expires=1752940800&x-signature=T4IgvbMshIj7j6ucUH1hj9uBZUQ%3D&t=4d5b0474&ps=13740610&shp=a5d48078&shcp=81f88b70&idc=maliva,"pablomiranzo",https://v16-webapp-prime.tiktok.com/video/tos/no1a/tos-no1a-ve-0068c001-no/oo02joBYEzwiAFF9MQkIkgFLb4PdBfDkEExfRl/?a=1988&bti=ODszNWYuMDE6&ch=0&cr=3&dr=0&lr=all&cd=0%7C0%7C0%7C&cv=1&br=1622&bt=811&cs=0&ds=3&ft=4fUEKMUm8Zmo0Hlv5I4jVM6yrpWrKsd.&mime_type=video_mp4&qs=0&rc=NjkzaDNlNmgzOWhmODpnZUBpamw7M2w5cng1NDMzbzczNUBeMDBhYC1hNjUxYF8wXl4xYSNzYDQzMmQ0ZW9hLS1kMTFzcw%3D%3D&btag=e00090000&expire=1752943194&l=20250718003716523C51945ED5441D7CD9&ply_type=2&policy=2&signature=fd45b9328fcecaeae14d0e150a8db1e3&tk=tt_chain_token,https://www.tiktok.com/pablomiranzo/video/7527251479317515542,"",385,30,83,24400,"","","",,"Disturbios en Torre Pachecho la noche   del lunes 14 de julio","iPhone 16,IPHONE EVENING CAPTURE",""
7527321600320867606,7527321600320867606,"pacofosz","pacofosz",17800,3,51,https://p77-sign-va.tiktokcdn.com/tos-maliva-avt-0068/7ff88e77506f92e20a015c08c3628a42~tplv-tiktokx-cropcenter:100:100.jpeg?dr=14579&refresh_token=b054ca5a&x-expires=1752940800&x-signature=fZuVYsSNokzNZ%2BxDszm25XxAA6s%3D&t=4d5b0474&ps=13740610&shp=a5d48078&shcp=81f88b70&idc=maliva,"TORRE PACHECO ÚLTIMA HORA #ultimahoratorrepacheco #torrepacheco #españa ",Tue Jul 15 2025,1752591139,no,no,"sonido original",7527321600607619862,https://v77.tiktokcdn.com/7e6f47fbdfc6c9e2c26c0c66c90202c5/687a7884/video/tos/no1a/tos-no1a-v-2370-no/oEiWyAb0OBmcC9TAizszBEaAyc2fEQSAKh1wEB/?a=1233&bti=ODszNWYuMDE6&ch=0&cr=0&dr=0&er=0&lr=default&cd=0%7C0%7C0%7C0&br=250&bt=125&ds=5&ft=.NpOcInz7ThkRywKXq8Zmo&mime_type=audio_mpeg&qs=13&rc=anc8dW05cjw5NDMzbzU8NUBpanc8dW05cjw5NDMzbzU8NUBubS9kMmRzam9hLS1kMTFzYSNubS9kMmRzam9hLS1kMTFzcw%3D%3D&vvpl=1&l=20250718003716523C51945ED5441D7CD9&btag=e00050000&cc=13,https://p77-sign-va.tiktokcdn.com/tos-maliva-avt-0068/7ff88e77506f92e20a015c08c3628a42~tplv-tiktokx-cropcenter:1080:1080.jpeg?dr=14579&refresh_token=9b6dea69&x-expires=1752940800&x-signature=brbJQZ9QRd56u8yjfmPwmAaeWHo%3D&t=4d5b0474&ps=13740610&shp=a5d48078&shcp=81f88b70&idc=maliva,"pacofosz",https://v16-webapp-prime.tiktok.com/video/tos/no1a/tos-no1a-ve-0068c001-no/ow9lHPonEUMAi2FDWIBQaBzEZm8EY3xBiab4Z/?a=1988&bti=ODszNWYuMDE6&ch=0&cr=3&dr=0&lr=all&cd=0%7C0%7C0%7C&cv=1&br=904&bt=452&cs=0&ds=3&ft=4fUEKMUm8Zmo0Hlv5I4jVM6yrpWrKsd.&mime_type=video_mp4&qs=0&rc=OzQzZjg1aTk6OjxnZGhpN0BpM3V0PHc5cnE5NDMzbzczNUAvMzNiX2I0Ni0xYDFfX2IuYSMvXmYzMmQ0ZW9hLS1kMTFzcw%3D%3D&btag=e00090000&expire=1752943108&l=20250718003716523C51945ED5441D7CD9&ply_type=2&policy=2&signature=c04c957c10762037b636746a712db722&tk=tt_chain_token,https://www.tiktok.com/pacofosz/video/7527321600320867606,"",1957,296,348,111900,"ultimahoratorrepacheco‚torrepacheco‚españa","ultimahoratorrepacheco‚torrepacheco‚españa","",,"TORRE PACHECO AMENAZAN CON ARMAS","iPhone 16,IPHONE EVENING CAPTURE",""
7526564533641563414,7526564533641563414,"lavidadecarlossolas","Carlos Solas",50300,14500,451,https://p16-common-sign-useastred.tiktokcdn-eu.com/tos-useast2a-avt-0068-euttp/2d6ade6aa6ce66e1a3d4044651596f0f~tplv-tiktokx-cropcenter:100:100.jpeg?dr=14579&refresh_token=e00177b2&x-expires=1752940800&x-signature=um%2BDn8tVMIlaVDoHDdYs0%2F5v83A%3D&t=4d5b0474&ps=13740610&shp=a5d48078&shcp=81f88b70&idc=maliva,"por favor tTODOS QUEREMOS que encuentren a los culpables de lo de #torrepacheco todos...dejar de meter en el saco a todos los #inmigrantes los de #vox estais equivocandoos con esta caceria... ppr fsvor #marruecos🇲🇦🇪🇸españa no entreis en provacion",Sun Jul 13 2025,1752414871,no,no,"sonido original",7526564558208158486,https://v77.tiktokcdn.com/193e0198e9f1d7281554a9d0fef5ebfa/687a7892/video/tos/no1a/tos-no1a-v-2370-no/ocAAgtiEECw0NhOfSuiyzJBqap13kKBsBAdEA6/?a=1233&bti=ODszNWYuMDE6&ch=0&cr=0&dr=0&er=0&lr=default&cd=0%7C0%7C0%7C0&br=250&bt=125&ds=5&ft=.NpOcInz7ThkRywKXq8Zmo&mime_type=audio_mpeg&qs=13&rc=MzN4N3Q5cjl1NDMzbzU8NUBpMzN4N3Q5cjl1NDMzbzU8NUBhaWpqMmRzaW1hLS1kMTFzYSNhaWpqMmRzaW1hLS1kMTFzcw%3D%3D&vvpl=1&l=20250718003716523C51945ED5441D7CD9&btag=e00050000&cc=13,https://p16-common-sign-useastred.tiktokcdn-eu.com/tos-useast2a-avt-0068-euttp/2d6ade6aa6ce66e1a3d4044651596f0f~tplv-tiktokx-cropcenter:1080:1080.jpeg?dr=14579&refresh_token=85bbde16&x-expires=1752940800&x-signature=ht50bvng7xYPr%2BLT0CXsawtfgK8%3D&t=4d5b0474&ps=13740610&shp=a5d48078&shcp=81f88b70&idc=maliva,"Carlos Solas",https://v16-webapp-prime.tiktok.com/video/tos/no1a/tos-no1a-ve-0068c001-no/oIOC75iOzIBlR9QAynOwfziF0zEPI3yCyIrduA/?a=1988&bti=ODszNWYuMDE6&ch=0&cr=3&dr=0&lr=all&cd=0%7C0%7C0%7C&cv=1&br=1578&bt=789&cs=0&ds=3&ft=4fUEKMUm8Zmo0Hlv5I4jVM6yrpWrKsd.&mime_type=video_mp4&qs=0&rc=aWQ2ZjZpaWg0NGg0NDdkNkBpam1ldnc5cjt1NDMzbzczNUBeNTZeNTZgX14xYC41My8vYSNna3IvMmRzZm1hLS1kMTFzcw%3D%3D&btag=e00090000&expire=1752943122&l=20250718003716523C51945ED5441D7CD9&ply_type=2&policy=2&signature=136f96bd2cb6744a68e9eea5df719310&tk=tt_chain_token,https://www.tiktok.com/lavidadecarlossolas/video/7526564533641563414,"",14200,870,2472,490800,"torrepacheco‚inmigrantes‚vox‚marruecos🇲🇦🇪🇸españa","torrepacheco‚inmigrantes‚vox‚marruecos🇲🇦🇪🇸españa","",,"El Video del Anciano de   Torrepacheco‚ era este  señor. No difundais mas  bulos.  ","iPhone 16,IPHONE EVENING CAPTURE",""
7527019171150826808,7527019171150826808,"othmane.zain.2","Othmane.zain",18900,2058,64,https://p16-sign-sg.tiktokcdn.com/tos-alisg-avt-0068/9acfa919ccb4d52d3a961531e560b393~tplv-tiktokx-cropcenter:100:100.jpeg?dr=14579&refresh_token=968f1cdf&x-expires=1752940800&x-signature=pA7DvStBssn75CZMYli9GtdvDLw%3D&t=4d5b0474&ps=13740610&shp=a5d48078&shcp=81f88b70&idc=maliva,"مورسيا Torre-Pacheco أحداث  #creatorsearchinsights #torrepacheco #torrepachecomurcia #murcia #murcia ",Mon Jul 14 2025,1752520724,no,no,"sonido original",7527019189971422008,https://v77.tiktokcdn.com/4535b69e543b584bee171b005edbebb0/687a78b9/video/tos/useast2a/tos-useast2a-v-27dcd7/oU3HCPACEOiKQ01lmAYWBziSBHAUwV2ABEadW/?a=1233&bti=ODszNWYuMDE6&ch=0&cr=0&dr=0&er=0&lr=default&cd=0%7C0%7C0%7C0&br=250&bt=125&ds=5&ft=.NpOcInz7ThkRywKXq8Zmo&mime_type=audio_mpeg&qs=13&rc=M2pyNm45cjpvNDMzNzU8M0BpM2pyNm45cjpvNDMzNzU8M0BfMmgyMmQ0ZG5hLS1kMTZzYSNfMmgyMmQ0ZG5hLS1kMTZzcw%3D%3D&vvpl=1&l=20250718003716523C51945ED5441D7CD9&btag=e00050000&cc=13,https://p16-sign-sg.tiktokcdn.com/tos-alisg-avt-0068/9acfa919ccb4d52d3a961531e560b393~tplv-tiktokx-cropcenter:1080:1080.jpeg?dr=14579&refresh_token=fd46fd64&x-expires=1752940800&x-signature=XUSJFVus8gfIHvAq49yUP7GS3yU%3D&t=4d5b0474&ps=13740610&shp=a5d48078&shcp=81f88b70&idc=maliva,"Othmane.zain",https://v16-webapp-prime.tiktok.com/video/tos/useast2a/tos-useast2a-ve-0068c001/oQG1t8oOfAI0yvFLQBI0iSA5XigkiCPGSqNEaw/?a=1988&bti=ODszNWYuMDE6&ch=0&cr=3&dr=0&lr=all&cd=0%7C0%7C0%7C&cv=1&br=1746&bt=873&cs=0&ds=3&ft=4fUEKMUm8Zmo0Hlv5I4jVM6yrpWrKsd.&mime_type=video_mp4&qs=0&rc=NGg2NzQ8OWg7OWY3Nzk4O0BpanZyO2o5cnBvNDMzNzczM0AzNWItYjAzXjUxXmMzMTIvYSNwYWQ2MmRzY25hLS1kMTZzcw%3D%3D&btag=e00090000&expire=1752943161&l=20250718003716523C51945ED5441D7CD9&ply_type=2&policy=2&signature=35abce355eedb4e5a47090d357ee9715&tk=tt_chain_token,https://www.tiktok.com/othmane.zain.2/video/7527019171150826808,"",193,21,4,7011,"creatorsearchinsights‚torrepacheco‚torrepachecomurcia‚murcia‚murcia","creatorsearchinsights‚torrepacheco‚torrepachecomurcia‚murcia","",,"","iPhone 16,IPHONE EVENING CAPTURE",""
7527998992899427591,7527998992899427591,"pine.apple410","Piña 🍍",12200,208,38,https://p16-sign-sg.tiktokcdn.com/tos-alisg-avt-0068/07159caa4039ffe77b1326141de2fad8~tplv-tiktokx-cropcenter:100:100.jpeg?dr=14579&refresh_token=1d00b9c8&x-expires=1752940800&x-signature=EjH60G3V6avpLYOZ1%2FnmkUaetso%3D&t=4d5b0474&ps=13740610&shp=a5d48078&shcp=81f88b70&idc=maliva,"marroquíes en torre pacheco ahora mismo  #comida #paratiiiiiiiiiiiiiiiiiiiiiiiiiiiiiii #torrepacheco #fypシ゚ #piña ",Thu Jul 17 2025,1752748853,no,no,"Passionate Spanish Flamenco, Spanish(1324031)",7157005692988852225,https://sf16-ies-music-va.tiktokcdn.com/obj/tos-useast2a-ve-2774/908aa53f78c44cd793d9c33f18b678fd,https://p16-amd-va.tiktokcdn.com/img/tos-useast2a-v-2774/21ebc5fa64514d34b1af12efb1dcd385~c5_720x720.jpeg,"tmk93",https://v16-webapp-prime.tiktok.com/video/tos/alisg/tos-alisg-pve-0037c001/o8KLKbEEIDAQE2efe0Fo4zt4T2F7MIA7DCNjQj/?a=1988&bti=ODszNWYuMDE6&ch=0&cr=3&dr=0&lr=all&cd=0%7C0%7C0%7C&br=2388&bt=1194&cs=0&ds=3&ft=4fUEKMUm8Zmo0Hlv5I4jVM6yrpWrKsd.&mime_type=video_mp4&qs=0&rc=OTZkOGhmNmhmZ2k4NTlpNUBpamRpeWs5cmtnNDMzODczNEAtYC4yMTZjXzMxL2NfMy8wYSM2ZGtyMmQ0L3BhLS1kMTFzcw%3D%3D&btag=e00090000&expire=1752943106&l=20250718003716523C51945ED5441D7CD9&ply_type=2&policy=2&signature=427a5bd3e422c1cf0eefad78b5ff6c36&tk=tt_chain_token,https://www.tiktok.com/pine.apple410/video/7527998992899427591,"",7087,54,395,56600,"comida‚paratiiiiiiiiiiiiiiiiiiiiiiiiiiiiiii‚torrepacheco‚fypシ゚‚piña","comida‚paratiiiiiiiiiiiiiiiiiiiiiiiiiiiiiii‚torrepacheco‚fypシ゚‚piña","",,"","iPhone 16,IPHONE EVENING CAPTURE",""
7527806493496823062,7527806493496823062,"diidac.rmm","Diidac.rm",2720,61700,35,https://p77-sign-va.tiktokcdn.com/tos-maliva-avt-0068/823a3a016a23341ca901a2a84ae3f582~tplv-tiktokx-cropcenter:100:100.jpeg?dr=14579&refresh_token=e130d84f&x-expires=1752940800&x-signature=EmBnYJEo%2Bws%2FgUAZn1cKv3S%2B9Rg%3D&t=4d5b0474&ps=13740610&shp=a5d48078&shcp=81f88b70&idc=maliva,"ultras acabando de llegar!!! 🚨 ‼️ ‼️  #parati #paratii #fyp #lentejas #torrepacheco ",Thu Jul 17 2025,1752704036,no,no,"sonido original",6598339088632253189,https://v77.tiktokcdn.com/2060335ef27853b539a3c8bb542dcbc0/687a784c/video/tos/alisg/tos-alisg-v-27dcd7/3dcd30b9e0674c10afba8949fe115f88/?a=1233&bti=ODszNWYuMDE6&ch=0&cr=0&dr=0&er=0&lr=default&cd=0%7C0%7C0%7C0&br=250&bt=125&ds=5&ft=.NpOcInz7ThkRywKXq8Zmo&mime_type=audio_mpeg&qs=13&rc=M212ZDU6ZjVnNzMzODU8NEBpM212ZDU6ZjVnNzMzODU8NEAtXjBecjQwLmFgLS1kMS1zYSMtXjBecjQwLmFgLS1kMS1zcw%3D%3D&vvpl=1&l=20250718003716523C51945ED5441D7CD9&btag=e00078000&cc=13,https://p16-sign-va.tiktokcdn.com/tos-maliva-avt-0068/26551eef95f783055e29569dcbd05b28~tplv-tiktokx-cropcenter:1080:1080.jpeg?dr=14579&refresh_token=ae0fe734&x-expires=1752940800&x-signature=iGLhaFYM%2BVgDTMKgEufSRAFFOQw%3D&t=4d5b0474&ps=13740610&shp=a5d48078&shcp=81f88b70&idc=maliva,"Dallan",https://v16-webapp-prime.tiktok.com/video/tos/no1a/tos-no1a-ve-0068c001-no/osJG4A8hByQNNiE0tPifCAwxjLtWGFIrIDBxCT/?a=1988&bti=ODszNWYuMDE6&ch=0&cr=3&dr=0&lr=all&cd=0%7C0%7C0%7C&cv=1&br=2402&bt=1201&cs=0&ds=3&ft=4fUEKMUm8Zmo0Hlv5I4jVM6yrpWrKsd.&mime_type=video_mp4&qs=0&rc=ZWY0OjVpPDw1OjpkZjQzNEBpajZxbGs5cjw1NDMzbzczNUBgMl9eLjBhNTYxMWMwL181YSMvbTZpMmRzM3BhLS1kMTFzcw%3D%3D&btag=e000b8000&expire=1752943059&l=20250718003716523C51945ED5441D7CD9&ply_type=2&policy=2&signature=be431afc218e28ef125f5ebd9da43eb2&tk=tt_chain_token,https://www.tiktok.com/diidac.rmm/video/7527806493496823062,"",5433,341,425,157000,"parati‚paratii‚fyp‚lentejas‚torrepacheco","parati‚paratii‚fyp‚lentejas‚torrepacheco","",,"Ultras acaban de llegar a torre pacheco 🚨 ‼️ ‼️ ","iPhone 16,IPHONE EVENING CAPTURE",""
7526583351818325281,7526583351818325281,"okdiario_oficial","OKDIARIO",492200,4,4234,https://p16-sign-va.tiktokcdn.com/tos-maliva-avt-0068/205c6fc97062c1b72a7236b1ee737aa3~tplv-tiktokx-cropcenter:100:100.jpeg?dr=14579&refresh_token=b3faa5bb&x-expires=1752940800&x-signature=jJw4WWMnGmGkAvUVIRIjpLMSDoA%3D&t=4d5b0474&ps=13740610&shp=a5d48078&shcp=81f88b70&idc=maliva,"💥 Un chico magrebí critica duramente la actitud de los jóvenes magrebíes que están atacando a los vecinos de Torre Pacheco #Magrebí #España #África #Europa #Noticias #Sucesos #TorrePacheco",Sun Jul 13 2025,1752419262,no,no,"sonido original - OKDIARIO",7526583292263451424,https://v16m.tiktokcdn.com/c041928bc9757737f92b0956f13caa04/687a787d/video/tos/useast2a/tos-useast2a-v-2370-euttp/ooCDA8VzEqoEfBYA0BBeoEggPcyJiXiQA7TUNo/?a=1233&bti=ODszNWYuMDE6&ch=0&cr=0&dr=0&er=0&lr=default&cd=0%7C0%7C0%7C0&br=250&bt=125&ds=5&ft=.NpOcInz7ThkRywKXq8Zmo&mime_type=audio_mpeg&qs=13&rc=am9oZG45cmp2NDMzZjU8M0Bpam9oZG45cmp2NDMzZjU8M0AzZC9pMmRja21hLS1kMWNzYSMzZC9pMmRja21hLS1kMWNzcw%3D%3D&vvpl=1&l=20250718003716523C51945ED5441D7CD9&btag=e00050000&cc=3,https://p77-sign-va.tiktokcdn.com/tos-maliva-avt-0068/205c6fc97062c1b72a7236b1ee737aa3~tplv-tiktokx-cropcenter:1080:1080.jpeg?dr=14579&refresh_token=517adf6e&x-expires=1752940800&x-signature=zuw8Ghg%2Ba7U4tD4wGR6VbwB5Njg%3D&t=4d5b0474&ps=13740610&shp=a5d48078&shcp=81f88b70&idc=maliva,"OKDIARIO",,https://www.tiktok.com/okdiario_oficial/video/7526583351818325281,"",41000,1553,1629,587400,"magrebí‚españa‚áfrica‚europa‚noticias‚sucesos‚torrepacheco","magrebí‚españa‚áfrica‚europa‚noticias‚sucesos‚torrepacheco","",,"","iPhone 16,IPHONE EVENING CAPTURE",""
7527385654066679042,7527385654066679042,"bondis456","bondis456",251,0,3,https://p16-sign-useast2a.tiktokcdn.com/tos-useast2a-avt-0068-euttp/2874281b75a7b8ef3aaf195d2ee49985~tplv-tiktokx-cropcenter:100:100.jpeg?dr=14579&refresh_token=6b872647&x-expires=1752940800&x-signature=xTnTJ9II3xrM0K6niMbw4U8RS8U%3D&t=4d5b0474&ps=13740610&shp=a5d48078&shcp=81f88b70&idc=maliva,"Si o no? #torrepacheco #humor ",Tue Jul 15 2025,1752606051,no,no,"sonido original",7527385658765282070,https://v77.tiktokcdn.com/789d1f74fbb0a36a849e8aea64bebbfe/687a7874/video/tos/no1a/tos-no1a-v-2370-no/ogkBdrvCBqdDxMghAAAJWmfVUeFF2pEogEQEQZ/?a=1233&bti=ODszNWYuMDE6&ch=0&cr=0&dr=0&er=0&lr=default&cd=0%7C0%7C0%7C0&br=250&bt=125&ds=5&ft=.NpOcInz7ThkRywKXq8Zmo&mime_type=audio_mpeg&qs=13&rc=M3h0OGo5cnNkNDMzbzU8NUBpM3h0OGo5cnNkNDMzbzU8NUA1ZHEwMmRrXm9hLS1kMTFzYSM1ZHEwMmRrXm9hLS1kMTFzcw%3D%3D&vvpl=1&l=20250718003716523C51945ED5441D7CD9&btag=e00048000&cc=13,https://p16-sign-useast2a.tiktokcdn.com/tos-useast2a-avt-0068-euttp/2874281b75a7b8ef3aaf195d2ee49985~tplv-tiktokx-cropcenter:1080:1080.jpeg?dr=14579&refresh_token=362be9ce&x-expires=1752940800&x-signature=rAjH0XknjSfAWrZpEnx7h9FOHmM%3D&t=4d5b0474&ps=13740610&shp=a5d48078&shcp=81f88b70&idc=maliva,"bondis456",https://v16-webapp-prime.tiktok.com/video/tos/no1a/tos-no1a-ve-0068-no/oIgFrEqpoFXGDZv2ADB8NPRdFQQIkEfRLE2e3G/?a=1988&bti=ODszNWYuMDE6&ch=0&cr=3&dr=0&lr=all&cd=0%7C0%7C0%7C&cv=1&br=1588&bt=794&cs=0&ds=3&ft=4fUEKMUm8Zmo0Hlv5I4jVM6yrpWrKsd.&mime_type=video_mp4&qs=0&rc=NzQ4ZDU3ZTplNjg1PDM8OUBpM3M5Z3U5cmVkNDMzbzczNUA0YS0tYzA1XmMxMS4zNS4vYSMwamljMmRzNW9hLS1kMTFzcw%3D%3D&btag=e00088000&expire=1752943092&l=20250718003716523C51945ED5441D7CD9&ply_type=2&policy=2&signature=5a501506d2fb502bd86c7f26be1ba279&tk=tt_chain_token,https://www.tiktok.com/bondis456/video/7527385654066679042,"",108900,387,30300,788800,"torrepacheco‚humor","torrepacheco‚humor","",,"POV: Vas a por el pan en torre Pacheco ","iPhone 16,IPHONE EVENING CAPTURE",""
7527005774590102806,7527005774590102806,"albaannyy_","𝒜𝓁𝒷𝒶",10500,15900,244,https://p77-sign-va.tiktokcdn.com/tos-maliva-avt-0068/9deb42ef426675c51b5aa3f83418ab7c~tplv-tiktokx-cropcenter:100:100.jpeg?dr=14579&refresh_token=8fb50f81&x-expires=1752940800&x-signature=mZPEUjM95a8RvTuOlL2ml76IY%2F4%3D&t=4d5b0474&ps=13740610&shp=a5d48078&shcp=81f88b70&idc=maliva,"ESTO NO ES JUSTICIA ES RACISMO PURO. Para quienes no sepáis es DonKebab‚ y a ese hombre le vamos a brindar ayuda entre todos‚ Torre Pacheco cada vez se está poniendo peor‚ y ni las fuerzas del estado ni el alcalde del pueblo hacen nada al respecto‚ esto no se va a quedar así . #parati #torrepacheco #murcia #fyp #noalaviolencia #foryou ",Mon Jul 14 2025,1752517604,no,no,"Powerful songs like action movie music",6817460952171022337,https://sf16-ies-music-va.tiktokcdn.com/obj/tos-useast2a-ve-2774/6e5642bedffc4a8ebe16ac44c5c17543,https://p16-amd-va.tiktokcdn.com/img/tos-useast2a-v-2774/aad6171126d348a7bcc931beba99ee3b~c5_720x720.jpeg,"Tansa",https://v16-webapp-prime.tiktok.com/video/tos/no1a/tos-no1a-ve-0068c001-no/osEGQ6Q1wiHpIDf2FJXLcfuAINIg1rEIYAeLjV/?a=1988&bti=ODszNWYuMDE6&ch=0&cr=3&dr=0&lr=all&cd=0%7C0%7C0%7C&cv=1&br=1456&bt=728&cs=0&ds=3&ft=4fUEKMUm8Zmo0Hlv5I4jVM6yrpWrKsd.&mime_type=video_mp4&qs=0&rc=MzVoNjM7PDs3PGY1aDs7OEBpam81c3c5cnJuNDMzbzczNUAyLjJhLzIzXmIxY2FgLy1fYSNzc2ViMmRzaW5hLS1kMTFzcw%3D%3D&btag=e00088000&expire=1752943090&l=20250718003716523C51945ED5441D7CD9&ply_type=2&policy=2&signature=c3c5468b9d855c8de92b71580fabf398&tk=tt_chain_token,https://www.tiktok.com/albaannyy_/video/7527005774590102806,"",980,162,68,40700,"parati‚torrepacheco‚murcia‚fyp‚noalaviolencia‚foryou","parati‚torrepacheco‚murcia‚fyp‚noalaviolencia‚foryou","",,"Destrozan el negocio de un pobre hombre marroquí en Torre Pacheco Murcía","iPhone 16,IPHONE EVENING CAPTURE",""
7527598691847310594,7527598691847310594,"warzone.83tv","Warzone.83",117900,834,1146,https://p16-sign-useast2a.tiktokcdn.com/tos-useast2a-avt-0068-euttp/367038c79d3538a04d5108a65879f26f~tplv-tiktokx-cropcenter:100:100.jpeg?dr=14579&refresh_token=ede6cd47&x-expires=1752940800&x-signature=ACJ7LcjaxWE64EzL7B5lqPrGP%2Bw%3D&t=4d5b0474&ps=13740610&shp=a5d48078&shcp=81f88b70&idc=maliva,"#manifestacion #torrepacheco #murcia #españa #desokupa #marlaska ",Wed Jul 16 2025,1752655654,no,no,"sonido original",7527598729436662550,https://v77.tiktokcdn.com/fb3797ddf9c4cc1ce3ada3a195f3882d/687a7b08/video/tos/no1a/tos-no1a-v-2370-no/owtJ2dEBhA5PV3kzUhc1ZsgEDfC7FFAe4BAo2E/?a=1233&bti=ODszNWYuMDE6&ch=0&cr=0&dr=0&er=0&lr=default&cd=0%7C0%7C0%7C0&br=250&bt=125&ds=5&ft=.NpOcInz7ThkRywKXq8Zmo&mime_type=audio_mpeg&qs=13&rc=ang2ZnU5cmdwNDMzbzU8NUBpang2ZnU5cmdwNDMzbzU8NUBqbDNiMmRjYm9hLS1kMTFzYSNqbDNiMmRjYm9hLS1kMTFzcw%3D%3D&vvpl=1&l=20250718003716523C51945ED5441D7CD9&btag=e00068000&cc=13,https://p16-sign-useast2a.tiktokcdn.com/tos-useast2a-avt-0068-euttp/367038c79d3538a04d5108a65879f26f~tplv-tiktokx-cropcenter:1080:1080.jpeg?dr=14579&refresh_token=8e138d93&x-expires=1752940800&x-signature=5JPBBYJCKbsL892Mxr%2B05eSfpPQ%3D&t=4d5b0474&ps=13740610&shp=a5d48078&shcp=81f88b70&idc=maliva,"Warzone.83",https://v16-webapp-prime.tiktok.com/video/tos/no1a/tos-no1a-ve-0068-no/oIrEX0RUQZzEkLdBcufDfFMRYwAFhu2gBL4oIE/?a=1988&bti=ODszNWYuMDE6&ch=0&cr=3&dr=0&lr=all&cd=0%7C0%7C0%7C&cv=1&br=752&bt=376&cs=0&ds=3&ft=4fUEKMUm8Zmo0Hlv5I4jVM6yrpWrKsd.&mime_type=video_mp4&qs=0&rc=ZTk5ZWUzOzkzPDw3Nmk5aEBpM2hoO3M5cmZwNDMzbzczNUA0YGEwLzZjXzQxMjEwY142YSMwZWVqMmQ0YG9hLS1kMTFzcw%3D%3D&btag=e000a8000&expire=1752943752&l=20250718003716523C51945ED5441D7CD9&ply_type=2&policy=2&signature=8eef4374d9899bbeda6af1ae74ed2deb&tk=tt_chain_token,https://www.tiktok.com/warzone.83tv/video/7527598691847310594,"",3921,358,291,67300,"manifestacion‚torrepacheco‚murcia‚españa‚desokupa‚marlaska","manifestacion‚torrepacheco‚murcia‚españa‚desokupa‚marlaska","",,"OS DEJO EL VIDEO YA QUE EL ANTERIOR SE QUEDA PILLADO ","IPHONE EVENING CAPTURE,iPhone 16",""
7526324396802231574,7526324396802231574,"sergioshark.oficial","Sergio Shark Oficial",42800,84000,908,https://p77-sign-va.tiktokcdn.com/tos-maliva-avt-0068/833be4af17eb4da9f72014bdb7604aaa~tplv-tiktokx-cropcenter:100:100.jpeg?dr=14579&refresh_token=9bba0481&x-expires=1752940800&x-signature=oqO9a%2F4XEIqFBQJhf9vmHUoMvdI%3D&t=4d5b0474&ps=13740610&shp=a5d48078&shcp=81f88b70&idc=maliva,"Sígueme para más | Caos en Torre Pacheco‚ el pueblo Murciano vive esta noche grandes momentos tensos entre una protesta totalmente PACIFICA por parte de los habitantes del pueblo es rota por inmigrantes ilegales que asaltan con gran preparación.  En cambio en la Sexta se da la vuelta completamente a la realidad‚ diciendo que es culpa de los españoles y que son grupos ultras. Falso todos los que se manifestaban hoy en Torre Pacheco eran de alli‚ porque los accesos al pueblos estaban controlados. #torrepacheco #Murcia #inmigracion #inseguridad ",Sun Jul 13 2025,1752358958,no,no,"sonido original",7526324396449975062,https://v77.tiktokcdn.com/ebdc1842185c35caacb69c0a62cfc0f7/687a7874/video/tos/no1a/tos-no1a-v-2370-no/oU4MrOCKiYWHljWAv9BgiAFBZyDLAEMEBaBAw/?a=1233&bti=ODszNWYuMDE6&ch=0&cr=0&dr=0&er=0&lr=default&cd=0%7C0%7C0%7C0&br=250&bt=125&ds=5&ft=.NpOcInz7ThkRywKXq8Zmo&mime_type=audio_mpeg&qs=13&rc=anBtbWo5cmZoNDMzbzU8NUBpanBtbWo5cmZoNDMzbzU8NUBlbmUvMmRrLW1hLS1kMTFzYSNlbmUvMmRrLW1hLS1kMTFzcw%3D%3D&vvpl=1&l=20250718003716523C51945ED5441D7CD9&btag=e00048000&cc=13,https://p77-sign-va.tiktokcdn.com/tos-maliva-avt-0068/833be4af17eb4da9f72014bdb7604aaa~tplv-tiktokx-cropcenter:1080:1080.jpeg?dr=14579&refresh_token=b280c449&x-expires=1752940800&x-signature=mIIm0T%2FUobKVtUagut2%2F1TnphkY%3D&t=4d5b0474&ps=13740610&shp=a5d48078&shcp=81f88b70&idc=maliva,"Sergio Shark Oficial",https://v16-webapp-prime.tiktok.com/video/tos/no1a/tos-no1a-ve-0068-no/o4i91D70OAQuCq3Qiw3WNI5AyOyfExbiCbMwIB/?a=1988&bti=ODszNWYuMDE6&ch=0&cr=3&dr=0&lr=all&cd=0%7C0%7C0%7C&cv=1&br=1048&bt=524&cs=0&ds=3&ft=4fUEKMUm8Zmo0Hlv5I4jVM6yrpWrKsd.&mime_type=video_mp4&qs=0&rc=NTc5NTY7NmRlaGk3PGY7M0BpM2Rod2o5cnVnNDMzbzczNUAwLS1jLS1gXzExNjZhMV41YSMzcW9hMmRzcW1hLS1kMTFzcw%3D%3D&btag=e00088000&expire=1752943092&l=20250718003716523C51945ED5441D7CD9&ply_type=2&policy=2&signature=2972019033e45cc68d955a2f853dceb6&tk=tt_chain_token,https://www.tiktok.com/sergioshark.oficial/video/7526324396802231574,"",39400,2671,4634,1100000,"torrepacheco‚murcia‚inmigracion‚inseguridad","torrepacheco‚murcia‚inmigracion‚inseguridad","",,"INMIGRANTES ILEGAL ROMPEN LA PROSTESTA  PACIFICA EN TORRE PACHECO Y ASALTAN CON VIOLENCI*","iPhone 16,IPHONE EVENING CAPTURE",""
7527427990985116950,7527427990985116950,"isak20251","ISHAK🫶🏻",52,1196,4,https://p77-sign-va.tiktokcdn.com/tos-maliva-avt-0068/ce95e156f721da1fd7a8a7ff25e9bc0f~tplv-tiktokx-cropcenter:100:100.jpeg?dr=14579&refresh_token=aa9de6be&x-expires=1752940800&x-signature=dW27j4511zewnwPvEGX4Vl8c%2Be4%3D&t=4d5b0474&ps=13740610&shp=a5d48078&shcp=81f88b70&idc=maliva,"#torrepacheco ",Tue Jul 15 2025,1752615910,no,no,"sonido original",7527427999258594070,https://v77.tiktokcdn.com/5dbaa775ee07ee4df81d04d01364aaaf/687a789c/video/tos/no1a/tos-no1a-v-2370-no/o4hAQLtoVGpIyJLmoWTIfeoAA2QMABeDPflGIO/?a=1233&bti=ODszNWYuMDE6&ch=0&cr=0&dr=0&er=0&lr=default&cd=0%7C0%7C0%7C0&br=250&bt=125&ds=5&ft=.NpOcInz7ThkRywKXq8Zmo&mime_type=audio_mpeg&qs=13&rc=am5yNnQ5cnRmNDMzbzU8NUBpam5yNnQ5cnRmNDMzbzU8NUBnZ3AyMmRra29hLS1kMTFzYSNnZ3AyMmRra29hLS1kMTFzcw%3D%3D&vvpl=1&l=20250718003716523C51945ED5441D7CD9&btag=e00050000&cc=13,https://p16-sign-va.tiktokcdn.com/tos-maliva-avt-0068/ce95e156f721da1fd7a8a7ff25e9bc0f~tplv-tiktokx-cropcenter:1080:1080.jpeg?dr=14579&refresh_token=f01d2802&x-expires=1752940800&x-signature=8ol6HQMgnc6owUa0tK8oRcwB1Rc%3D&t=4d5b0474&ps=13740610&shp=a5d48078&shcp=81f88b70&idc=maliva,"ISHAK🫶🏻",https://v16-webapp-prime.tiktok.com/video/tos/no1a/tos-no1a-ve-0068c001-no/oAFvmL8odAh7FLGQEkfsBRFBky3fEmHVEB8gID/?a=1988&bti=ODszNWYuMDE6&ch=0&cr=3&dr=0&lr=all&cd=0%7C0%7C0%7C&cv=1&br=1932&bt=966&cs=0&ds=3&ft=4fUEKMUm8Zmo0Hlv5I4jVM6yrpWrKsd.&mime_type=video_mp4&qs=0&rc=OWhnMztlZDNkNmk7NmU6NUBpM2V5aWw5cmtmNDMzbzczNUAvNjFhMGJgXzMxYV42MS5iYSNyamwtMmRra29hLS1kMTFzcw%3D%3D&btag=e00090000&expire=1752943133&l=20250718003716523C51945ED5441D7CD9&ply_type=2&policy=2&signature=d7f64e84f81f0654b32c8bc18b315e0e&tk=tt_chain_token,https://www.tiktok.com/isak20251/video/7527427990985116950,"",48,3,93,3288,"torrepacheco","torrepacheco","",,"","iPhone 16,IPHONE EVENING CAPTURE",""
7527304606569794838,7527304606569794838,"peruanit0123_","Peruanito123_",139,577,12,https://p16-common-sign-useastred.tiktokcdn-eu.com/tos-useast2a-avt-0068-euttp/af12f7a416ac4b90ec067241bba81aeb~tplv-tiktokx-cropcenter:100:100.jpeg?dr=14579&refresh_token=8b55b098&x-expires=1752940800&x-signature=sZP2fycsjOFeN0UHirfL8s8n9BI%3D&t=4d5b0474&ps=13740610&shp=a5d48078&shcp=81f88b70&idc=maliva,"",Tue Jul 15 2025,1752587182,no,no,"Tu No Metes Cabra - Remix",6708864335625586690,https://sf16-ies-music-va.tiktokcdn.com/obj/tos-useast2a-ve-2774/6c176c7da47d4171829d33f4a3da6218,https://p16-amd-va.tiktokcdn.com/img/tos-useast2a-v-2774/b85b5390f4a14f98a6ed7b3a81bb7ca3~c5_720x720.jpeg,"Bad Bunny",https://v16-webapp-prime.tiktok.com/video/tos/no1a/tos-no1a-ve-0068-no/oIG3WlXFDEl7f2upATFQk7RqtBfIoBFIElgTEd/?a=1988&bti=ODszNWYuMDE6&ch=0&cr=3&dr=0&lr=all&cd=0%7C0%7C0%7C&cv=1&br=1468&bt=734&cs=0&ds=3&ft=4fUEKMUm8Zmo0Hlv5I4jVM6yrpWrKsd.&mime_type=video_mp4&qs=0&rc=cnF8b2hsc2d3SkBwaHIxaDFybndmZTg6aWQ8OmdnZGdoOmc6ZkBpanBoZHE5cnQ4NDMzbzczNUBjRl5Nc3FePmJKYSNvYF90aHFmOiNjLmBgYmBfNV4xXzE1Xi00YSNzZ2MuMmRraG9hLS1kMTFzcw%3D%3D&btag=e000b0000&expire=1752943049&l=20250718003716523C51945ED5441D7CD9&ply_type=2&policy=2&signature=6d34d1a3fe30caa2f2f5bff4a06232d0&tk=tt_chain_token,https://www.tiktok.com/peruanit0123_/video/7527304606569794838,"",4641,36,863,37700,"","iliatopuria‚torrepacheco‚fyp‚foryoupage❤️❤️‚gitanos‚franco","",,"pov: los gitanos llegando a torrepacheco","IPHONE EVENING CAPTURE,iPhone 16",""
7526292267292790018,7526292267292790018,"mastuerzosfamily","Mastuerzos Family",57100,1624,1232,https://p16-sign-useast2a.tiktokcdn.com/tos-useast2a-avt-0068-euttp/d2a6340a683d809fe82a01aa422cf590~tplv-tiktokx-cropcenter:100:100.jpeg?dr=14579&refresh_token=706dfc0d&x-expires=1752940800&x-signature=R2p1S4WQrrN%2Fljcv%2FtD1LkUiGJ0%3D&t=4d5b0474&ps=13740610&shp=a5d48078&shcp=81f88b70&idc=maliva,"Xokas Opina De Lo Ocurrido En Torre Pacheco #elxokas #xokas #elxokasclip #xokasclip #torrepacheco #salseo #polemica #fyp #parati #mastuerzosfamily ",Sat Jul 12 2025,1752351477,no,no,"Motivational Sport Trap Hip Hop",7378262381699598387,https://sf16-ies-music-va.tiktokcdn.com/obj/tos-useast2a-ve-2774/owQinIBriiQ4ZPdI8UvuvSBA7IWMJm1U4TkvO,https://p16-amd-va.tiktokcdn.com/img/tos-useast2a-v-2774/o0HAskACbCBtAfn4tXblFtEg2eZgbpuALNDEAB~c5_720x720.jpeg,"LCA",https://v16-webapp-prime.tiktok.com/video/tos/no1a/tos-no1a-ve-0068-no/o8PJjiCEBBAyi6tB98EyFaY195QHI9BZNBQLl/?a=1988&bti=ODszNWYuMDE6&ch=0&cr=3&dr=0&lr=all&cd=0%7C0%7C0%7C&cv=1&br=1226&bt=613&cs=0&ds=3&ft=4fUEKMUm8Zmo0Hlv5I4jVM6yrpWrKsd.&mime_type=video_mp4&qs=0&rc=MzZnNTRlZDM7ODY1MzNmZEBpanYzeXM5cmdmNDMzbzczNUBjYDYyMTI0XjUxMy1iMmAuYSNyb14tMmQ0Mm1hLS1kMTFzcw%3D%3D&btag=e00090000&expire=1752943157&l=20250718003716523C51945ED5441D7CD9&ply_type=2&policy=2&signature=07e28e185d1a1c41497c583f745128cb&tk=tt_chain_token,https://www.tiktok.com/mastuerzosfamily/video/7526292267292790018,"",27100,947,1723,460200,"elxokas‚xokas‚elxokasclip‚xokasclip‚torrepacheco‚salseo‚polemica‚fyp‚parati‚mastuerzosfamily","elxokas‚xokas‚elxokasclip‚xokasclip‚torrepacheco‚salseo‚polemica‚fyp‚parati‚mastuerzosfamily","",,"@MastuerzosFamily ‚Directo Completo En El Canal De Twitch De "El Xokas"‚🚨Xokas Opina De Lo Ocurrido En Torre Pacheco🚨‚Xokas Opina De Lo Ocurrido En Torre Pacheco 💥💥💥","iPhone 16,IPHONE EVENING CAPTURE",""
7527853407189699862,7527853407189699862,"natiii_bnzz","natiii_bnzz",92,92,7,https://p77-sign-va.tiktokcdn.com/tos-maliva-avt-0068/ada1d11c21953735dd1aa5f9dac78500~tplv-tiktokx-cropcenter:100:100.jpeg?dr=14579&refresh_token=0159028a&x-expires=1752940800&x-signature=Pfu9xA9dC9F4038xmffMvTHUg28%3D&t=4d5b0474&ps=13740610&shp=a5d48078&shcp=81f88b70&idc=maliva,"Se os debería caer la cara de la vergüenza #TorrePacheco #politica #verguenza #viral ",Thu Jul 17 2025,1752714971,no,no,"En La Plaza De Mi Pueblo",6942520944787195906,https://sf16-ies-music-va.tiktokcdn.com/obj/tos-useast2a-ve-2774/oMkgQQ5YDoetiBVrgEfvCvaSFFsaxlBtd8sZEE,https://p16-amd-va.tiktokcdn.com/img/tos-useast2a-v-2774/7aa08cb10fc640a98e31ed2744a8f9b4~c5_720x720.jpeg,"Banda Republicana",https://v16-webapp-prime.tiktok.com/video/tos/no1a/tos-no1a-ve-0068-no/okF5iENQeAqnLXpgEuGEDjeDIkwfIvAPIIaAQD/?a=1988&bti=ODszNWYuMDE6&ch=0&cr=3&dr=0&lr=all&cd=0%7C0%7C0%7C&cv=1&br=1264&bt=632&cs=0&ds=3&ft=4fUEKMUm8Zmo0Hlv5I4jVM6yrpWrKsd.&mime_type=video_mp4&qs=0&rc=NjllaGU3OGg6Zzc4NzpkM0BpamU0M3E5cnQ3NDMzbzczNUAvLTVjY19gNV4xMWAwLTItYSNqNGwvMmRjcHBhLS1kMTFzcw%3D%3D&btag=e000b8000&expire=1752943064&l=20250718003716523C51945ED5441D7CD9&ply_type=2&policy=2&signature=99b320caed9104a3f2043a32ee5bbb75&tk=tt_chain_token,https://www.tiktok.com/natiii_bnzz/video/7527853407189699862,"",93,7,0,1027,"torrepacheco‚politica‚verguenza‚viral","torrepacheco‚politica‚verguenza‚Viral","",,"#Fuerzas TorrePacheco‚Lo que pasó en Torre Pacheco fue una auténtica vergüenza. Resulta que Vox y otros usaron la excusa de la paliza a un anciano para justificar que grupos ultras salieran a cazar inmigrantes marroquíes por las calles. Pero muchas de las cosas que dijeron eran mentira‚ se difundieron datos falsos solo para meter miedo a toda la gente del pueblo. Y lo más fuerte es que hasta la mujer del anciano tuvo que pedir que pararan porque la violencia solo estaba creando más problemas y no solucionaba nada.‚Hay que dejar algo claro: no todos los inmigrantes son iguales ni son un problema. Generalizar así solo sirve para alimentar el odio y dividir a la gente. Lo que pasó en Torre Pacheco es solo un reflejo de cómo el discurso político lleno de odio acaba provocando violencia de verdad en la calle. Y mientras algunos se aprovechan del miedo para ganar votos‚ otros están sufriendo‚ con miedo real y siendo señalados como si fueran delincuentes.","iPhone 16,IPHONE EVENING CAPTURE",""
7527383668155780374,7527383668155780374,"pepe_chipiona1","Pepe_chipiona",3836,438,47,https://p77-sign-va.tiktokcdn.com/tos-maliva-avt-0068/25d5e9f4cdf0f1916fd917b4557f3ca1~tplv-tiktokx-cropcenter:100:100.jpeg?dr=14579&refresh_token=b5725d97&x-expires=1752940800&x-signature=ywYkGdcQeIilGCCx6KnQL20lTlY%3D&t=4d5b0474&ps=13740610&shp=a5d48078&shcp=81f88b70&idc=maliva,"#torrepacheco #purge #marroco #vox ",Tue Jul 15 2025,1752605588,no,no,"The Purge",6763615215318747137,https://sf16-ies-music-va.tiktokcdn.com/obj/tos-useast2a-ve-2774/c3be0b9a3c4f4090b0e10e696be4eba2,https://p16-amd-va.tiktokcdn.com/img/tos-useast2a-v-2774/a029dc5b6e92424cba4d1c28c26b6383~c5_720x720.jpeg,"Demetrius X",https://v16-webapp-prime.tiktok.com/video/tos/no1a/tos-no1a-ve-0068-no/oMYM3UfDGR3bsahUAyLAIejbADelQILgIQAuI7/?a=1988&bti=ODszNWYuMDE6&ch=0&cr=3&dr=0&lr=all&cd=0%7C0%7C0%7C&cv=1&br=958&bt=479&cs=0&ds=3&ft=4fUEKMUm8Zmo0Hlv5I4jVM6yrpWrKsd.&mime_type=video_mp4&qs=0&rc=OGlpaWQ7NjQ7O2VoNzdlOEBpajNmaHI5cjZkNDMzbzczNUBgNF9jMmFeNjAxYTFiYGAwYSMybXA1MmRjMm9hLS1kMTFzcw%3D%3D&btag=e00088000&expire=1752943072&l=20250718003716523C51945ED5441D7CD9&ply_type=2&policy=2&signature=72f30321c1928f7d2dabafce9d5caa71&tk=tt_chain_token,https://www.tiktok.com/pepe_chipiona1/video/7527383668155780374,"",92,8,57,8037,"torrepacheco‚purge‚marroco‚vox","torrepacheco‚purge‚marroco‚vox","",,"Llego la noche de la purga","iPhone 16,IPHONE EVENING CAPTURE",""
7526981510310661398,7526981510310661398,"paridasmadeinspain","paridasmadeinspain",3766,6023,134,https://p16-sign-useast2a.tiktokcdn.com/tos-useast2a-avt-0068-euttp/62a69cad0d0ecb53c85033dc162c172b~tplv-tiktokx-cropcenter:100:100.jpeg?dr=14579&refresh_token=0a872b71&x-expires=1752940800&x-signature=vUhC%2F6F2eH%2BAzfH3kd3rN573kxY%3D&t=4d5b0474&ps=13740610&shp=a5d48078&shcp=81f88b70&idc=maliva,"Paco León sobre lo sucedido en Torre Pacheco. #torrepacheco #pacoleon #vox #españa🇪🇸 #marruecos ",Mon Jul 14 2025,1752511953,no,no,"sonido original",7526981508957473558,https://v77.tiktokcdn.com/ca7c0da1cb5cbe76ded74859194c2895/687a7879/video/tos/no1a/tos-no1a-v-2370-no/ok6UofTqrgqJDsAIAYoECVBkaFdFI0edo5XHAD/?a=1233&bti=ODszNWYuMDE6&ch=0&cr=0&dr=0&er=0&lr=default&cd=0%7C0%7C0%7C0&br=250&bt=125&ds=5&ft=.NpOcInz7ThkRywKXq8Zmo&mime_type=audio_mpeg&qs=13&rc=M3ZrdW45cm9tNDMzbzU8NUBpM3ZrdW45cm9tNDMzbzU8NUBuX2kuMmRjX25hLS1kMTFzYSNuX2kuMmRjX25hLS1kMTFzcw%3D%3D&vvpl=1&l=20250718003716523C51945ED5441D7CD9&btag=e00050000&cc=13,https://p16-sign-useast2a.tiktokcdn.com/tos-useast2a-avt-0068-euttp/62a69cad0d0ecb53c85033dc162c172b~tplv-tiktokx-cropcenter:1080:1080.jpeg?dr=14579&refresh_token=32972681&x-expires=1752940800&x-signature=eJoaesWaHcr8tcDYOnQdfusASMQ%3D&t=4d5b0474&ps=13740610&shp=a5d48078&shcp=81f88b70&idc=maliva,"paridasmadeinspain",,https://www.tiktok.com/paridasmadeinspain/video/7526981510310661398,"",66100,7735,2728,994200,"torrepacheco‚pacoleon‚vox‚españa🇪🇸‚marruecos","torrepacheco‚pacoleon‚vox‚españa🇪🇸‚marruecos","",,"ESTO DICE PACO LEÓN SOBRE LO SUCEDIDO EN TORRE PACHECO","iPhone 16,IPHONE EVENING CAPTURE",""
7526157402115263774,7526157402115263774,"lulyemy3","LuluNews",282,8019,159,https://p16-sign-va.tiktokcdn.com/tos-maliva-avt-0068/782b2837cb376b0d51df641b214a1ad7~tplv-tiktokx-cropcenter:100:100.jpeg?dr=14579&refresh_token=0d284051&x-expires=1752940800&x-signature=iopfPiUpNUjX3AriEnkQBnu1m04%3D&t=4d5b0474&ps=13740610&shp=a5d48078&shcp=81f88b70&idc=maliva,"",Sat Jul 12 2025,1752320126,no,no,"sonido original",7526157457698147102,https://v77.tiktokcdn.com/01355bbfdd18020ea60510366c4f9d3d/687a785d/video/tos/maliva/tos-maliva-v-27dcd7c799-us/ogIiEyFAAfVAR1myEADCEicqJJoASBBUAkEDfr/?a=1233&bti=ODszNWYuMDE6&ch=0&cr=0&dr=0&er=0&lr=default&cd=0%7C0%7C0%7C0&br=250&bt=125&ds=5&ft=.NpOcInz7ThkRywKXq8Zmo&mime_type=audio_mpeg&qs=13&rc=M29oaW85cjM3NDMzaTU8NEBpM29oaW85cjM3NDMzaTU8NEBtMmwvMmQ0ZW1hLS1kMTJzYSNtMmwvMmQ0ZW1hLS1kMTJzcw%3D%3D&vvpl=1&l=20250718003716523C51945ED5441D7CD9&btag=e00048000&cc=13,https://p16-sign-va.tiktokcdn.com/tos-maliva-avt-0068/782b2837cb376b0d51df641b214a1ad7~tplv-tiktokx-cropcenter:1080:1080.jpeg?dr=14579&refresh_token=bc361bae&x-expires=1752940800&x-signature=ChUhd2qhbp9AMpgSOEMPDhpfctA%3D&t=4d5b0474&ps=13740610&shp=a5d48078&shcp=81f88b70&idc=maliva,"LuluNews",https://v16-webapp-prime.tiktok.com/video/tos/maliva/tos-maliva-ve-0068c799-us/ocgiJA1fIqAqqQiQ35X8ICAQyIfe7pA5jwMHIt/?a=1988&bti=ODszNWYuMDE6&ch=0&cr=3&dr=0&lr=all&cd=0%7C0%7C0%7C&cv=1&br=3066&bt=1533&cs=0&ds=3&ft=4fUEKMUm8Zmo0Hlv5I4jVM6yrpWrKsd.&mime_type=video_mp4&qs=0&rc=OjQ2OGg5NWg8ZmQ8PGRoaUBpamhvbXI5cnc3NDMzaTczNEAzNC82XjNeNjExXzMyLTRhYSNeYS1zMmRrYm1hLS1kMTJzcw%3D%3D&btag=e00088000&expire=1752943069&l=20250718003716523C51945ED5441D7CD9&ply_type=2&policy=2&signature=6c1d0a239a513fa64fd3bfef7a35c65b&tk=tt_chain_token,https://www.tiktok.com/lulyemy3/video/7526157402115263774,"",1227,111,185,82700,"","","",,"España 🇪🇸 Los gitanos nacionales son la legión cóndor de los patriotas de Torre Pacheco ","iPhone 16,IPHONE EVENING CAPTURE",""
7527229189808819478,7527229189808819478,"bingo.y.pepa","💫 🇮🇨 BINGO Y PEPA 🇮🇨 💫",5129,1647,934,https://p77-sign-va.tiktokcdn.com/tos-maliva-avt-0068/8466862bcbc25184044bf820ff5dea1e~tplv-tiktokx-cropcenter:100:100.jpeg?dr=14579&refresh_token=78860514&x-expires=1752940800&x-signature=2GMfoZezYmvVIsaJ77TIH7yp9Kk%3D&t=4d5b0474&ps=13740610&shp=a5d48078&shcp=81f88b70&idc=maliva,"Sin comentarios...😑#torrepacheco #amenazando #inmigración #encima #pedrosanchezdimision #sociedad #sucesos ",Tue Jul 15 2025,1752569624,no,no,"Horror, Fear, Mystery, Suspense, Criminal, Terror, Halloween, Movie, Soundtrack, OST, TV Game, Creepy(1323087)",7156999351859709954,https://sf16-ies-music-va.tiktokcdn.com/obj/tos-useast2a-ve-2774/7af91fa37f774d1e9ad54cbbcb0de591,https://p16-amd-va.tiktokcdn.com/img/tos-useast2a-v-2774/4003d42cc9f24539afab9e6fb28b5f3a~c5_720x720.jpeg,"SAKUMAMATATA",https://v16-webapp-prime.tiktok.com/video/tos/no1a/tos-no1a-ve-0068c001-no/owcPWIrBREY0JQZN6pHVDAGiBHwYaBFyiJxE2/?a=1988&bti=ODszNWYuMDE6&ch=0&cr=3&dr=0&lr=all&cd=0%7C0%7C0%7C&cv=1&br=1592&bt=796&cs=0&ds=3&ft=4fUEKMUm8Zmo00fv5I4jVeUlvpWrKsd.&mime_type=video_mp4&qs=0&rc=NTk2ZGRkNTZmZGk1NDo1OkBpajw2b3Q5cmU0NDMzbzczNUA0MmMzM2FfNTUxMTUxYmAxYSMuL2o1MmQ0X29hLS1kMTFzcw%3D%3D&btag=e00090000&expire=1752943115&l=2025071800372066B40C0A7D023D1E1A00&ply_type=2&policy=2&signature=32e55f3447399b638e8b711565078ed5&tk=tt_chain_token,https://www.tiktok.com/bingo.y.pepa/video/7527229189808819478,"",1007,447,593,64900,"torrepacheco‚amenazando‚inmigración‚encima‚pedrosanchezdimision‚sociedad‚sucesos","torrepacheco‚amenazando‚inmigración‚encima‚pedrosanchezdimision‚sociedad‚sucesos","",,"","",""
7527801088687246594,7527801088687246594,"diidac.rmm","Diidac.rm",2720,61700,35,https://p77-sign-va.tiktokcdn.com/tos-maliva-avt-0068/823a3a016a23341ca901a2a84ae3f582~tplv-tiktokx-cropcenter:100:100.jpeg?dr=14579&refresh_token=e130d84f&x-expires=1752940800&x-signature=EmBnYJEo%2Bws%2FgUAZn1cKv3S%2B9Rg%3D&t=4d5b0474&ps=13740610&shp=a5d48078&shcp=81f88b70&idc=maliva,"TORRE PACHECO ÚLTIMAS NOTICIAS!!!! 🚨 ‼️ ‼️  #parati #paratii #fyp #lentejas #torrepacheco ",Wed Jul 16 2025,1752702777,no,no,"sonido original",7527801091140881174,https://v16m.tiktokcdn.com/d2c48582d48b1880a178420199869c8d/687a7857/video/tos/no1a/tos-no1a-v-2370-no/oQcTkeEDCAcfmwInoG88PtAIDfErFLASxDAQBI/?a=1233&bti=ODszNWYuMDE6&ch=0&cr=0&dr=0&er=0&lr=default&cd=0%7C0%7C0%7C0&br=250&bt=125&ds=5&ft=.NpOcInz7Thl1ywKXq8Zmo&mime_type=audio_mpeg&qs=13&rc=Mzw4M2w5cmk0NDMzbzU8NUBpMzw4M2w5cmk0NDMzbzU8NUA0ZWw0MmQ0cnBhLS1kMTFzYSM0ZWw0MmQ0cnBhLS1kMTFzcw%3D%3D&vvpl=1&l=2025071800372066B40C0A7D023D1E1A00&btag=e00078000&cc=3,https://p77-sign-va.tiktokcdn.com/tos-maliva-avt-0068/823a3a016a23341ca901a2a84ae3f582~tplv-tiktokx-cropcenter:1080:1080.jpeg?dr=14579&refresh_token=141e834a&x-expires=1752940800&x-signature=pnY1iYwibfKqNDvVjUS4QKgpt3s%3D&t=4d5b0474&ps=13740610&shp=a5d48078&shcp=81f88b70&idc=maliva,"Diidac.rm",https://v16-webapp-prime.tiktok.com/video/tos/no1a/tos-no1a-ve-0068-no/o8DS4gf5QgoBQFDIZ7eDAnI3EeELKIzAjC9TdQ/?a=1988&bti=ODszNWYuMDE6&ch=0&cr=3&dr=0&lr=all&cd=0%7C0%7C0%7C&cv=1&br=2372&bt=1186&cs=0&ds=3&ft=4fUEKMUm8Zmo00fv5I4jVeUlvpWrKsd.&mime_type=video_mp4&qs=0&rc=aDpnaDs4Mzw4NDY3PGU3NUBpajszZng5cnM0NDMzbzczNUBjLjVfNS9iX2AxYi02Yy5jYSNvMnA2MmRzcHBhLS1kMTFzcw%3D%3D&btag=e000b8000&expire=1752943064&l=2025071800372066B40C0A7D023D1E1A00&ply_type=2&policy=2&signature=ae73d2ce06fa42aca6b635e58fd326ac&tk=tt_chain_token,https://www.tiktok.com/diidac.rmm/video/7527801088687246594,"",1442,104,119,105100,"parati‚paratii‚fyp‚lentejas‚torrepacheco","parati‚paratii‚fyp‚lentejas‚torrepacheco","",,"Alerta última noticia! Acaban de llegar a torre Pacheco!‚ALERTA ÚLTIMA NOTICIA! 🚨 ‼️ ‼️ ‚Torre pacheco!","",""
7527721396315671830,7527721396315671830,"tito.hool","Tito Hool 𝕳🕸️🇪🇸🤚",511,72,163,https://p16-sign-va.tiktokcdn.com/tos-maliva-avt-0068/5b1c89b648144cd0aa6aca4d290c2e71~tplv-tiktokx-cropcenter:100:100.jpeg?dr=14579&refresh_token=82247959&x-expires=1752940800&x-signature=nQfXz%2B%2F%2Ftzn5o6lnVl%2B3TMwCXfk%3D&t=4d5b0474&ps=13740610&shp=a5d48078&shcp=81f88b70&idc=maliva,"#torrepacheco #viral #periodismo ",Wed Jul 16 2025,1752684222,no,no,"sonido original",7527721384387169046,https://v16m.tiktokcdn.com/a74206e221d5b80b73f8d74ffbee8e87/687a78d1/video/tos/no1a/tos-no1a-v-2370-no/oUUozBIgkfCF6E9rDKJJxdf4AbDyFBAIAAYoZv/?a=1233&bti=ODszNWYuMDE6&ch=0&cr=0&dr=0&er=0&lr=default&cd=0%7C0%7C0%7C0&br=250&bt=125&ds=5&ft=.NpOcInz7Thl1ywKXq8Zmo&mime_type=audio_mpeg&qs=13&rc=ajdqaXI5cmp3NDMzbzU8NUBpajdqaXI5cmp3NDMzbzU8NUByLS9qMmRjYW9hLS1kMTFzYSNyLS9qMmRjYW9hLS1kMTFzcw%3D%3D&vvpl=1&l=2025071800372066B40C0A7D023D1E1A00&btag=e00050000&cc=3,https://p77-sign-va.tiktokcdn.com/tos-maliva-avt-0068/5b1c89b648144cd0aa6aca4d290c2e71~tplv-tiktokx-cropcenter:1080:1080.jpeg?dr=14579&refresh_token=82abe95b&x-expires=1752940800&x-signature=%2F5Y2%2FQzTMxCQ23EGEd1ceOohFU4%3D&t=4d5b0474&ps=13740610&shp=a5d48078&shcp=81f88b70&idc=maliva,"Tito Hool 𝕳🕸️🇪🇸🤚",https://v16-webapp-prime.tiktok.com/video/tos/no1a/tos-no1a-ve-0068-no/okIE3iodeBKZFzBlEfnk4kQgii1RXd29xBsARx/?a=1988&bti=ODszNWYuMDE6&ch=0&cr=3&dr=0&lr=all&cd=0%7C0%7C0%7C&cv=1&br=1234&bt=617&cs=0&ds=3&ft=4fUEKMUm8Zmo00fv5I4jVeUlvpWrKsd.&mime_type=video_mp4&qs=0&rc=OzNkZWhoOjM2aDg0NDplaEBpanNpbnA5cnh3NDMzbzczNUAxYTFiNjMyXjUxXy8uY2NiYSNfL2JiMmRzYG9hLS1kMTFzcw%3D%3D&btag=e00090000&expire=1752943186&l=2025071800372066B40C0A7D023D1E1A00&ply_type=2&policy=2&signature=9393e8af0bdff1e308c9a51bdbabef3f&tk=tt_chain_token,https://www.tiktok.com/tito.hool/video/7527721396315671830,"",20,1,0,223,"torrepacheco‚viral‚periodismo","torrepacheco‚Viral‚periodismo","",,"","",""
7527990589460057366,7527990589460057366,"oasismental_1","Crudo y Consciente",10600,101,521,https://p77-sign-va.tiktokcdn.com/tos-maliva-avt-0068/890571aa27227b68d33bf191547524f6~tplv-tiktokx-cropcenter:100:100.jpeg?dr=14579&refresh_token=f0666a14&x-expires=1752940800&x-signature=Racf2z1ViVervopoeq9TfNU6a%2B4%3D&t=4d5b0474&ps=13740610&shp=a5d48078&shcp=81f88b70&idc=maliva,"TORRE PACHECO.                 #viralvideos #xbcyza #parati ",Thu Jul 17 2025,1752746899,no,no,"sonido original",7527990584318544662,https://v16m.tiktokcdn.com/14f7dc62e8628de81a61d8527add0f60/687a787e/video/tos/no1a/tos-no1a-v-2370-no/o0WZCZfByExtEp0KIy0MBPlG4A5BjiXAiAAKEw/?a=1233&bti=ODszNWYuMDE6&ch=0&cr=0&dr=0&er=0&lr=default&cd=0%7C0%7C0%7C0&br=250&bt=125&ds=5&ft=.NpOcInz7Thl1ywKXq8Zmo&mime_type=audio_mpeg&qs=13&rc=Mzg5OWs5cjhmNDMzbzU8NUBpMzg5OWs5cjhmNDMzbzU8NUAzZ18xMmRja3BhLS1kMTFzYSMzZ18xMmRja3BhLS1kMTFzcw%3D%3D&vvpl=1&l=2025071800372066B40C0A7D023D1E1A00&btag=e00050000&cc=3,https://p77-sign-va.tiktokcdn.com/tos-maliva-avt-0068/890571aa27227b68d33bf191547524f6~tplv-tiktokx-cropcenter:1080:1080.jpeg?dr=14579&refresh_token=c38f4569&x-expires=1752940800&x-signature=MrhLRCMIw2A7Xqus3k0DwZaU4y4%3D&t=4d5b0474&ps=13740610&shp=a5d48078&shcp=81f88b70&idc=maliva,"Crudo y Consciente",https://v16-webapp-prime.tiktok.com/video/tos/no1a/tos-no1a-ve-0068-no/oMDejoDwebMftUUuxy20IVmEgwvFQIQBLIAAhV/?a=1988&bti=ODszNWYuMDE6&ch=0&cr=3&dr=0&lr=all&cd=0%7C0%7C0%7C&cv=1&br=2766&bt=1383&cs=0&ds=3&ft=4fUEKMUm8Zmo00fv5I4jVeUlvpWrKsd.&mime_type=video_mp4&qs=0&rc=Zjw2NDg2OjVlaGU2PDpoZ0BpM2R2cHE5cnNmNDMzbzczNUA1LmEyYTReXjYxNjUvNjIxYSNwLmZwMmRranBhLS1kMTFzcw%3D%3D&btag=e00090000&expire=1752943103&l=2025071800372066B40C0A7D023D1E1A00&ply_type=2&policy=2&signature=525170879b3a95fbb373361759e6aac7&tk=tt_chain_token,https://www.tiktok.com/oasismental_1/video/7527990589460057366,"",69,2,2,762,"viralvideos‚xbcyza‚parati","viralvideos‚xbcyza‚parati","",,"Última Hora🔴","",""
7526549705048788246,7526549705048788246,"lqsareels","LQSA",2055,179,34,https://p77-sign-va.tiktokcdn.com/tos-maliva-avt-0068/610a107dd6f7c1e6035f65d894de5b8c~tplv-tiktokx-cropcenter:100:100.jpeg?dr=14579&refresh_token=57b00ee6&x-expires=1752940800&x-signature=MxAV20P4Ex4h%2BhwB6D2NmVy0ZyU%3D&t=4d5b0474&ps=13740610&shp=a5d48078&shcp=81f88b70&idc=maliva,"😂😂😂😂😂 #torrepacheco #amadorrivas #lqsa #laqueseavecina #fyp #viral #abuelo ",Sun Jul 13 2025,1752411417,no,no,"sonido original",7526549732182067990,https://v16m.tiktokcdn.com/327c89366c22a1ea95f722ffcb26edda/687a7855/video/tos/no1a/tos-no1a-v-2370-no/oQLzcB0ERgJbFM4I5BFoCrJDgxkxBFmRf6cUyf/?a=1233&bti=ODszNWYuMDE6&ch=0&cr=0&dr=0&er=0&lr=default&cd=0%7C0%7C0%7C0&br=250&bt=125&ft=.NpOcInz7Thl1ywKXq8Zmo&mime_type=audio_mpeg&qs=6&rc=OWQ2NzY6NGZoOmk0OWRkN0BpamVpcnk5cjp0NDMzbzU8NUBhYF9fL2A0X2IxNS5hLjRgYSNsMTAtMmQ0bm1hLS1kMTFzcw%3D%3D&vvpl=1&l=2025071800372066B40C0A7D023D1E1A00&btag=e000b8000&cc=3,https://p77-sign-va.tiktokcdn.com/tos-maliva-avt-0068/610a107dd6f7c1e6035f65d894de5b8c~tplv-tiktokx-cropcenter:1080:1080.jpeg?dr=14579&refresh_token=85b01ae5&x-expires=1752940800&x-signature=5K9bwJyiTrgx5LrVkkO0hlxR5Is%3D&t=4d5b0474&ps=13740610&shp=a5d48078&shcp=81f88b70&idc=maliva,"LQSA",https://v16-webapp-prime.tiktok.com/video/tos/no1a/tos-no1a-ve-0068-no/oAaWfABOSrRCSiIC0JTKaQyCwINzAdZEDW8diE/?a=1988&bti=ODszNWYuMDE6&ch=0&cr=3&dr=0&lr=all&cd=0%7C0%7C0%7C&cv=1&br=2670&bt=1335&cs=0&ds=3&ft=4fUEKMUm8Zmo00fv5I4jVeUlvpWrKsd.&mime_type=video_mp4&qs=0&rc=aGU1ZGk4NTQ1NDVoOTg4aEBpM207cXY5cjh0NDMzbzczNUBeYl5fNjYtNjIxNC4zX2MxYSM2NTUxMmRjbm1hLS1kMTFzcw%3D%3D&btag=e000b8000&expire=1752943062&l=2025071800372066B40C0A7D023D1E1A00&ply_type=2&policy=2&signature=310891959bb6f438ec2c827b992280c4&tk=tt_chain_token,https://www.tiktok.com/lqsareels/video/7526549705048788246,"",77,1,1,3923,"torrepacheco‚amadorrivas‚lqsa‚laqueseavecina‚fyp‚viral‚abuelo","torrepacheco‚amadorrivas‚lqsa‚laqueseavecina‚fyp‚Viral‚abuelo","",,"","",""
7527451950678363414,7527451950678363414,"sheilamargot164","Margot164",2603,2083,57,https://p77-sign-va.tiktokcdn.com/tos-maliva-avt-0068/a932cadad0b7bda865f30731ff8f60b8~tplv-tiktokx-cropcenter:100:100.jpeg?dr=14579&refresh_token=038c0612&x-expires=1752940800&x-signature=DL7h1zbIdzj%2BU0c1C%2BW%2BZdoz3J0%3D&t=4d5b0474&ps=13740610&shp=a5d48078&shcp=81f88b70&idc=maliva,"",Wed Jul 16 2025,1752621492,no,no,"sonido original",7527452060691073814,https://v16m.tiktokcdn.com/4b4e5fbcdfe3452b42286eda62cf44d0/687a78f6/video/tos/no1a/tos-no1a-v-2370-no/ocAIgE6AJH0IoCwftAEdDu62MIfDUBFTkZbFiY/?a=1233&bti=ODszNWYuMDE6&ch=0&cr=0&dr=0&er=0&lr=default&cd=0%7C0%7C0%7C0&br=250&bt=125&ds=5&ft=.NpOcInz7Thl1ywKXq8Zmo&mime_type=audio_mpeg&qs=13&rc=Mzc7PHc5cm5oNDMzbzU8NUBpMzc7PHc5cm5oNDMzbzU8NUAubGczMmRzMG9hLS1kMTFzYSMubGczMmRzMG9hLS1kMTFzcw%3D%3D&vvpl=1&l=2025071800372066B40C0A7D023D1E1A00&btag=e00058000&cc=3,https://p77-sign-va.tiktokcdn.com/tos-maliva-avt-0068/a932cadad0b7bda865f30731ff8f60b8~tplv-tiktokx-cropcenter:1080:1080.jpeg?dr=14579&refresh_token=2610b87e&x-expires=1752940800&x-signature=QeNw%2FWciIwIWpxFS890LM59m4Qc%3D&t=4d5b0474&ps=13740610&shp=a5d48078&shcp=81f88b70&idc=maliva,"Margot164",https://v16-webapp-prime.tiktok.com/video/tos/no1a/tos-no1a-ve-0068c001-no/ooQiADEQmwFuF9WfEg0utkodPjRZdAKeEIsBgQ/?a=1988&bti=ODszNWYuMDE6&ch=0&cr=3&dr=0&lr=all&cd=0%7C0%7C0%7C&cv=1&br=2160&bt=1080&cs=0&ds=3&ft=4fUEKMUm8Zmo00fv5I4jVeUlvpWrKsd.&mime_type=video_mp4&qs=0&rc=ZzY1NTg2ZmczNjVkaDs2ZEBpajtyb3Q5cjhoNDMzbzczNUBeYmIyNWIuXjMxXmIyLV8xYSM2bWo1MmRrL29hLS1kMTFzcw%3D%3D&btag=e00098000&expire=1752943223&l=2025071800372066B40C0A7D023D1E1A00&ply_type=2&policy=2&signature=840ca174a8556c4293ea6decb6a50dcc&tk=tt_chain_token,https://www.tiktok.com/sheilamargot164/video/7527451950678363414,"",12200,613,885,185800,"","torrepacheco‚bastaya‚inaccion‚estado‚pedrosanchez‚murcia‚manifestacion‚democrscia‚lyfestyle‚morocco🇲🇦‚españa🇪🇸‚sabadell‚inmigraciónilegal‚españadespierta‚políticaespaña‚actualidadespaña‚tve","",,"","",""
7526297206501018902,7526297206501018902,"inquietamentespain","INQUIETAMENTEesp",127500,1201,1194,https://p77-sign-va.tiktokcdn.com/tos-maliva-avt-0068/0c62e4ad711dbb3ef843c8490379b694~tplv-tiktokx-cropcenter:100:100.jpeg?dr=14579&refresh_token=b118dac0&x-expires=1752940800&x-signature=kBIsJ9pH2nHI%2Ffz77bMlST16lWQ%3D&t=4d5b0474&ps=13740610&shp=a5d48078&shcp=81f88b70&idc=maliva,"ULTIMA HORA! TENSIÓN  EN TORREPACHECO‚ LA POLICIA INTENTA PONER CALMA! #noticiastiktok #noticiasenespañol #españa #ultimahora #periodismo #guardiacivil #sucesos ",Sat Jul 12 2025,1752352627,no,no,"sonido original",7526297212855978774,https://v16m.tiktokcdn.com/bb0a5d2fe54f57b9b3a85e77e9d07bd0/687a7868/video/tos/no1a/tos-no1a-v-2370-no/oY7yHihZAHPZLBBBE3aiCiYdEAyArITBxAvl1/?a=1233&bti=ODszNWYuMDE6&ch=0&cr=0&dr=0&er=0&lr=default&cd=0%7C0%7C0%7C0&br=250&bt=125&ds=5&ft=.NpOcInz7Thl1ywKXq8Zmo&mime_type=audio_mpeg&qs=13&rc=ajRpNmw5cndmNDMzbzU8NUBpajRpNmw5cndmNDMzbzU8NUA2XnMxMmRrYm1hLS1kMTFzYSM2XnMxMmRrYm1hLS1kMTFzcw%3D%3D&vvpl=1&l=2025071800372066B40C0A7D023D1E1A00&btag=e00048000&cc=3,https://p77-sign-va.tiktokcdn.com/tos-maliva-avt-0068/0c62e4ad711dbb3ef843c8490379b694~tplv-tiktokx-cropcenter:1080:1080.jpeg?dr=14579&refresh_token=d3f5f25c&x-expires=1752940800&x-signature=U8TmN1PVVRZx6QSvwdea1%2BpDOKI%3D&t=4d5b0474&ps=13740610&shp=a5d48078&shcp=81f88b70&idc=maliva,"INQUIETAMENTEesp",https://v16-webapp-prime.tiktok.com/video/tos/no1a/tos-no1a-ve-0068-no/o0qy2QOiZ5IYQEiI2Ai0A2ZBwKyRECrdfWOCi7/?a=1988&bti=ODszNWYuMDE6&ch=0&cr=3&dr=0&lr=all&cd=0%7C0%7C0%7C&cv=1&br=1828&bt=914&cs=0&ds=3&ft=4fUEKMUm8Zmo00fv5I4jVeUlvpWrKsd.&mime_type=video_mp4&qs=0&rc=NDQ6aTM6NGU0N2QzNGgzOUBpM2Q1aHU5cnVmNDMzbzczNUAuXl4uXzJjXmExMi1eLzRjYSMyMl81MmRjYm1hLS1kMTFzcw%3D%3D&btag=e00088000&expire=1752943081&l=2025071800372066B40C0A7D023D1E1A00&ply_type=2&policy=2&signature=9ccaec8613c8f049fabd8c88e46039a0&tk=tt_chain_token,https://www.tiktok.com/inquietamentespain/video/7526297206501018902,"",139800,6575,8308,5200000,"noticiastiktok‚noticiasenespañol‚españa‚ultimahora‚periodismo‚guardiacivil‚sucesos","noticiastiktok‚noticiasenespañol‚españa‚ultimahora‚periodismo‚guardiacivil‚sucesos","",,"","",""
7526334108352433430,7526334108352433430,"sergioshark.oficial","Sergio Shark Oficial",42800,84000,908,https://p77-sign-va.tiktokcdn.com/tos-maliva-avt-0068/833be4af17eb4da9f72014bdb7604aaa~tplv-tiktokx-cropcenter:100:100.jpeg?dr=14579&refresh_token=9bba0481&x-expires=1752940800&x-signature=oqO9a%2F4XEIqFBQJhf9vmHUoMvdI%3D&t=4d5b0474&ps=13740610&shp=a5d48078&shcp=81f88b70&idc=maliva,"Sígueme para más | Completo caos en Torre Pacheco tras la brutal violenc** contra un anciano‚ el pueblo sale a defender al abuelo manifestándose en contra y en contra de la policía que no les deja la posibilidad de avanzar. Mención a David Santos por el contenido #inseguridad #inmigracion #Murcia #torrepacheco ",Sun Jul 13 2025,1752361220,no,no,"sonido original",7526334115871034134,https://v16m.tiktokcdn.com/91f218ed6b1eaf97ac0fd16159203c27/687a785f/video/tos/no1a/tos-no1a-v-2370-no/ok80gAAioDFSIcYlBgFEgkDHUcCJYeAII0fzku/?a=1233&bti=ODszNWYuMDE6&ch=0&cr=0&dr=0&er=0&lr=default&cd=0%7C0%7C0%7C0&br=250&bt=125&ds=5&ft=.NpOcInz7Thl1ywKXq8Zmo&mime_type=audio_mpeg&qs=13&rc=amhrOmo5cjRoNDMzbzU8NUBpamhrOmo5cjRoNDMzbzU8NUA1Z2VhMmRzZm1hLS1kMTFzYSM1Z2VhMmRzZm1hLS1kMTFzcw%3D%3D&vvpl=1&l=2025071800372066B40C0A7D023D1E1A00&btag=e00048000&cc=3,https://p77-sign-va.tiktokcdn.com/tos-maliva-avt-0068/833be4af17eb4da9f72014bdb7604aaa~tplv-tiktokx-cropcenter:1080:1080.jpeg?dr=14579&refresh_token=b280c449&x-expires=1752940800&x-signature=mIIm0T%2FUobKVtUagut2%2F1TnphkY%3D&t=4d5b0474&ps=13740610&shp=a5d48078&shcp=81f88b70&idc=maliva,"Sergio Shark Oficial",https://v16-webapp-prime.tiktok.com/video/tos/no1a/tos-no1a-ve-0068c001-no/oodcxFAisETcXCSQAkQtE6IyfeI16DLIfD9j5F/?a=1988&bti=ODszNWYuMDE6&ch=0&cr=3&dr=0&lr=all&cd=0%7C0%7C0%7C&cv=1&br=1236&bt=618&cs=0&ds=3&ft=4fUEKMUm8Zmo00fv5I4jVeUlvpWrKsd.&mime_type=video_mp4&qs=0&rc=aDRkOTRlN2U4M2Q2NWhnPEBpM3lydHg5cjpoNDMzbzczNUBgLy42NjYtNWAxMjAtYl5hYSNmMl5pMmRjY21hLS1kMTFzcw%3D%3D&btag=e00088000&expire=1752943072&l=2025071800372066B40C0A7D023D1E1A00&ply_type=2&policy=2&signature=3432e4b93535b5207c3202d1a362c322&tk=tt_chain_token,https://www.tiktok.com/sergioshark.oficial/video/7526334108352433430,"",16100,725,1235,382400,"inseguridad‚inmigracion‚murcia‚torrepacheco","inseguridad‚inmigracion‚murcia‚torrepacheco","",,"CIUDADANOS DE TORRE PACHECO SE HARTA  DE LA SITUACIÓN Y DESOBEDECEN A LA POLICIA","",""
7527443072330878230,7527443072330878230,"patit0fe00","patitofeo",49,59,4,https://p77-sign-va.tiktokcdn.com/tos-maliva-avt-0068/226c93d0c2825b2761ed806199a2fd9a~tplv-tiktokx-cropcenter:100:100.jpeg?dr=14579&refresh_token=fba1bd58&x-expires=1752940800&x-signature=Hctt089eKbqvEytdTPom2Zx3RBw%3D&t=4d5b0474&ps=13740610&shp=a5d48078&shcp=81f88b70&idc=maliva,"torrepacheco última hora",Wed Jul 16 2025,1752619423,no,no,"sonido original",7527443063184034582,https://v77.tiktokcdn.com/121431f7c394056652f6281810665630/687a7854/video/tos/no1a/tos-no1a-v-2370-no/oAiEOCE26Bh2AVBKAwfzi7ByAzEjaAEQC2O02K/?a=1233&bti=ODszNWYuMDE6&ch=0&cr=0&dr=0&er=0&lr=default&cd=0%7C0%7C0%7C0&br=250&bt=125&ds=5&ft=.NpOcInz7Thl1ywKXq8Zmo&mime_type=audio_mpeg&qs=13&rc=ajZyd3Q5cjtnNDMzbzU8NUBpajZyd3Q5cjtnNDMzbzU8NUBtaWVxMmRjZ29hLS1kMTFzYSNtaWVxMmRjZ29hLS1kMTFzcw%3D%3D&vvpl=1&l=2025071800372066B40C0A7D023D1E1A00&btag=e00078000&cc=13,https://p77-sign-va.tiktokcdn.com/tos-maliva-avt-0068/226c93d0c2825b2761ed806199a2fd9a~tplv-tiktokx-cropcenter:1080:1080.jpeg?dr=14579&refresh_token=9546e2e2&x-expires=1752940800&x-signature=A1Qb%2FC%2FmB3cW4xyiFBEjLOcAAcY%3D&t=4d5b0474&ps=13740610&shp=a5d48078&shcp=81f88b70&idc=maliva,"patitofeo",https://v16-webapp-prime.tiktok.com/video/tos/no1a/tos-no1a-ve-0068-no/ogxCVdiO6IBTt7QAyYowf7il03EiIOVCyCY2HA/?a=1988&bti=ODszNWYuMDE6&ch=0&cr=3&dr=0&lr=all&cd=0%7C0%7C0%7C&cv=1&br=2260&bt=1130&cs=0&ds=3&ft=4fUEKMUm8Zmo00fv5I4jVeUlvpWrKsd.&mime_type=video_mp4&qs=0&rc=cnF8b2hsc2d3SkBwaHIxaDFybndmNGU4Ojc3Zjg7PGY6OzY5ZEBpM3RveHU5cnBnNDMzbzczNUBjRl5Nc3FePmJKYSNvYF90aHFmOiNiYi1iNmIvXjAxMS1jYDAuYSNgX25mMmRzZm9hLS1kMTFzcw%3D%3D&btag=e000b8000&expire=1752943061&l=2025071800372066B40C0A7D023D1E1A00&ply_type=2&policy=2&signature=d9ec006baa5b34ba95b96b50a838d386&tk=tt_chain_token,https://www.tiktok.com/patit0fe00/video/7527443072330878230,"",2020,194,72,45900,"","","",,"torrepacheco ","",""
7527625940990512406,7527625940990512406,"cambio_y_debate","Cambio y Debate",36200,2654,211,https://p16-sign-useast2a.tiktokcdn.com/tos-useast2a-avt-0068-euttp/9af6c6eebf721eaf671d47cbae7862e6~tplv-tiktokx-cropcenter:100:100.jpeg?dr=14579&refresh_token=5bb2c8ee&x-expires=1752940800&x-signature=ToKllH9JiunXU6omXueQSH76xQA%3D&t=4d5b0474&ps=13740610&shp=a5d48078&shcp=81f88b70&idc=maliva,"Gritos y abucheos en Torre Pacheco a la 🧺 #noticias #actualidad #torrepacheco #murcia #españa🇪🇸 ",Wed Jul 16 2025,1752661998,no,no,"sonido original",7527625925048109847,https://v16m.tiktokcdn.com/390d3bd168cc573c7f82a34c04924088/687a7874/video/tos/no1a/tos-no1a-v-2370-no/ocda8AVhNQsSfgFeGHQAklGDAxELIsjfMAjffu/?a=1233&bti=ODszNWYuMDE6&ch=0&cr=0&dr=0&er=0&lr=default&cd=0%7C0%7C0%7C0&br=250&bt=125&ds=5&ft=.NpOcInz7Thl1ywKXq8Zmo&mime_type=audio_mpeg&qs=13&rc=amk4bGs5cnZxNDMzbzU8NUBpamk4bGs5cnZxNDMzbzU8NUAtYTZpMmRjc29hLS1kMTFzYSMtYTZpMmRjc29hLS1kMTFzcw%3D%3D&vvpl=1&l=2025071800372066B40C0A7D023D1E1A00&btag=e00048000&cc=3,https://p16-sign-useast2a.tiktokcdn.com/tos-useast2a-avt-0068-euttp/9af6c6eebf721eaf671d47cbae7862e6~tplv-tiktokx-cropcenter:1080:1080.jpeg?dr=14579&refresh_token=34a48f28&x-expires=1752940800&x-signature=%2BY22WUj0VtBLLljuB0mYHo9A0G8%3D&t=4d5b0474&ps=13740610&shp=a5d48078&shcp=81f88b70&idc=maliva,"Cambio y Debate",https://v16-webapp-prime.tiktok.com/video/tos/no1a/tos-no1a-ve-0068c001-no/oUACI4BgOB7vfEru3KY0ytUiQH0iIC0oCEwADu/?a=1988&bti=ODszNWYuMDE6&ch=0&cr=3&dr=0&lr=all&cd=0%7C0%7C0%7C&cv=1&br=1540&bt=770&cs=0&ds=3&ft=4fUEKMUm8Zmo00fv5I4jVeUlvpWrKsd.&mime_type=video_mp4&qs=0&rc=Njs3ZWU8OGc7NDc6O2U8Z0Bpamh0Z245cm5xNDMzbzczNUAuLjJfLWI2NjQxXzMxMmEuYSMwZTIyMmRrcm9hLS1kMTFzcw%3D%3D&btag=e00088000&expire=1752943093&l=2025071800372066B40C0A7D023D1E1A00&ply_type=2&policy=2&signature=05e58cee5b202cc9ae6ad1a5767d9fb9&tk=tt_chain_token,https://www.tiktok.com/cambio_y_debate/video/7527625940990512406,"",86,6,2,2400,"noticias‚actualidad‚torrepacheco‚murcia‚españa🇪🇸","noticias‚actualidad‚torrepacheco‚murcia‚españa🇪🇸","",,"","",""
7527448178002496790,7527448178002496790,"salahesp2025","@quran2025salah",8122,1645,336,https://p77-sign-va.tiktokcdn.com/tos-maliva-avt-0068/af70a72e1c6849814d474bd01283e665~tplv-tiktokx-cropcenter:100:100.jpeg?dr=14579&refresh_token=da9d8137&x-expires=1752940800&x-signature=6mCqTonZVY53JEnn3mxUb7AyW8Y%3D&t=4d5b0474&ps=13740610&shp=a5d48078&shcp=81f88b70&idc=maliva,"#اكسبلورexplore #explore #fouryou ",Wed Jul 16 2025,1752620611,no,no,"الصوت الأصلي",7527448161687128854,https://v77.tiktokcdn.com/615be3dd5abc5f24746edff36581de2a/687a785d/video/tos/no1a/tos-no1a-v-2370-no/o00k2BGc2yAXtiE0BOifCAwwh3TA8QEKEAB0Ki/?a=1233&bti=ODszNWYuMDE6&ch=0&cr=0&dr=0&er=0&lr=default&cd=0%7C0%7C0%7C0&br=250&bt=125&ds=5&ft=.NpOcInz7Thl1ywKXq8Zmo&mime_type=audio_mpeg&qs=13&rc=MzRuZ245cmtnNDMzbzU8NUBpMzRuZ245cmtnNDMzbzU8NUA1YTIyMmRjcG9hLS1kMTFzYSM1YTIyMmRjcG9hLS1kMTFzcw%3D%3D&vvpl=1&l=2025071800372066B40C0A7D023D1E1A00&btag=e00078000&cc=13,https://p77-sign-va.tiktokcdn.com/tos-maliva-avt-0068/af70a72e1c6849814d474bd01283e665~tplv-tiktokx-cropcenter:1080:1080.jpeg?dr=14579&refresh_token=cf17bebb&x-expires=1752940800&x-signature=pF%2BqxdXRmw7L3rZlezZnT8w9bo4%3D&t=4d5b0474&ps=13740610&shp=a5d48078&shcp=81f88b70&idc=maliva,"@quran2025salah",https://v16-webapp-prime.tiktok.com/video/tos/no1a/tos-no1a-ve-0068-no/oc2OA7GgeIQDLZlxcIeDjEbZ175o3bIfAILsuQ/?a=1988&bti=ODszNWYuMDE6&ch=0&cr=3&dr=0&lr=all&cd=0%7C0%7C0%7C&cv=1&br=1142&bt=571&cs=0&ds=3&ft=4fUEKMUm8Zmo00fv5I4jVeUlvpWrKsd.&mime_type=video_mp4&qs=0&rc=NWk0ZWg4OzY4aTk1Omk3aUBpM3Z5ang5cmVnNDMzbzczNUBfL15gYGNfNTYxXy82LTQwYSNvMnFsMmRjcG9hLS1kMTFzcw%3D%3D&btag=e000b8000&expire=1752943070&l=2025071800372066B40C0A7D023D1E1A00&ply_type=2&policy=2&signature=249298eb2fe5de795ecefcb0d4a31beb&tk=tt_chain_token,https://www.tiktok.com/salahesp2025/video/7527448178002496790,"",180,9,21,10300,"اكسبلورexplore‚explore‚fouryou","اكسبلورexplore‚explore‚fouryou","",,"torre pacheco  14/07/2025","",""
7527070472853343510,7527070472853343510,"infsemesp","Sálvame Marrakech 🇲🇦🥖🇫🇷",26500,12800,2653,https://p77-sign-va.tiktokcdn.com/tos-maliva-avt-0068/d13b61b73ce7790d3bf3363dd08bdee1~tplv-tiktokx-cropcenter:100:100.jpeg?dr=14579&refresh_token=7006d27c&x-expires=1752940800&x-signature=9WpJzX92YxUQd%2F53X4cGJyugpBM%3D&t=4d5b0474&ps=13740610&shp=a5d48078&shcp=81f88b70&idc=maliva,"Torrepacheco día 3 disturbios los jóvenes nómadas buscan gitanos ‚ ultras y machotes #live #viral  Mañana a las 19;00 manifestación en el ayuntamiento de #torrepacheco #guardiacivil ",Tue Jul 15 2025,1752532668,no,no,"sonido original",7527070458762808086,https://v16m.tiktokcdn.com/35bd9c0f4be0b09849fcf07a5e5b1f93/687a7858/video/tos/no1a/tos-no1a-v-2370-no/og5MrarEvWPHiAgiblB7GBYv4AZA1BhuCaAUE/?a=1233&bti=ODszNWYuMDE6&ch=0&cr=0&dr=0&er=0&lr=default&cd=0%7C0%7C0%7C0&br=250&bt=125&ds=5&ft=.NpOcInz7Thl1ywKXq8Zmo&mime_type=audio_mpeg&qs=13&rc=am5kaHU5cmlyNDMzbzU8NUBpam5kaHU5cmlyNDMzbzU8NUA0ajAzMmRrYW5hLS1kMTFzYSM0ajAzMmRrYW5hLS1kMTFzcw%3D%3D&vvpl=1&l=2025071800372066B40C0A7D023D1E1A00&btag=e00078000&cc=3,https://p77-sign-va.tiktokcdn.com/tos-maliva-avt-0068/d13b61b73ce7790d3bf3363dd08bdee1~tplv-tiktokx-cropcenter:1080:1080.jpeg?dr=14579&refresh_token=cbd64d05&x-expires=1752940800&x-signature=aJ0EyoC4mJFOuthN3zLVgnrBdKY%3D&t=4d5b0474&ps=13740610&shp=a5d48078&shcp=81f88b70&idc=maliva,"Sálvame Marrakech 🇲🇦🥖🇫🇷",https://v16-webapp-prime.tiktok.com/video/tos/no1a/tos-no1a-ve-0068c001-no/oYAFPH21aaoEfBUH0NDYXIGXkdjREXFgHzFEfX/?a=1988&bti=ODszNWYuMDE6&ch=0&cr=3&dr=0&lr=all&cd=0%7C0%7C0%7C&cv=1&br=652&bt=326&cs=0&ds=3&ft=4fUEKMUm8Zmo00fv5I4jVeUlvpWrKsd.&mime_type=video_mp4&qs=0&rc=PDw2ZGk2aGQ4N2UzOjc4NEBpanVkbHQ5cmtyNDMzbzczNUAuXi9eL14uXzExNi0vYzQxYSNja3AzMmRrX25hLS1kMTFzcw%3D%3D&btag=e000b8000&expire=1752943065&l=2025071800372066B40C0A7D023D1E1A00&ply_type=2&policy=2&signature=d79c6e70f1e43804002c131137e5aabc&tk=tt_chain_token,https://www.tiktok.com/infsemesp/video/7527070472853343510,"",21500,2009,1809,763700,"live‚viral‚torrepacheco‚guardiacivil","live‚Viral‚torrepacheco‚guardiacivil","",,"Buscamos   gitanos‚ultras y machotes ‚Día 3   Torre Pacheco ","",""
7526003367332629782,7526003367332629782,"kapper4koning","Barbero✅️",374,33,24,https://p77-sign-va.tiktokcdn.com/tos-maliva-avt-0068/f930b880b727f4de616bec362a71b640~tplv-tiktokx-cropcenter:100:100.jpeg?dr=14579&refresh_token=df48ff6d&x-expires=1752940800&x-signature=oRKYSPXuyR0VLSlBTPiVSMI8a%2Bg%3D&t=4d5b0474&ps=13740610&shp=a5d48078&shcp=81f88b70&idc=maliva,"#torrepacheco #cartagena #murcia #policia #barcelona ",Sat Jul 12 2025,1752284229,no,no,"sonido original",7526003288899095318,https://v16m.tiktokcdn.com/c0cb9a3167e7f4ac1dfb86ea4ed630f5/687a784c/video/tos/no1a/tos-no1a-v-2370-no/oIEAEkcfbESEU8UJGvcoyAFxVAvDUBgFC1ebxB/?a=1233&bti=ODszNWYuMDE6&ch=0&cr=0&dr=0&er=0&lr=default&cd=0%7C0%7C0%7C0&br=250&bt=125&ds=5&ft=.NpOcInz7Thl1ywKXq8Zmo&mime_type=audio_mpeg&qs=13&rc=amxtOHg5cmt1NDMzbzU8NUBpamxtOHg5cmt1NDMzbzU8NUBeXi9tMmRrbGxhLS1kMTFzYSNeXi9tMmRrbGxhLS1kMTFzcw%3D%3D&vvpl=1&l=2025071800372066B40C0A7D023D1E1A00&btag=e00070000&cc=3,https://p77-sign-va.tiktokcdn.com/tos-maliva-avt-0068/f930b880b727f4de616bec362a71b640~tplv-tiktokx-cropcenter:1080:1080.jpeg?dr=14579&refresh_token=a21b1cd4&x-expires=1752940800&x-signature=u3%2FR9hn%2BV%2FQYQDFTcI0LWBUpZEM%3D&t=4d5b0474&ps=13740610&shp=a5d48078&shcp=81f88b70&idc=maliva,"Barbero✅️",https://v16-webapp-prime.tiktok.com/video/tos/no1a/tos-no1a-ve-0068-no/o0oeQeDQLASIhLjCEIwzegsAjNDG4Lob3I6sYI/?a=1988&bti=ODszNWYuMDE6&ch=0&cr=3&dr=0&lr=all&cd=0%7C0%7C0%7C&cv=1&br=3086&bt=1543&cs=0&ds=3&ft=4fUEKMUm8Zmo00fv5I4jVeUlvpWrKsd.&mime_type=video_mp4&qs=0&rc=cnF8b2hsc2d3SkBwaHIxaDFybndmaDllZTg3PDhnZ2g7ZzQ0N0BpanBrNnQ5cnN1NDMzbzczNUBjRl5Nc3FePmJKYSNvYF90aHFmOiM0LWI0LzIvNl4xYmJhXi42YSMtbm0yMmRramxhLS1kMTFzcw%3D%3D&btag=e000b0000&expire=1752943053&l=2025071800372066B40C0A7D023D1E1A00&ply_type=2&policy=2&signature=3891cb7e0f76b510cd45dd1b54a1ac30&tk=tt_chain_token,https://www.tiktok.com/kapper4koning/video/7526003367332629782,"",1319,460,254,251100,"torrepacheco‚cartagena‚murcia‚policia‚barcelona","torrepacheco‚cartagena‚murcia‚policia‚barcelona","",,"esto es una trampa de VOX   tan cuidado señor pedro   Un salud‚torre pacheco","",""
7526963679695260950,7526963679695260950,"kapper4koning","Barbero✅️",374,33,24,https://p77-sign-va.tiktokcdn.com/tos-maliva-avt-0068/f930b880b727f4de616bec362a71b640~tplv-tiktokx-cropcenter:100:100.jpeg?dr=14579&refresh_token=df48ff6d&x-expires=1752940800&x-signature=oRKYSPXuyR0VLSlBTPiVSMI8a%2Bg%3D&t=4d5b0474&ps=13740610&shp=a5d48078&shcp=81f88b70&idc=maliva,"#torrepacheco #murcia #policia #cartagena ",Mon Jul 14 2025,1752507803,no,no,"sonido original",7526963674341444374,https://v77.tiktokcdn.com/cba2c8aee0f2604725f28ddcda7f6190/687a7855/video/tos/no1a/tos-no1a-v-2370-no/o8kqdGgdfCIpeWDtADJoLzB2SEFkFUAvRSAIrq/?a=1233&bti=ODszNWYuMDE6&ch=0&cr=0&dr=0&er=0&lr=default&cd=0%7C0%7C0%7C0&br=250&bt=125&ds=5&ft=.NpOcInz7Thl1ywKXq8Zmo&mime_type=audio_mpeg&qs=13&rc=ajY8PG85cjpsNDMzbzU8NUBpajY8PG85cjpsNDMzbzU8NUBhY2IxMmRjX25hLS1kMTFzYSNhY2IxMmRjX25hLS1kMTFzcw%3D%3D&vvpl=1&l=2025071800372066B40C0A7D023D1E1A00&btag=e00078000&cc=13,https://p77-sign-va.tiktokcdn.com/tos-maliva-avt-0068/f930b880b727f4de616bec362a71b640~tplv-tiktokx-cropcenter:1080:1080.jpeg?dr=14579&refresh_token=a21b1cd4&x-expires=1752940800&x-signature=u3%2FR9hn%2BV%2FQYQDFTcI0LWBUpZEM%3D&t=4d5b0474&ps=13740610&shp=a5d48078&shcp=81f88b70&idc=maliva,"Barbero✅️",https://v16-webapp-prime.tiktok.com/video/tos/no1a/tos-no1a-ve-0068c001-no/okJOOpiDBEBN812LALiQyzIGMAf30CCIipwpCO/?a=1988&bti=ODszNWYuMDE6&ch=0&cr=3&dr=0&lr=all&cd=0%7C0%7C0%7C&cv=1&br=1678&bt=839&cs=0&ds=3&ft=4fUEKMUm8Zmo00fv5I4jVeUlvpWrKsd.&mime_type=video_mp4&qs=0&rc=ZWY8PGlpPGc7OGczZ2U0aUBpM2ZydHA5cjZsNDMzbzczNUAuMC9eXjYyXmAxXzQ2YV82YSNyajYuMmRjX25hLS1kMTFzcw%3D%3D&btag=e000b8000&expire=1752943062&l=2025071800372066B40C0A7D023D1E1A00&ply_type=2&policy=2&signature=579c618cdee14936aff8859a15b7a359&tk=tt_chain_token,https://www.tiktok.com/kapper4koning/video/7526963679695260950,"",449,46,52,102800,"torrepacheco‚murcia‚policia‚cartagena","torrepacheco‚murcia‚policia‚cartagena","",,"esto es un kebab   en torre pacheco el  dueño ha declarado que   la mayoría son gitanos‚Los gitanos están engañando a las imágenes de los españoles ","",""
7527802223661747479,7527802223661747479,"andressuarezlo","Andrés Suárez",1107,1105,347,https://p16-sign-va.tiktokcdn.com/tos-maliva-avt-0068/79c9bc3f956ffcb56769dd196460c7a0~tplv-tiktokx-cropcenter:100:100.jpeg?dr=14579&refresh_token=ca7853a5&x-expires=1752940800&x-signature=Q%2BoRaVPwMbQian%2BhpO%2F%2BCCa3%2Fn4%3D&t=4d5b0474&ps=13740610&shp=a5d48078&shcp=81f88b70&idc=maliva,"Esto es la campaña permanente... #psoe #vox #sanchez #pedrosanchez #abascal #torrepacheco ",Wed Jul 16 2025,1752703042,no,no,"sonido original",7527802230289058582,https://v16m.tiktokcdn.com/302f16c3cb067c463b29d0502b7c358c/687a78a6/video/tos/no1a/tos-no1a-v-2370-no/oE7wG8BEAsTEAI1IjDFQEQDDAGIYALfIfCeo83/?a=1233&bti=ODszNWYuMDE6&ch=0&cr=0&dr=0&er=0&lr=default&cd=0%7C0%7C0%7C0&br=250&bt=125&ds=5&ft=.NpOcInz7Thl1ywKXq8Zmo&mime_type=audio_mpeg&qs=13&rc=anc8OHU5cms1NDMzbzU8NUBpanc8OHU5cms1NDMzbzU8NUBlcGRzMmRrLXBhLS1kMTFzYSNlcGRzMmRrLXBhLS1kMTFzcw%3D%3D&vvpl=1&l=2025071800372066B40C0A7D023D1E1A00&btag=e00050000&cc=3,https://p77-sign-va.tiktokcdn.com/tos-maliva-avt-0068/79c9bc3f956ffcb56769dd196460c7a0~tplv-tiktokx-cropcenter:1080:1080.jpeg?dr=14579&refresh_token=521f21b7&x-expires=1752940800&x-signature=XmUc4bUkwYCJtCDRmF3lCCPpacM%3D&t=4d5b0474&ps=13740610&shp=a5d48078&shcp=81f88b70&idc=maliva,"Andrés Suárez",https://v16-webapp-prime.tiktok.com/video/tos/no1a/tos-no1a-ve-0068c001-no/oUiLEIFfBopIQWIjGKeQ6Qieyo6BB1ALAS314D/?a=1988&bti=ODszNWYuMDE6&ch=0&cr=3&dr=0&lr=all&cd=0%7C0%7C0%7C&cv=1&br=1888&bt=944&cs=0&ds=3&ft=4fUEKMUm8Zmo00fv5I4jVeUlvpWrKsd.&mime_type=video_mp4&qs=0&rc=ZTVnaWg4ZWU0Z2loZ2hoZkBpMzw0M3E5cjY0NDMzbzczNUA2Xl81LTEtNS4xM2M0X2BgYSNtMl5xMmRjcnBhLS1kMTFzcw%3D%3D&btag=e00090000&expire=1752943143&l=2025071800372066B40C0A7D023D1E1A00&ply_type=2&policy=2&signature=2d11e87e1b2445b7f551f5685a0f76ef&tk=tt_chain_token,https://www.tiktok.com/andressuarezlo/video/7527802223661747479,"",82,18,8,1160,"psoe‚vox‚sanchez‚pedrosanchez‚abascal‚torrepacheco","psoe‚vox‚sanchez‚pedrosanchez‚abascal‚torrepacheco","",,"PSOE Y VOX SE BENEFICIAN DE TORRE PACHECO","",""
7526300438166048022,7526300438166048022,"ainoabautista2_","A🖤",280,815,3,https://p77-sign-va.tiktokcdn.com/tos-maliva-avt-0068/37a3532d2ab295d37d13d45a9b3af24b~tplv-tiktokx-cropcenter:100:100.jpeg?dr=14579&refresh_token=71fadbb8&x-expires=1752940800&x-signature=eMq%2F3XvQM2HJJdEGJqgmdLgaxHw%3D&t=4d5b0474&ps=13740610&shp=a5d48078&shcp=81f88b70&idc=maliva,"#torrepacheco #murcia ",Sat Jul 12 2025,1752353379,no,no,"sonido original",6990384154198231813,https://v77.tiktokcdn.com/07399513844762bccc64a978186331ee/687a7850/video/tos/useast2a/tos-useast2a-v-27dcd7/8b8e1e0d53c340f68f0df3015782dd6e/?a=1233&bti=ODszNWYuMDE6&ch=0&cr=0&dr=0&er=0&lr=default&cd=0%7C0%7C0%7C0&br=252&bt=126&ds=5&ft=.NpOcInz7Thl1ywKXq8Zmo&mime_type=audio_mp4&qs=13&rc=anQ3cjo6ZjNnNzMzNzU8M0BpanQ3cjo6ZjNnNzMzNzU8M0Bob2BycjRfXy5gLS1kMTZzYSNob2BycjRfXy5gLS1kMTZzcw%3D%3D&vvpl=1&l=2025071800372066B40C0A7D023D1E1A00&btag=e00078000&cc=13,https://p16-sign-va.tiktokcdn.com/tos-maliva-avt-0068/5e96b030834b423d3874860c0b4200e1~tplv-tiktokx-cropcenter:1080:1080.jpeg?dr=14579&refresh_token=9abc1e3d&x-expires=1752940800&x-signature=9JxSgXy%2Bg0RBz7O3nIY4g0f8BJ4%3D&t=4d5b0474&ps=13740610&shp=a5d48078&shcp=81f88b70&idc=maliva,"Flow cabron 🌎",https://v16-webapp-prime.tiktok.com/video/tos/no1a/tos-no1a-ve-0068-no/ogk6cqoRoICgEG8FiosgSoB3iffKABaBtEbzoA/?a=1988&bti=ODszNWYuMDE6&ch=0&cr=3&dr=0&lr=all&cd=0%7C0%7C0%7C&br=1162&bt=581&cs=0&ds=2&ft=4fUEKMUm8Zmo00fv5I4jVeUlvpWrKsd.&mime_type=video_mp4&qs=0&rc=O2Y0Ojw3aDdlOTY0OWc2ZEBpMzs2aXE5cmlmNDMzbzczNUA2YDViYGIyXjMxNTNiYTAvYSNpaTEuMmRzaG1hLS1kMTFzcw%3D%3D&btag=e000b0000&expire=1752943051&l=2025071800372066B40C0A7D023D1E1A00&ply_type=2&policy=2&signature=b57482dde6b657939d31fe75bde484f9&tk=tt_chain_token,https://www.tiktok.com/ainoabautista2_/video/7526300438166048022,"",1107,44,113,57400,"torrepacheco‚murcia","torrepacheco‚murcia","",,"","",""
7527797274903186710,7527797274903186710,"c.mb71","c.mb71",35,31,3,https://p77-sign-va.tiktokcdn.com/tos-maliva-avt-0068/522c8b01df5cdff56468e933a5478689~tplv-tiktokx-cropcenter:100:100.jpeg?dr=14579&refresh_token=f2ce96ac&x-expires=1752940800&x-signature=OcpPJ%2BxrIScKkFhAZVcX%2BdFKL70%3D&t=4d5b0474&ps=13740610&shp=a5d48078&shcp=81f88b70&idc=maliva,"#parati #saharaoccidental #españa #torrepacheco ",Wed Jul 16 2025,1752701890,no,no,"sonido original",7444997306628557624,https://v16m.tiktokcdn.com/0171b2785fc9f79cb916e7641e855e7d/687a786f/video/tos/useast2a/tos-useast2a-v-27dcd7/oUBRj4AjEiFxMQAgP8zKRBaAqEA2k4AfoBdiBE/?a=1233&bti=ODszNWYuMDE6&ch=0&cr=0&dr=0&er=0&lr=default&cd=0%7C0%7C0%7C0&br=250&bt=125&ds=5&ft=.NpOcInz7Thl1ywKXq8Zmo&mime_type=audio_mpeg&qs=13&rc=ajg6d3I5cjt5dzMzNzU8M0Bpajg6d3I5cjt5dzMzNzU8M0BlZGpiMmRzMDVgLS1kMTZzYSNlZGpiMmRzMDVgLS1kMTZzcw%3D%3D&vvpl=1&l=2025071800372066B40C0A7D023D1E1A00&btag=e00048000&cc=3,https://p16-sign-va.tiktokcdn.com/tos-maliva-avt-0068/afc4afa2035e0aa9083431699b2e44a4~tplv-tiktokx-cropcenter:1080:1080.jpeg?dr=14579&refresh_token=aa7f05ff&x-expires=1752940800&x-signature=1XBfWBoSWJSXTHC%2B4xXBBVQw3q0%3D&t=4d5b0474&ps=13740610&shp=a5d48078&shcp=81f88b70&idc=maliva,"Kingdom Music",,https://www.tiktok.com/c.mb71/video/7527797274903186710,"",859,113,27,16600,"parati‚saharaoccidental‚españa‚torrepacheco","parati‚saharaoccidental‚españa‚torrepacheco","",,"Españoles de Torre-Pacheco y de todo el mundo‚ la comunidad saharaui presente en España os manda fuerza y un apoyo inmenso. #FreeSaharaOccidental  🇪🇭❤️🇪🇸","",""
7527323905187499286,7527323905187499286,"hananeyounes34","عائلتي سر سعادتي",50900,6335,1182,https://p77-sign-va.tiktokcdn.com/tos-maliva-avt-0068/b6fd2cb80a60fd59b50020a33edd7886~tplv-tiktokx-cropcenter:100:100.jpeg?dr=14579&refresh_token=ed27fede&x-expires=1752940800&x-signature=iiaN%2F8mKasHzjBNF0YD7IyMwywk%3D&t=4d5b0474&ps=13740610&shp=a5d48078&shcp=81f88b70&idc=maliva,"#torrepacheco #اسبانيا🇪🇸_ايطاليا🇮🇹_البرتغال🇵🇹 #اسبانيا🇪🇸 ",Tue Jul 15 2025,1752591675,no,no,"sonido original",7527323917028231958,https://v16m.tiktokcdn.com/78c8b55b556cadf975551c32c9a2b07b/687a78e1/video/tos/no1a/tos-no1a-v-2370-no/oE2ofEEDA5ADJpaFfAQTLAEnIhsHn7I2Nf4DTI/?a=1233&bti=ODszNWYuMDE6&ch=0&cr=0&dr=0&er=0&lr=default&cd=0%7C0%7C0%7C0&br=250&bt=125&ds=5&ft=.NpOcInz7Thl1ywKXq8Zmo&mime_type=audio_mpeg&qs=13&rc=M3ZsO205cmk5NDMzbzU8NUBpM3ZsO205cmk5NDMzbzU8NUBlbnBsMmRzbm9hLS1kMTFzYSNlbnBsMmRzbm9hLS1kMTFzcw%3D%3D&vvpl=1&l=2025071800372066B40C0A7D023D1E1A00&btag=e00050000&cc=3,https://p77-sign-va.tiktokcdn.com/tos-maliva-avt-0068/b6fd2cb80a60fd59b50020a33edd7886~tplv-tiktokx-cropcenter:1080:1080.jpeg?dr=14579&refresh_token=bfa867e2&x-expires=1752940800&x-signature=icphKp87%2BNW8tdt1E4LojOa27zA%3D&t=4d5b0474&ps=13740610&shp=a5d48078&shcp=81f88b70&idc=maliva,"عائلتي سر سعادتي",https://v16-webapp-prime.tiktok.com/video/tos/no1a/tos-no1a-ve-0068-no/ocLEAEqQjWFIQAbf21Q7lNWR8O4DIDFfI3VLYf/?a=1988&bti=ODszNWYuMDE6&ch=0&cr=3&dr=0&lr=all&cd=0%7C0%7C0%7C&cv=1&br=1206&bt=603&cs=0&ds=3&ft=4fUEKMUm8Zmo00fv5I4jVeUlvpWrKsd.&mime_type=video_mp4&qs=0&rc=NWQ8NGRlNjs0NjlpaDo6N0BpM2hleW85cnE5NDMzbzczNUAvXjYxMTVeXi4xNS0vMDFiYSM1cmRhMmRzaW9hLS1kMTFzcw%3D%3D&btag=e00090000&expire=1752943202&l=2025071800372066B40C0A7D023D1E1A00&ply_type=2&policy=2&signature=3ce9dbf7e1c2a2282effe12f089b89e2&tk=tt_chain_token,https://www.tiktok.com/hananeyounes34/video/7527323905187499286,"",1866,118,179,76100,"torrepacheco‚اسبانيا🇪🇸_ايطاليا🇮🇹_البرتغال🇵🇹‚اسبانيا🇪🇸","torrepacheco‚اسبانيا🇪🇸_ايطاليا🇮🇹_البرتغال🇵🇹‚اسبانيا🇪🇸","",,"نحن نريد السلام فقط‚Torre pacheco","",""
7526970594533903638,7526970594533903638,"mezclatuber","MEZCLATUBER",7072,669,74,https://p77-sign-va.tiktokcdn.com/tos-maliva-avt-0068/cf92166f356685f891032f8c14be270f~tplv-tiktokx-cropcenter:100:100.jpeg?dr=14579&refresh_token=9a79b96d&x-expires=1752940800&x-signature=%2BClfAC5bmTWv9aqpPUMtDlOHYQY%3D&t=4d5b0474&ps=13740610&shp=a5d48078&shcp=81f88b70&idc=maliva,"Máxima Difusión #españa #torrepacheco ",Mon Jul 14 2025,1752509412,no,no,"sonido original",7526970583734717206,https://v16m.tiktokcdn.com/1bc87f739eb48bf1f014996e8716118d/687a784e/video/tos/no1a/tos-no1a-v-2370-no/o0o8qJ1wKQAfeIIhD1LeWGAJbVxAfiIomAG7QP/?a=1233&bti=ODszNWYuMDE6&ch=0&cr=0&dr=0&er=0&lr=default&cd=0%7C0%7C0%7C0&br=250&bt=125&ds=5&ft=.NpOcInz7Thl1ywKXq8Zmo&mime_type=audio_mpeg&qs=13&rc=amd3NXg5cnNsNDMzbzU8NUBpamd3NXg5cnNsNDMzbzU8NUBsaWVxMmRza25hLS1kMTFzYSNsaWVxMmRza25hLS1kMTFzcw%3D%3D&vvpl=1&l=2025071800372066B40C0A7D023D1E1A00&btag=e00070000&cc=3,https://p77-sign-va.tiktokcdn.com/tos-maliva-avt-0068/cf92166f356685f891032f8c14be270f~tplv-tiktokx-cropcenter:1080:1080.jpeg?dr=14579&refresh_token=e1799cfa&x-expires=1752940800&x-signature=szuZnRbJJrMDbYZVLiZqrB58pWo%3D&t=4d5b0474&ps=13740610&shp=a5d48078&shcp=81f88b70&idc=maliva,"MEZCLATUBER",https://v16-webapp-prime.tiktok.com/video/tos/no1a/tos-no1a-ve-0068-no/oYxiPLACIBzCy8OA41KBfCgIXvAiQLpwBE70Eb/?a=1988&bti=ODszNWYuMDE6&ch=0&cr=3&dr=0&lr=all&cd=0%7C0%7C0%7C&cv=1&br=1394&bt=697&cs=0&ds=3&ft=4fUEKMUm8Zmo00fv5I4jVeUlvpWrKsd.&mime_type=video_mp4&qs=0&rc=NjNmOzpmOWdnaGVkNGRnN0BpM3J2cG05cnFsNDMzbzczNUAzMjNeMzZhX2AxMy1iYDU1YSNkLm0tMmRza25hLS1kMTFzcw%3D%3D&btag=e000b0000&expire=1752943055&l=2025071800372066B40C0A7D023D1E1A00&ply_type=2&policy=2&signature=c957787ae34625ba9ca3b5691ebfe52c&tk=tt_chain_token,https://www.tiktok.com/mezclatuber/video/7526970594533903638,"",183,4,78,5044,"españa‚torrepacheco","españa‚torrepacheco","",,"","",""
7526881071913307414,7526881071913307414,"laquico_officialspain","laquico_officialspain",14700,5071,51,https://p77-sign-va.tiktokcdn.com/tos-maliva-avt-0068/55b3cdaea5b9f17b71a784e79d5f7a2c~tplv-tiktokx-cropcenter:100:100.jpeg?dr=14579&refresh_token=071883cf&x-expires=1752940800&x-signature=k9Yh59PUvCYpj8WcAR7b%2FH8L8lo%3D&t=4d5b0474&ps=13740610&shp=a5d48078&shcp=81f88b70&idc=maliva,"DIRECTO de rescue.you en TORRE-PACHECO .el grupo de Instagram a por los españoles .@RescueYou #fyp #parati #paratiiiiiiiiiiiiiiiiiiiiiiiiiiiiiii #casosreales #delito #noticias #noticiastiktok #ultimahora🚨 #ultimahora #noticiasespaña #inmigrantes #casos #mena #torrepacheco ",Mon Jul 14 2025,1752488571,no,no,"sonido original",7526881071071857430,https://v77.tiktokcdn.com/6eecd5ab9ca092c58c1966ee5ba0e614/687a7878/video/tos/no1a/tos-no1a-v-2370-no/oED6II7IGJITbDtwAIePErAAnL8xAQLoffATFp/?a=1233&bti=ODszNWYuMDE6&ch=0&cr=0&dr=0&er=0&lr=default&cd=0%7C0%7C0%7C0&br=250&bt=125&ds=5&ft=.NpOcInz7Thl1ywKXq8Zmo&mime_type=audio_mpeg&qs=13&rc=M3JtOXk5cnlnNDMzbzU8NUBpM3JtOXk5cnlnNDMzbzU8NUAtNDFzMmRjaG5hLS1kMTFzYSMtNDFzMmRjaG5hLS1kMTFzcw%3D%3D&vvpl=1&l=2025071800372066B40C0A7D023D1E1A00&btag=e00048000&cc=13,https://p77-sign-va.tiktokcdn.com/tos-maliva-avt-0068/55b3cdaea5b9f17b71a784e79d5f7a2c~tplv-tiktokx-cropcenter:1080:1080.jpeg?dr=14579&refresh_token=a76e76dd&x-expires=1752940800&x-signature=lunOeNcc2yZBJOaiGd1z5vsP0dg%3D&t=4d5b0474&ps=13740610&shp=a5d48078&shcp=81f88b70&idc=maliva,"laquico_officialspain",https://v16-webapp-prime.tiktok.com/video/tos/no1a/tos-no1a-ve-0068c001-no/oUkpIgkDoBtulfuFEDLNrAQQEFzpfdigyRISb2/?a=1988&bti=ODszNWYuMDE6&ch=0&cr=3&dr=0&lr=all&cd=0%7C0%7C0%7C&cv=1&br=472&bt=236&cs=0&ds=3&ft=4fUEKMUm8Zmo00fv5I4jVeUlvpWrKsd.&mime_type=video_mp4&qs=0&rc=NjRkOjk4aTc8aDc7ZztlO0BpM2w6OXE5cndnNDMzbzczNUBfLy42NDM1XjExYmIxLjIzYSNtYl8xMmRraG5hLS1kMTFzcw%3D%3D&btag=e00088000&expire=1752943097&l=2025071800372066B40C0A7D023D1E1A00&ply_type=2&policy=2&signature=77ddc5fcd3729f3285aac798ceb0e681&tk=tt_chain_token,https://www.tiktok.com/laquico_officialspain/video/7526881071913307414,"",2225,78,338,109500,"fyp‚parati‚paratiiiiiiiiiiiiiiiiiiiiiiiiiiiiiii‚casosreales‚delito‚noticias‚noticiastiktok‚ultimahora🚨‚ultimahora‚noticiasespaña‚inmigrantes‚casos‚mena‚torrepacheco","fyp‚parati‚paratiiiiiiiiiiiiiiiiiiiiiiiiiiiiiii‚casosreales‚delito‚noticias‚noticiastiktok‚ultimahora🚨‚ultimahora‚noticiasespaña‚inmigrantes‚casos‚mena‚torrepacheco","",,"DIRECTO   TORRE-PACHECO  APOR LOS   ESPAÑOLES","",""
7527293922188594454,7527293922188594454,"babinee77","Babine🙂‍↕️",18200,554,169,https://p16-sign-va.tiktokcdn.com/tos-maliva-avt-0068/e833ab7e7cc40b1db3c0fc21cfd48912~tplv-tiktokx-cropcenter:100:100.jpeg?dr=14579&refresh_token=aa4a94de&x-expires=1752940800&x-signature=kfI1PtWVy2nwKK%2Bwyw6JZ6k2LcM%3D&t=4d5b0474&ps=13740610&shp=a5d48078&shcp=81f88b70&idc=maliva,"Qué sentido tiene?? #torrepacheco #españa #inmigrantes ",Tue Jul 15 2025,1752584695,no,no,"sonido original",7527293915721861910,https://v16m.tiktokcdn.com/c8abbbd5c3f2054f43b4b19a3590ed46/687a7895/video/tos/no1a/tos-no1a-v-2370-no/oUIsIAFAJotdCrDoyFDgfx1EGHsU6EAgkplfBq/?a=1233&bti=ODszNWYuMDE6&ch=0&cr=0&dr=0&er=0&lr=default&cd=0%7C0%7C0%7C0&br=250&bt=125&ds=5&ft=.NpOcInz7Thl1ywKXq8Zmo&mime_type=audio_mpeg&qs=13&rc=anJ1anA5cng4NDMzbzU8NUBpanJ1anA5cng4NDMzbzU8NUBlNmZgMmRrMG9hLS1kMTFzYSNlNmZgMmRrMG9hLS1kMTFzcw%3D%3D&vvpl=1&l=2025071800372066B40C0A7D023D1E1A00&btag=e00050000&cc=3,https://p16-sign-va.tiktokcdn.com/tos-maliva-avt-0068/e833ab7e7cc40b1db3c0fc21cfd48912~tplv-tiktokx-cropcenter:1080:1080.jpeg?dr=14579&refresh_token=551461e3&x-expires=1752940800&x-signature=cdGMDSU4cOcHK6WzvCp2PuekbiM%3D&t=4d5b0474&ps=13740610&shp=a5d48078&shcp=81f88b70&idc=maliva,"Babine🙂‍↕️",https://v16-webapp-prime.tiktok.com/video/tos/no1a/tos-no1a-ve-0068c001-no/o0YPiqaUB8ARRb23HhZxEQiEBC1PoCMIGZlFB/?a=1988&bti=ODszNWYuMDE6&ch=0&cr=3&dr=0&lr=all&cd=0%7C0%7C0%7C&cv=1&br=1286&bt=643&cs=0&ds=3&ft=4fUEKMUm8Zmo00fv5I4jVeUlvpWrKsd.&mime_type=video_mp4&qs=0&rc=aGRkNDQ7NjVlNTNkPDo8N0BpajU5aXE5cm84NDMzbzczNUAyNDBhNmNeXjIxXjIzYTMuYSM0ZDMuMmQ0MG9hLS1kMTFzcw%3D%3D&btag=e00090000&expire=1752943126&l=2025071800372066B40C0A7D023D1E1A00&ply_type=2&policy=2&signature=4f8686602e22d6970fb909ece4ef3756&tk=tt_chain_token,https://www.tiktok.com/babinee77/video/7527293922188594454,"",153,25,16,3772,"torrepacheco‚españa‚inmigrantes","torrepacheco‚españa‚inmigrantes","",,"","",""
7526806301838675223,7526806301838675223,"zonagemelos_tiktok","ZonaGemelos",2912,74,93,https://p16-sign-va.tiktokcdn.com/tos-maliva-avt-0068/8391313c1b62c1d1d832fd8b316d5b1c~tplv-tiktokx-cropcenter:100:100.jpeg?dr=14579&refresh_token=379ca7d7&x-expires=1752940800&x-signature=49GVtymzRPHT28WkcQ8icZ6zo6o%3D&t=4d5b0474&ps=13740610&shp=a5d48078&shcp=81f88b70&idc=maliva,"GRACIAS PEDRO SÁNCHEZ#torrepacheco #ultimahora #abuelo #españa #marroc🇲🇦 #venganza #churumbedemalaga #zonagemelos #zonagemelos #españa🇪🇸marruecos🇲🇦casablanca #sanchezdimision #concierto #malaga #conflicto ",Mon Jul 14 2025,1752471177,no,no,"sonido original",7526806331232226070,https://v16m.tiktokcdn.com/6c415b7ba576ca5c4bee0ab22da85e47/687a7900/video/tos/no1a/tos-no1a-v-2370-no/oEkGyiB3EKC1lEAGM0iEptABlANwo7AUO0fq7B/?a=1233&bti=ODszNWYuMDE6&ch=0&cr=0&dr=0&er=0&lr=default&cd=0%7C0%7C0%7C0&br=250&bt=125&ds=5&ft=.NpOcInz7Thl1ywKXq8Zmo&mime_type=audio_mpeg&qs=13&rc=M3VqZHU5cjY8NDMzbzU8NUBpM3VqZHU5cjY8NDMzbzU8NUBpb14wMmRjYW5hLS1kMTFzYSNpb14wMmRjYW5hLS1kMTFzcw%3D%3D&vvpl=1&l=2025071800372066B40C0A7D023D1E1A00&btag=e00058000&cc=3,https://p77-sign-va.tiktokcdn.com/tos-maliva-avt-0068/8391313c1b62c1d1d832fd8b316d5b1c~tplv-tiktokx-cropcenter:1080:1080.jpeg?dr=14579&refresh_token=1e62f315&x-expires=1752940800&x-signature=HRJ44Q9Z6ujW0tSr0FOOzJxnewo%3D&t=4d5b0474&ps=13740610&shp=a5d48078&shcp=81f88b70&idc=maliva,"ZonaGemelos",https://v16-webapp-prime.tiktok.com/video/tos/no1a/tos-no1a-ve-0068c001-no/ock0uGgEEBDAdkZFJDB6lolWeMPFREQwI7qmf1/?a=1988&bti=ODszNWYuMDE6&ch=0&cr=3&dr=0&lr=all&cd=0%7C0%7C0%7C&cv=1&br=1092&bt=546&cs=0&ds=3&ft=4fUEKMUm8Zmo00fv5I4jVeUlvpWrKsd.&mime_type=video_mp4&qs=0&rc=aGc2ZjVpOWVnMzhoNWk6aUBpMzl1eHg5cjM8NDMzbzczNUBiYGIuNmBiNS8xYmJjMS02YSNrX2Q0MmRjX25hLS1kMTFzcw%3D%3D&btag=e00098000&expire=1752943233&l=2025071800372066B40C0A7D023D1E1A00&ply_type=2&policy=2&signature=58c2aae3a23a4c70decda5438e3354b3&tk=tt_chain_token,https://www.tiktok.com/zonagemelos_tiktok/video/7526806301838675223,"",9403,681,1356,391400,"torrepacheco‚ultimahora‚abuelo‚españa‚marroc🇲🇦‚venganza‚churumbedemalaga‚zonagemelos‚zonagemelos‚españa🇪🇸marruecos🇲🇦casablanca‚sanchezdimision‚concierto‚malaga‚conflicto","torrepacheco‚ultimahora‚abuelo‚españa‚marroc🇲🇦‚venganza‚churumbedemalaga‚zonagemelos‚españa🇪🇸marruecos🇲🇦casablanca‚sanchezdimision‚concierto‚malaga‚conflicto","",,"GRACIAS PEDRO  SÁNCHEZ‚DOS OCUPAS MARROQUÍS   DANDO SU OPINIÓN   DE LOS PROBLEMAS DE   ESPAÑA EN TORRE PACHECO ","",""
7528055129828871446,7528055129828871446,"europapress","Europa Press",756800,119,6290,https://p77-sign-sg-lite.tiktokcdn.com/tos-alisg-avt-0068/a53aedda7911402072975f7fe6ab362e~tplv-tiktokx-cropcenter:100:100.jpeg?dr=14579&refresh_token=121ea22c&x-expires=1752940800&x-signature=XmyJcKGDavTolykmPi8s%2F8LRTkk%3D&t=4d5b0474&ps=13740610&shp=a5d48078&shcp=81f88b70&idc=maliva,"Vecinos de Torre Pacheco han afirmado que están "volviendo a la normalidad" y que están encontrando "calma" tras las revueltas de los últimos días. Al mismo tiempo‚ han destacado que "nos sentimos más protegidos por la Guardia Civil". #torrepacheco #murcia #migrantes #guardiacivil",Thu Jul 17 2025,1752761925,no,no,"original sound - Europa Press",7528055129243618070,https://v77.tiktokcdn.com/5ca72f8a2dbcd512a3466efa92bb4ef6/687a787e/video/tos/no1a/tos-no1a-v-2370-no/oAiMkJx0PB68CDjOi91IhEBAyq5fMGowKy5wIB/?a=1233&bti=ODszNWYuMDE6&ch=0&cr=0&dr=0&er=0&lr=default&cd=0%7C0%7C0%7C0&br=250&bt=125&ft=.NpOcInz7ThQ1ywKXq8Zmo&mime_type=audio_mpeg&qs=6&rc=NWhpNWlkZjY6OTk0NDk4ZkBpajY2Z3c5cmtqNDMzbzU8NUBgYDBfNV4uNmAxLWEuL2BgYSNwbGFtMmRzYHBhLS1kMTFzcw%3D%3D&vvpl=1&l=20250718003724F28A5A6A22800E1E062B&btag=e00088000&cc=13,https://p77-sign-sg.tiktokcdn.com/tos-alisg-avt-0068/a53aedda7911402072975f7fe6ab362e~tplv-tiktokx-cropcenter:1080:1080.jpeg?dr=14579&refresh_token=1eb6b329&x-expires=1752940800&x-signature=gQftTBISmZx2XG4qpnjcHEyTtAU%3D&t=4d5b0474&ps=13740610&shp=a5d48078&shcp=81f88b70&idc=maliva,"Europa Press",https://v16-webapp-prime.tiktok.com/video/tos/no1a/tos-no1a-ve-0068c001-no/o0ydf5XEQJQpeQoQADgIrB7FdfFKytEILDKDAD/?a=1988&bti=ODszNWYuMDE6&ch=0&cr=3&dr=0&lr=all&cd=0%7C0%7C0%7C&cv=1&br=2400&bt=1200&cs=0&ds=3&ft=4fUEKMUm8Zmo0~fv5I4jVM7hxpWrKsd.&mime_type=video_mp4&qs=0&rc=OzU1ZzxnO2Q6OTNlZzQ7ZEBpam50eXM5cmxqNDMzbzgzNUBiMi8uXl5eXmExYDQuLi42YSNmMGEtMmRjX3BhLS1kLzFzcw%3D%3D&btag=e00088000&expire=1752943102&l=20250718003724F28A5A6A22800E1E062B&ply_type=2&policy=2&signature=de49a399274982559eda14d29b377e00&tk=tt_chain_token,https://www.tiktok.com/europapress/video/7528055129828871446,"",144,21,3,9263,"torrepacheco‚murcia‚migrantes‚guardiacivil","torrepacheco‚murcia‚migrantes‚guardiacivil","",,"","",""
7527339463920405782,7527339463920405782,"quran2025salah","فلا تدعوا مع الله احدا",45100,20500,2103,https://p77-sign-va.tiktokcdn.com/tos-maliva-avt-0068/426e45b37edfd5bacba2ad69e944e6dd~tplv-tiktokx-cropcenter:100:100.jpeg?dr=14579&refresh_token=37bcc133&x-expires=1752940800&x-signature=ZjkoNFiybKPXux%2FRgaKNkVwFCC8%3D&t=4d5b0474&ps=13740610&shp=a5d48078&shcp=81f88b70&idc=maliva,"#28YearsLater #LIVEIncentiveProgram #creatorsearchinsights #MuslimTikTok #livehighlights #fouryou #tiktoklive ",Tue Jul 15 2025,1752595297,no,no,"الضحك ببلاش",7301559121646537504,https://v77.tiktokcdn.com/aee824848b2cddec0fd299914b8170ae/687a7867/video/tos/useast2a/tos-useast2a-v-2370-euttp/oMBJDEQrEBlAe0UVEBUA7PFA4VYQWDfF1TCzlb/?a=1233&bti=ODszNWYuMDE6&ch=0&cr=0&dr=0&er=0&lr=default&cd=0%7C0%7C0%7C0&br=250&bt=125&ds=5&ft=.NpOcInz7ThQ1ywKXq8Zmo&mime_type=audio_mpeg&qs=13&rc=M3VxaXQ5cnA4bzMzZjU8M0BpM3VxaXQ5cnA4bzMzZjU8M0BgcS9kMmRzZl5gLS1kMWNzYSNgcS9kMmRzZl5gLS1kMWNzcw%3D%3D&vvpl=1&l=20250718003724F28A5A6A22800E1E062B&btag=e00048000&cc=13,https://p16-sign-useast2a.tiktokcdn.com/tos-useast2a-avt-0068-euttp/34f7a1fb2d9044ce9b3be4d590e3e53a~tplv-tiktokx-cropcenter:1080:1080.jpeg?dr=14579&refresh_token=3ef7f122&x-expires=1752940800&x-signature=JmDMAHAB%2BM%2B45j%2FjozcH9nYRPx4%3D&t=4d5b0474&ps=13740610&shp=a5d48078&shcp=81f88b70&idc=maliva,"Abo zein",https://v16-webapp-prime.tiktok.com/video/tos/no1a/tos-no1a-ve-0068-no/o0Z7GevZIIVII6ef5gQALDbsQVjPAkg2DLIHl5/?a=1988&bti=ODszNWYuMDE6&ch=0&cr=3&dr=0&lr=all&cd=0%7C0%7C0%7C&cv=1&br=1722&bt=861&cs=0&ds=3&ft=4fUEKMUm8Zmo0~fv5I4jVM7hxpWrKsd.&mime_type=video_mp4&qs=0&rc=aTQ8ZjM2ZGg8NTplNjhkaUBpamk4OHU5cmU6NDMzbzczNUAwYGExXi80XjExYTNhMDNhYSNxZGtzMmQ0am9hLS1kMTFzcw%3D%3D&btag=e00088000&expire=1752943081&l=20250718003724F28A5A6A22800E1E062B&ply_type=2&policy=2&signature=bb92b67c2f5cd02a078f045dfce8ec4d&tk=tt_chain_token,https://www.tiktok.com/quran2025salah/video/7527339463920405782,"",64,11,8,8568,"28yearslater‚liveincentiveprogram‚creatorsearchinsights‚muslimtiktok‚livehighlights‚fouryou‚tiktoklive","28yearslater‚liveincentiveprogram‚creatorsearchinsights‚muslimtiktok‚livehighlights‚fouryou‚TikTokLIVE","",,"torre pacheco  murcia esp‚calma en torre pacheco‚piden calma calma calma‚14/07/2025","",""
7527317245660253462,7527317245660253462,"abc.es","ABC",2600000,498,12100,https://p77-sign-va.tiktokcdn.com/tos-maliva-avt-0068/6ae3f733b937cad4bbd2dbafe77743d7~tplv-tiktokx-cropcenter:100:100.jpeg?dr=14579&refresh_token=226343f4&x-expires=1752940800&x-signature=7eNU9FSn6mxyRWKeGWMFNM3oPfs%3D&t=4d5b0474&ps=13740610&shp=a5d48078&shcp=81f88b70&idc=maliva,"La secretaria general de Podemos‚ Ione Belarra‚ ha cargado contra la «inacción» del Gobierno de España ante la vi0l3ncia desatada por el «t3rr0rism0 de extr3ma derecha» en Torre Pacheco y ha aseverado que «la actuación policial» en el municipio murciano «roza la n3glig3ncia». Belarra ha acus4do al ministro del Interior‚ Fernando Grande-Marlaska‚ de irse «a un partido de tenis -la final de Wimbledon- mientras se estaban produciendo p0gr0mos y p3rsecuc1ones r4cist4s» en el municipio murciano. Además‚ considera a los responsables de Vox como «autores intelectuales» de lo que ha definido como «un fenómeno mediático de fabricación casera‚ utilizando cualquier excusa para extender su 0d1o». #Belearra #IoneBelarra #Podemos #TorrePacheco #Murcia #Marlaska #Gobierno #Abascal #Vox #noticias #news",Tue Jul 15 2025,1752590124,no,no,"sonido original",7527317236060572438,https://v77.tiktokcdn.com/14b16a93d70ba9fa7115bf83c2566397/687a78a0/video/tos/no1a/tos-no1a-v-2370-no/osPoGpcTACAtAJpNgEFfdZkDxfqhtzmEFUBB2E/?a=1233&bti=ODszNWYuMDE6&ch=0&cr=0&dr=0&er=0&lr=default&cd=0%7C0%7C0%7C0&br=250&bt=125&ds=5&ft=.NpOcInz7ThQ1ywKXq8Zmo&mime_type=audio_mpeg&qs=13&rc=amo6d3A5cmY5NDMzbzU8NUBpamo6d3A5cmY5NDMzbzU8NUBzYTZnMmRjYm9hLS1kMTFzYSNzYTZnMmRjYm9hLS1kMTFzcw%3D%3D&vvpl=1&l=20250718003724F28A5A6A22800E1E062B&btag=e00050000&cc=13,https://p77-sign-va.tiktokcdn.com/tos-maliva-avt-0068/6ae3f733b937cad4bbd2dbafe77743d7~tplv-tiktokx-cropcenter:1080:1080.jpeg?dr=14579&refresh_token=c2683f2c&x-expires=1752940800&x-signature=P2crxWNk9tKBwq8EzKPNKK%2BxK%2FM%3D&t=4d5b0474&ps=13740610&shp=a5d48078&shcp=81f88b70&idc=maliva,"ABC",https://v16-webapp-prime.tiktok.com/video/tos/no1a/tos-no1a-ve-0068-no/oMn0ZGyYL1BEBiwnIHCDEPPiZZjFBsaQM2WIA/?a=1988&bti=ODszNWYuMDE6&ch=0&cr=3&dr=0&lr=all&cd=0%7C0%7C0%7C&cv=1&br=2220&bt=1110&cs=0&ds=3&ft=4fUEKMUm8Zmo0~fv5I4jVM7hxpWrKsd.&mime_type=video_mp4&qs=0&rc=ODs2OjlkaGk5ZGhnZWZpN0BpajpoNWw5cjU5NDMzbzczNUA2YV9eNjRiXzQxYzMxLmAuYSNlbWxsMmQ0Ym9hLS1kMTFzcw%3D%3D&btag=e00090000&expire=1752943136&l=20250718003724F28A5A6A22800E1E062B&ply_type=2&policy=2&signature=34bd10bef279c171d25c08ad5667abb3&tk=tt_chain_token,https://www.tiktok.com/abc.es/video/7527317245660253462,"",956,402,72,49300,"Belearra‚IoneBelarra‚Podemos‚TorrePacheco‚Murcia‚Marlaska‚Gobierno‚Abascal‚Vox‚noticias‚news","belearra‚ionebelarra‚podemos‚torrepacheco‚murcia‚marlaska‚gobierno‚abascal‚vox‚noticias‚news","",,"Belarra aparece en Torre Pacheco para cargar contra la «inacción» del Gobierno: «la actuación policial roza la negligencia»‚Belarra aparece en Torre Pacheco para cargar contra la «inacción» del Gobierno","",""
7526347070500818198,7526347070500818198,"pacofosz","pacofosz",17800,3,51,https://p16-sign-va.tiktokcdn.com/tos-maliva-avt-0068/7ff88e77506f92e20a015c08c3628a42~tplv-tiktokx-cropcenter:100:100.jpeg?dr=14579&refresh_token=e3762f83&x-expires=1752940800&x-signature=VRxO%2BLOQQpSQ9rRE9NlysuroQJI%3D&t=4d5b0474&ps=13740610&shp=a5d48078&shcp=81f88b70&idc=maliva,"Última hora TORRE PACHECO DETECTIVE LEON #torrepacheco #ultimahoratorrepacheco #amadorrivas ",Sun Jul 13 2025,1752364240,no,no,"sonido original",7526347052479187734,https://v77.tiktokcdn.com/70765523d02293134ad8a5d9eb4002ba/687a7859/video/tos/no1a/tos-no1a-v-2370-no/oQfoQHTEBCRuFJdxgIFhc9kDSfBCmNvEFUBJyM/?a=1233&bti=ODszNWYuMDE6&ch=0&cr=0&dr=0&er=0&lr=default&cd=0%7C0%7C0%7C0&br=250&bt=125&ft=.NpOcInz7ThQ1ywKXq8Zmo&mime_type=audio_mpeg&qs=6&rc=ZTk6aTRkaGU1aDxkPGhkPEBpajVsanE5cm5pNDMzbzU8NUBgMjBeYDZhX2AxL2AyNTBhYSNkYDVjMmRrNm1hLS1kMTFzcw%3D%3D&vvpl=1&l=20250718003724F28A5A6A22800E1E062B&btag=e000b8000&cc=13,https://p77-sign-va.tiktokcdn.com/tos-maliva-avt-0068/7ff88e77506f92e20a015c08c3628a42~tplv-tiktokx-cropcenter:1080:1080.jpeg?dr=14579&refresh_token=9b6dea69&x-expires=1752940800&x-signature=brbJQZ9QRd56u8yjfmPwmAaeWHo%3D&t=4d5b0474&ps=13740610&shp=a5d48078&shcp=81f88b70&idc=maliva,"pacofosz",https://v16-webapp-prime.tiktok.com/video/tos/no1a/tos-no1a-ve-0068c001-no/ogEp2QyB0AJ3RLqiiDWXyAIBCCVzfOOwaIEWRN/?a=1988&bti=ODszNWYuMDE6&ch=0&cr=3&dr=0&lr=all&cd=0%7C0%7C0%7C&cv=1&br=2670&bt=1335&cs=0&ds=3&ft=4fUEKMUm8Zmo0~fv5I4jVM7hxpWrKsd.&mime_type=video_mp4&qs=0&rc=NmY2NDxnZTZmNWhoaTk7OUBpM2twcHE5cjlpNDMzbzczNUBiYC4wNDUuXi0xYi40XjRfYSMvaGYtMmRzNm1hLS1kMTFzcw%3D%3D&btag=e000b8000&expire=1752943065&l=20250718003724F28A5A6A22800E1E062B&ply_type=2&policy=2&signature=63de90b20da66a9182eb3a923ecad03d&tk=tt_chain_token,https://www.tiktok.com/pacofosz/video/7526347070500818198,"",42600,696,11000,1100000,"torrepacheco‚ultimahoratorrepacheco‚amadorrivas","torrepacheco‚ultimahoratorrepacheco‚amadorrivas","",,"","",""
7527385471060577558,7527385471060577558,"vitoquiles10","Vito Quiles 🇪🇸",533100,3318,343,https://p16-sign-useast2a.tiktokcdn.com/tos-useast2a-avt-0068-euttp/4e29a3008ed8ed3c6e524fc67a6bbe63~tplv-tiktokx-cropcenter:100:100.jpeg?dr=14579&refresh_token=ef5279a2&x-expires=1752940800&x-signature=igHY5Bs31g56F60sqiJKEVOqV8w%3D&t=4d5b0474&ps=13740610&shp=a5d48078&shcp=81f88b70&idc=maliva,"#fyp #viral #parati #españa #politica #foryou #viralvideos ",Tue Jul 15 2025,1752606009,no,no,"sonido original",7527385474798439190,https://v77.tiktokcdn.com/029505d27871d0851ec32db2f3ded1d3/687a787a/video/tos/no1a/tos-no1a-v-2370-no/owBFUTDxFAV8dp25AJbfCBxUSmQEEkAfgoqT7E/?a=1233&bti=ODszNWYuMDE6&ch=0&cr=0&dr=0&er=0&lr=default&cd=0%7C0%7C0%7C0&br=250&bt=125&ds=5&ft=.NpOcInz7ThQ1ywKXq8Zmo&mime_type=audio_mpeg&qs=13&rc=amQ0bG05cmlkNDMzbzU8NUBpamQ0bG05cmlkNDMzbzU8NUBzZWExMmQ0Xm9hLS1kMTFzYSNzZWExMmQ0Xm9hLS1kMTFzcw%3D%3D&vvpl=1&l=20250718003724F28A5A6A22800E1E062B&btag=e00048000&cc=13,https://p16-sign-useast2a.tiktokcdn.com/tos-useast2a-avt-0068-euttp/4e29a3008ed8ed3c6e524fc67a6bbe63~tplv-tiktokx-cropcenter:1080:1080.jpeg?dr=14579&refresh_token=fb7a3ff7&x-expires=1752940800&x-signature=0WaFtYkj3qB1es%2F4NmVFenJfl5c%3D&t=4d5b0474&ps=13740610&shp=a5d48078&shcp=81f88b70&idc=maliva,"Vito Quiles 🇪🇸",https://v16-webapp-prime.tiktok.com/video/tos/no1a/tos-no1a-ve-0068-no/oQHIiZuliJoJaB2QYEAB9WajaBEPvYrQ0I8kH/?a=1988&bti=ODszNWYuMDE6&ch=0&cr=3&dr=0&lr=all&cd=0%7C0%7C0%7C&cv=1&br=2976&bt=1488&cs=0&ds=3&ft=4fUEKMUm8Zmo0~fv5I4jVM7hxpWrKsd.&mime_type=video_mp4&qs=0&rc=PGc5OjlkNDM8ZjtlOmk4OUBpamo1b3c5cm5kNDMzbzczNUAxNTI2NmJfXzAxX2FeMi4vYSNpM2UwMmRrNm9hLS1kMTFzcw%3D%3D&btag=e00088000&expire=1752943098&l=20250718003724F28A5A6A22800E1E062B&ply_type=2&policy=2&signature=df3ea77c8f11506d4c0a7d3cdfcaf3e6&tk=tt_chain_token,https://www.tiktok.com/vitoquiles10/video/7527385471060577558,"",85900,10300,4077,1300000,"fyp‚viral‚parati‚españa‚politica‚foryou‚viralvideos","fyp‚Viral‚parati‚españa‚politica‚foryou‚viralvideos","",,"El Gobierno me expulsa de Torre Pacheco‚ Murcia.","",""
7527965129548320022,7527965129548320022,"ane.lindane","Ane Lindane",2475,200,56,https://p77-sign-va.tiktokcdn.com/tos-maliva-avt-0068/fdefcd0b07db62b9b9b7286383f3c8b4~tplv-tiktokx-cropcenter:100:100.jpeg?dr=14579&refresh_token=090cec44&x-expires=1752940800&x-signature=y%2FxEc2eYyGM6VCfzzNftZ6UdBx4%3D&t=4d5b0474&ps=13740610&shp=a5d48078&shcp=81f88b70&idc=maliva,"no os quedéis callados ante el racismo #racismo #lucha #pogromo #torrepacheco ",Thu Jul 17 2025,1752740972,no,no,"sonido original",7527965122539637526,https://v77.tiktokcdn.com/0afa2e7018f9b488330a12b5d1e01830/687a78d6/video/tos/no1a/tos-no1a-v-2370-no/o0BDFD6YLofAmBR4EAAHEfswIteAQEE0yLXTAu/?a=1233&bti=ODszNWYuMDE6&ch=0&cr=0&dr=0&er=0&lr=default&cd=0%7C0%7C0%7C0&br=250&bt=125&ds=5&ft=.NpOcInz7ThQ1ywKXq8Zmo&mime_type=audio_mpeg&qs=13&rc=Mzk8Z3k5cnZlNDMzbzU8NUBpMzk8Z3k5cnZlNDMzbzU8NUBqYzRgMmQ0NXBhLS1kMTFzYSNqYzRgMmQ0NXBhLS1kMTFzcw%3D%3D&vvpl=1&l=20250718003724F28A5A6A22800E1E062B&btag=e00050000&cc=13,https://p77-sign-va.tiktokcdn.com/tos-maliva-avt-0068/fdefcd0b07db62b9b9b7286383f3c8b4~tplv-tiktokx-cropcenter:1080:1080.jpeg?dr=14579&refresh_token=dbbc9ff1&x-expires=1752940800&x-signature=Z7aJrD9W3o0kusst%2Bq7YFMAMDM8%3D&t=4d5b0474&ps=13740610&shp=a5d48078&shcp=81f88b70&idc=maliva,"Ane Lindane",https://v16-webapp-prime.tiktok.com/video/tos/no1a/tos-no1a-ve-0068c001-no/o8AzIiJPoHYxBtBByZ9a4JEQiduiJkMVaEiPI/?a=1988&bti=ODszNWYuMDE6&ch=0&cr=3&dr=0&lr=all&cd=0%7C0%7C0%7C&cv=1&br=2986&bt=1493&cs=0&ds=3&ft=4fUEKMUm8Zmo0~fv5I4jVM7hxpWrKsd.&mime_type=video_mp4&qs=0&rc=ZmlmOGVlZTk3OzM7PGU8ZkBpM285bG05cjdlNDMzbzczNUAzYDItY2EyXzIxNjEuY14uYSMzZGIxMmQ0MnBhLS1kMTFzcw%3D%3D&btag=e00090000&expire=1752943190&l=20250718003724F28A5A6A22800E1E062B&ply_type=2&policy=2&signature=d1d00fc1b7e2d8f3b4e010d4e753a7a3&tk=tt_chain_token,https://www.tiktok.com/ane.lindane/video/7527965129548320022,"",1944,257,96,20800,"racismo‚lucha‚pogromo‚torrepacheco","racismo‚lucha‚pogromo‚torrepacheco","",,"","",""
7527730044303592726,7527730044303592726,"infsemesp","Sálvame Marrakech 🇲🇦🥖🇫🇷",26500,12800,2653,https://p77-sign-va.tiktokcdn.com/tos-maliva-avt-0068/d13b61b73ce7790d3bf3363dd08bdee1~tplv-tiktokx-cropcenter:100:100.jpeg?dr=14579&refresh_token=7006d27c&x-expires=1752940800&x-signature=9WpJzX92YxUQd%2F53X4cGJyugpBM%3D&t=4d5b0474&ps=13740610&shp=a5d48078&shcp=81f88b70&idc=maliva,"La televisión española calentando el ambiente en #torrepacheco ",Wed Jul 16 2025,1752686235,no,no,"sonido original",7527730018869611266,https://v77.tiktokcdn.com/31fb68cd9f28e106bfbf188c21131bc6/687a785d/video/tos/no1a/tos-no1a-v-2370-no/oseAEFCFgEAgBJAgn1UdB6E9jv3dDfpBkpvo03/?a=1233&bti=ODszNWYuMDE6&ch=0&cr=0&dr=0&er=0&lr=default&cd=0%7C0%7C0%7C0&br=250&bt=125&ds=5&ft=.NpOcInz7ThQ1ywKXq8Zmo&mime_type=audio_mpeg&qs=13&rc=ajR0eGo5cjp3NDMzbzU8NUBpajR0eGo5cjp3NDMzbzU8NUBrLWc2MmRjcW9hLS1kMTFzYSNrLWc2MmRjcW9hLS1kMTFzcw%3D%3D&vvpl=1&l=20250718003724F28A5A6A22800E1E062B&btag=e00078000&cc=13,https://p77-sign-va.tiktokcdn.com/tos-maliva-avt-0068/d13b61b73ce7790d3bf3363dd08bdee1~tplv-tiktokx-cropcenter:1080:1080.jpeg?dr=14579&refresh_token=cbd64d05&x-expires=1752940800&x-signature=aJ0EyoC4mJFOuthN3zLVgnrBdKY%3D&t=4d5b0474&ps=13740610&shp=a5d48078&shcp=81f88b70&idc=maliva,"Sálvame Marrakech 🇲🇦🥖🇫🇷",https://v16-webapp-prime.tiktok.com/video/tos/no1a/tos-no1a-ve-0068c001-no/oUxIEJufEFAiKdQgERkDkJ0H933B60o3NFtfBu/?a=1988&bti=ODszNWYuMDE6&ch=0&cr=3&dr=0&lr=all&cd=0%7C0%7C0%7C&cv=1&br=786&bt=393&cs=0&ds=3&ft=4fUEKMUm8Zmo0~fv5I4jVM7hxpWrKsd.&mime_type=video_mp4&qs=0&rc=OGhlaWQ8aWQ1PDZnNDRpZUBpanU7b3Q5cjV3NDMzbzczNUAtXzYxMi8tNmExYmI0YzEuYSNzNGs1MmRjcW9hLS1kMTFzcw%3D%3D&btag=e000b8000&expire=1752943069&l=20250718003724F28A5A6A22800E1E062B&ply_type=2&policy=2&signature=9932f60d6b4e757de95e06cb3e014690&tk=tt_chain_token,https://www.tiktok.com/infsemesp/video/7527730044303592726,"",104,12,4,8836,"torrepacheco","torrepacheco","",,"TVE 1 ‚ultradedecha","",""
7527646525036465430,7527646525036465430,"a3noticias","Antena 3 Noticias",1400000,44,6350,https://p77-sign-va.tiktokcdn.com/tos-maliva-avt-0068/39c6936c7d9dbe9625706de91e9b801b~tplv-tiktokx-cropcenter:100:100.jpeg?dr=14579&refresh_token=a5898bfd&x-expires=1752940800&x-signature=%2Bc8XCFOS1yAFTTkOlwR5YRtmoNY%3D&t=4d5b0474&ps=13740610&shp=a5d48078&shcp=81f88b70&idc=maliva,"🚨 Se mantiene el amplio dispositivo de seguridad en #TorrePacheco con más de 140 agentes desplegados y algunos controles en los accesos al municipio 📅 Hoy se cumple una semana de la agresión a Domingo que inició esta oleada de odio y altercados  🔴 La #últimahora con Joaquín Hernández para antena3noticias.com #Antena3Noticias #Noticias #News #NoticiasTikTok  ",Wed Jul 16 2025,1752666790,no,no,"sonido original",7527646519497165590,https://v77.tiktokcdn.com/061430382f052bd2e872d8fced06f6a9/687a785d/video/tos/no1a/tos-no1a-v-2370-no/oA5JDEgAQhoMGwUqYB3eukFFUd0LkFf5yyCrKo/?a=1233&bti=ODszNWYuMDE6&ch=0&cr=0&dr=0&er=0&lr=default&cd=0%7C0%7C0%7C0&br=250&bt=125&ft=.NpOcInz7ThQ1ywKXq8Zmo&mime_type=audio_mpeg&qs=6&rc=aDU2aGRkMzZnaWU2Mzw4N0BpM3EzZHM5cmRzNDMzbzU8NUAvLTIyYS42XzUxL2I1NF42YSNhM2Q1MmQ0Mm9hLS1kMTFzcw%3D%3D&vvpl=1&l=20250718003724F28A5A6A22800E1E062B&btag=e000b8000&cc=13,https://p16-sign-va.tiktokcdn.com/tos-maliva-avt-0068/39c6936c7d9dbe9625706de91e9b801b~tplv-tiktokx-cropcenter:1080:1080.jpeg?dr=14579&refresh_token=9e39a817&x-expires=1752940800&x-signature=UFxfNZ0z0OFlkKV%2Byr82oWcPsv4%3D&t=4d5b0474&ps=13740610&shp=a5d48078&shcp=81f88b70&idc=maliva,"Antena 3 Noticias",https://v16-webapp-prime.tiktok.com/video/tos/no1a/tos-no1a-ve-0068c001-no/oIvFk8BFBEJvV39lA4iQyzIQ0Afx0GCIigwzCO/?a=1988&bti=ODszNWYuMDE6&ch=0&cr=3&dr=0&lr=all&cd=0%7C0%7C0%7C&cv=1&br=4466&bt=2233&cs=0&ds=3&ft=4fUEKMUm8Zmo0~fv5I4jVM7hxpWrKsd.&mime_type=video_mp4&qs=0&rc=Nmg6NDQ6Zjs3M2VmNDs3OkBpam5xdnc5cjtzNDMzbzczNUA0NjFgYV9jXzQxLi5gXmAtYSNeZWwvMmRjMm9hLS1kMTFzcw%3D%3D&btag=e000b8000&expire=1752943069&l=20250718003724F28A5A6A22800E1E062B&ply_type=2&policy=2&signature=23635c1b4b3eee115326e3e50961b48c&tk=tt_chain_token,https://www.tiktok.com/a3noticias/video/7527646525036465430,"",684,38,32,33200,"torrepacheco‚últimahora‚antena3noticias‚noticias‚news‚noticiastiktok","torrepacheco‚últimahora‚antena3noticias‚noticias‚news‚noticiastiktok","",,"","",""
7527655086940507414,7527655086940507414,"europapress","Europa Press",756800,119,6290,https://p77-sign-sg-lite.tiktokcdn.com/tos-alisg-avt-0068/a53aedda7911402072975f7fe6ab362e~tplv-tiktokx-cropcenter:100:100.jpeg?dr=14579&refresh_token=121ea22c&x-expires=1752940800&x-signature=XmyJcKGDavTolykmPi8s%2F8LRTkk%3D&t=4d5b0474&ps=13740610&shp=a5d48078&shcp=81f88b70&idc=maliva,"Vecinos de Torre Pacheco han afirmado que "vienen de fuera y empiezan a meter miedo a la gente mayor"‚ mientras que migrantes han contestado que quieren "tranquilidad"‚ afirmando que luchan "por este país" #torrepacheco #murcia #migrantes #migracion",Wed Jul 16 2025,1752668783,no,no,"original sound - Europa Press",7527655077337860886,https://v77.tiktokcdn.com/96d04e604cfc1bdf3e2f02f08358b40c/687a785a/video/tos/no1a/tos-no1a-v-2370-no/okZ0IyiBn7fCa8PFm083K74MnIiWwEBOG4AdPw/?a=1233&bti=ODszNWYuMDE6&ch=0&cr=0&dr=0&er=0&lr=default&cd=0%7C0%7C0%7C0&br=250&bt=125&ft=.NpOcInz7ThQ1ywKXq8Zmo&mime_type=audio_mpeg&qs=6&rc=ODdlOmVnNmZmZTszOTtkO0BpM3VzdnY5cnZzNDMzbzU8NUBiNGExMV80NTExYWIvYy1eYSNwaS1xMmRjaG9hLS1kMTFzcw%3D%3D&vvpl=1&l=20250718003724F28A5A6A22800E1E062B&btag=e000b8000&cc=13,https://p77-sign-sg.tiktokcdn.com/tos-alisg-avt-0068/a53aedda7911402072975f7fe6ab362e~tplv-tiktokx-cropcenter:1080:1080.jpeg?dr=14579&refresh_token=1eb6b329&x-expires=1752940800&x-signature=gQftTBISmZx2XG4qpnjcHEyTtAU%3D&t=4d5b0474&ps=13740610&shp=a5d48078&shcp=81f88b70&idc=maliva,"Europa Press",https://v16-webapp-prime.tiktok.com/video/tos/no1a/tos-no1a-ve-0068c001-no/osI3EQCZKmnOA8B0IipVv6oZSZ3B6iCwyheqAK/?a=1988&bti=ODszNWYuMDE6&ch=0&cr=3&dr=0&lr=all&cd=0%7C0%7C0%7C&cv=1&br=1874&bt=937&cs=0&ds=3&ft=4fUEKMUm8Zmo0~fv5I4jVM7hxpWrKsd.&mime_type=video_mp4&qs=0&rc=aGdoO2U3ZmlkZDgzZDxmN0BpM3R4OXE5cnRzNDMzbzgzNUA2MV5iYmBjNTQxYzA2NTA2YSM2MGAxMmRrZ29hLS1kLzFzcw%3D%3D&btag=e000b8000&expire=1752943065&l=20250718003724F28A5A6A22800E1E062B&ply_type=2&policy=2&signature=d51670b25120ee60a712b0f6b7fb9560&tk=tt_chain_token,https://www.tiktok.com/europapress/video/7527655086940507414,"",1232,75,13,39000,"torrepacheco‚murcia‚migrantes‚migracion","torrepacheco‚murcia‚migrantes‚migracion","",,"","",""
7526429521185131798,7526429521185131798,"1cuzfe1","cuzfe",5443,9104,1186,https://p77-sign-va.tiktokcdn.com/tos-maliva-avt-0068/55d3fcbdaec44b332e07247023583268~tplv-tiktokx-cropcenter:100:100.jpeg?dr=14579&refresh_token=2cec3bc2&x-expires=1752940800&x-signature=cc8qo5fCd1q6nr%2BBT%2B8dI5waiEY%3D&t=4d5b0474&ps=13740610&shp=a5d48078&shcp=81f88b70&idc=maliva,"",Sun Jul 13 2025,1752383450,no,no,"оригинальный звук",7526429565385001750,https://v77.tiktokcdn.com/b36f6edae58af57d0d92df6fd6546064/687a7853/video/tos/no1a/tos-no1a-v-2370-no/oIAfAeAbGWHhLAWQFMIfP2Q8zGQQE0vAPVm1fJ/?a=1233&bti=ODszNWYuMDE6&ch=0&cr=0&dr=0&er=0&lr=default&cd=0%7C0%7C0%7C0&br=250&bt=125&ds=5&ft=.NpOcInz7ThQ1ywKXq8Zmo&mime_type=audio_mpeg&qs=13&rc=ampwa205cnJtNDMzbzU8NUBpampwa205cnJtNDMzbzU8NUAza2psMmRrc21hLS1kMTFzYSMza2psMmRrc21hLS1kMTFzcw%3D%3D&vvpl=1&l=20250718003724F28A5A6A22800E1E062B&btag=e00078000&cc=13,https://p16-sign-va.tiktokcdn.com/tos-maliva-avt-0068/55d3fcbdaec44b332e07247023583268~tplv-tiktokx-cropcenter:1080:1080.jpeg?dr=14579&refresh_token=e9c72fae&x-expires=1752940800&x-signature=rxe3a1vyn2AmBE02iQAlfnJQI3Y%3D&t=4d5b0474&ps=13740610&shp=a5d48078&shcp=81f88b70&idc=maliva,"cuzfe",https://v16-webapp-prime.tiktok.com/video/tos/no1a/tos-no1a-ve-0068-no/owYQAImvj9LgQAfeMAY5HneEZxRGIDL3I5ALsy/?a=1988&bti=ODszNWYuMDE6&ch=0&cr=3&dr=0&lr=all&cd=0%7C0%7C0%7C&cv=1&br=812&bt=406&cs=0&ds=3&ft=4fUEKMUm8Zmo0~fv5I4jVM7hxpWrKsd.&mime_type=video_mp4&qs=0&rc=NzY4NzdmaTg3Nzs2Njw1NkBpM2ZlOHM5cmhtNDMzbzczNUBeXmMwMWEuXzQxXjI1X18zYSNfbWZrMmRzc21hLS1kMTFzcw%3D%3D&btag=e000b8000&expire=1752943059&l=20250718003724F28A5A6A22800E1E062B&ply_type=2&policy=2&signature=a87d9737eabb881341b492bfeaeb9851&tk=tt_chain_token,https://www.tiktok.com/1cuzfe1/video/7526429521185131798,"",73,11,5,3732,"","","",,"Torre Pacheco ","",""
7526165653657537822,7526165653657537822,"lulyemy3","LuluNews",282,8019,159,https://p16-sign-va.tiktokcdn.com/tos-maliva-avt-0068/782b2837cb376b0d51df641b214a1ad7~tplv-tiktokx-cropcenter:100:100.jpeg?dr=14579&refresh_token=0d284051&x-expires=1752940800&x-signature=iopfPiUpNUjX3AriEnkQBnu1m04%3D&t=4d5b0474&ps=13740610&shp=a5d48078&shcp=81f88b70&idc=maliva,"",Sat Jul 12 2025,1752322049,no,no,"sonido original",7526165737908587295,https://v77.tiktokcdn.com/303fbf9408881b165760ca3bf3756e84/687a7850/video/tos/maliva/tos-maliva-v-27dcd7c799-us/o8eEAucEYAAUE9oVBFlDUMEAyDiAfOCMJABABV/?a=1233&bti=ODszNWYuMDE6&ch=0&cr=0&dr=0&er=0&lr=default&cd=0%7C0%7C0%7C0&br=250&bt=125&ds=5&ft=.NpOcInz7ThQ1ywKXq8Zmo&mime_type=audio_mpeg&qs=13&rc=amY0M2s5cjM4NDMzaTU8NEBpamY0M2s5cjM4NDMzaTU8NEBecDEzMmRzLW1hLS1kMTJzYSNecDEzMmRzLW1hLS1kMTJzcw%3D%3D&vvpl=1&l=20250718003724F28A5A6A22800E1E062B&btag=e00070000&cc=13,https://p16-sign-va.tiktokcdn.com/tos-maliva-avt-0068/782b2837cb376b0d51df641b214a1ad7~tplv-tiktokx-cropcenter:1080:1080.jpeg?dr=14579&refresh_token=bc361bae&x-expires=1752940800&x-signature=ChUhd2qhbp9AMpgSOEMPDhpfctA%3D&t=4d5b0474&ps=13740610&shp=a5d48078&shcp=81f88b70&idc=maliva,"LuluNews",https://v16-webapp-prime.tiktok.com/video/tos/maliva/tos-maliva-ve-0068c799-us/ocryvlAcfAIsNeNLQBRo7ABvUiEViEYHMkCEb7/?a=1988&bti=ODszNWYuMDE6&ch=0&cr=3&dr=0&lr=all&cd=0%7C0%7C0%7C&cv=1&br=3290&bt=1645&cs=0&ds=3&ft=4fUEKMUm8Zmo0~fv5I4jVM7hxpWrKsd.&mime_type=video_mp4&qs=0&rc=OWc0NThkNGg8N2YzZTxkN0BpajhmaHU5cnE3NDMzaTczNEAwLy1fMjYzXzUxM2IuYjNhYSNrY3EzMmRzcm1hLS1kMTJzcw%3D%3D&btag=e000b0000&expire=1752943056&l=20250718003724F28A5A6A22800E1E062B&ply_type=2&policy=2&signature=0d42365e93b5d9123b0d3f5ebfcf545a&tk=tt_chain_token,https://www.tiktok.com/lulyemy3/video/7526165653657537822,"",1202,104,47,110300,"","","",,"  🇪🇸 Los vecinos de Torre Pacheco expulsan a una señora al grito de: “¡Fuera Charo!”‚ tras defender a los agresores del anciano.","",""
7526307132275248406,7526307132275248406,"kadebouberediallo","Kadeboubere Diallo",1293,2733,100,https://p16-sign-useast2a.tiktokcdn.com/tos-useast2a-avt-0068-euttp/8a158299be0c9b82a291097a001af7d9~tplv-tiktokx-cropcenter:100:100.jpeg?dr=14579&refresh_token=ba8b13e4&x-expires=1752940800&x-signature=enV1xWv8NKJ2%2Bnz3t8ZiLEPu6sg%3D&t=4d5b0474&ps=13740610&shp=a5d48078&shcp=81f88b70&idc=maliva,"",Sat Jul 12 2025,1752354938,no,no,"Notícia Impactante",7383762131260688385,https://sf16-ies-music-va.tiktokcdn.com/obj/tos-useast2a-ve-2774/osovUFbKqrzn4OkTiMYQ41ZZBWIB4AJyniCAh,https://p16-amd-va.tiktokcdn.com/img/tos-useast2a-v-2774/o8DAUYBAEZnikkErEV4iWYAPABwAzohAKZ4jA~c5_720x720.jpeg,"Obscure Detail Terror",https://v16-webapp-prime.tiktok.com/video/tos/no1a/tos-no1a-ve-0068c001-no/oQAm3ZihDE9yqyneAfFQISjxyDfsQOLIEiAGI5/?a=1988&bti=ODszNWYuMDE6&ch=0&cr=3&dr=0&lr=all&cd=0%7C0%7C0%7C&cv=1&br=2892&bt=1446&cs=0&ds=3&ft=4fUEKMUm8Zmo0~fv5I4jVM7hxpWrKsd.&mime_type=video_mp4&qs=0&rc=M2g8ZjtmNzg3OGhmNDY2NUBpM2xnO205cmZmNDMzbzczNUA1XjU0MjZfNl4xNjNjYy4xYSNpc25sMmRjc21hLS1kMTFzcw%3D%3D&btag=e00090000&expire=1752943124&l=20250718003724F28A5A6A22800E1E062B&ply_type=2&policy=2&signature=b2490ed2ce930c50413f659e01ca6fbb&tk=tt_chain_token,https://www.tiktok.com/kadebouberediallo/video/7526307132275248406,"",529,69,16,37900,"","","",,"última hora   en torre Pacheco ","",""