File,id,thread_id,author,author_full,author_followers,author_likes,author_videos,author_avatar,body,timestamp,unix_timestamp,is_duet,is_ad,music_name,music_id,music_url,music_thumbnail,music_author,video_url,tiktok_url,thumbnail_url,likes,comments,shares,plays,hashtags,challenges,diversification_labels,location_created,stickers,effects,warning
zeeschuimer-export-tiktok.com-2025-07-18T17_45_41.302Z.csv,7348846645544570144,7348846645544570144,eldebate_com,El Debate,213600,47,3814,https://p77-sign-va.tiktokcdn.com/tos-maliva-avt-0068/0b444364fefd99742b08309243929901~tplv-tiktokx-cropcenter:100:100.jpeg?dr=14579&refresh_token=c5579e5a&x-expires=1752940800&x-signature=TWahL5F6AXfFy2MRcPdtSA0MoiM%3D&t=4d5b0474&ps=13740610&shp=a5d48078&shcp=81f88b70&idc=maliva,Los jóvenes de Jovenlandia‚ explicados por Vox #eldebate #noticiastiktok #jovenlandia #jovenlandeses #jovenes #vox ,Thu Mar 21 2024,1711036704,no,no,sonido original,7348846701635308321,https://v16m.tiktokcdn.com/47f52d1d4f8c29e016c515d02d0df8aa/687a77c5/video/tos/useast2a/tos-useast2a-v-2370-euttp/o4ykIeq7kDEksYAjAFFhGTLAHojgPELfIGfe4E/?a=1233&bti=ODszNWYuMDE6&ch=0&cr=0&dr=0&er=0&lr=default&cd=0%7C0%7C0%7C0&br=250&bt=125&ds=5&ft=.NpOcInz7ThX0ywKXq8Zmo&mime_type=audio_mpeg&qs=13&rc=ajpndWo5cjw4cTMzZjU8M0BpajpndWo5cjw4cTMzZjU8M0BuMC1yMmQ0ZnJgLS1kMWNzYSNuMC1yMmQ0ZnJgLS1kMWNzcw%3D%3D&vvpl=1&l=20250718003328E8252316C9C9A41BD13D&btag=e00050000&cc=3,https://p77-sign-va.tiktokcdn.com/tos-maliva-avt-0068/0b444364fefd99742b08309243929901~tplv-tiktokx-cropcenter:1080:1080.jpeg?dr=14579&refresh_token=cad9a0b4&x-expires=1752940800&x-signature=ac59S5niOPYCTw%2FBhIRLBGSXjwk%3D&t=4d5b0474&ps=13740610&shp=a5d48078&shcp=81f88b70&idc=maliva,El Debate,https://v16-webapp-prime.tiktok.com/video/tos/useast2a/tos-useast2a-ve-0068c001-euttp/oMKQQGfEggfULcDehEEjjxAlHzI5FfIpDpbFW8/?a=1988&bti=ODszNWYuMDE6&ch=0&cr=3&dr=0&lr=all&cd=0%7C0%7C0%7C&cv=1&br=1152&bt=576&cs=0&ds=3&ft=4fUEKMUm8Zmo04Uv5I4jVkQADpWrKsd.&mime_type=video_mp4&qs=0&rc=NjhnPGRmZzM0Ozo3OzU5aEBpamp5aG45cnE4cTMzZjczM0A2YWM2LjA0Xl8xMzNjNC4yYSMuL2NsMmQ0ZXJgLS1kMWNzcw%3D%3D&btag=e00090000&expire=1752942917&l=20250718003328E8252316C9C9A41BD13D&ply_type=2&policy=2&signature=b68abe1ca37b47d238279de8b63a0c2a&tk=tt_chain_token,https://www.tiktok.com/eldebate_com/video/7348846645544570144,,14700,510,825,541100,eldebate‚noticiastiktok‚jovenlandia‚jovenlandeses‚jovenes‚vox,eldebate‚noticiastiktok‚jovenlandia‚jovenlandeses‚jovenes‚vox,,,  📌🤯 ¿Quiénes son     los «jovenlandenses»?  ¿Qué es «Jovenlandia»? ‚👤 ¿Quiénes son los «jovenlandenses»?  ¿Y «Jovenlandia»?,"Green Screen Video,Green Screen,Natural POSH",
zeeschuimer-export-tiktok.com-2025-07-18T17_45_41.302Z.csv,7472906118755388694,7472906118755388694,sentidocomun73,SENTIDO COMÚN,33900,813,455,https://p16-common-sign-useastred.tiktokcdn-eu.com/tos-useast2a-avt-0068-euttp/56857035c2baeca96aa00955a3906531~tplv-tiktokx-cropcenter:100:100.jpeg?dr=14579&refresh_token=71bef6fa&x-expires=1752940800&x-signature=4RDRe6fYYRTI2UR5pyvr0pLHDn8%3D&t=4d5b0474&ps=13740610&shp=a5d48078&shcp=81f88b70&idc=maliva,Cuanto te quieren‚Pedro Sánchez. #inmigrantes #pedrosanchez #jovenlandeses #paratiiiiiiiiiiiiiiiiiiiiiiiiiiiiiii #foryour ,Wed Feb 19 2025,1739921553,no,no,sonido original,7472906122106653462,https://v77.tiktokcdn.com/2c37738eb9073e9cd51a9f6f0394382d/687a7785/video/tos/no1a/tos-no1a-v-2370-no/oUm4XAJZZCpRGYtWAll5iSCEAABiP7Y1HYBUE/?a=1233&bti=ODszNWYuMDE6&ch=0&cr=0&dr=0&er=0&lr=default&cd=0%7C0%7C0%7C0&br=250&bt=125&ds=5&ft=.NpOcInz7ThX0ywKXq8Zmo&mime_type=audio_mpeg&qs=13&rc=M3N0bnI5cjhreDMzbzU8NUBpM3N0bnI5cjhreDMzbzU8NUBgZ2BqMmQ0ZW5gLS1kMTFzYSNgZ2BqMmQ0ZW5gLS1kMTFzcw%3D%3D&vvpl=1&l=20250718003328E8252316C9C9A41BD13D&btag=e00048000&cc=13,https://p16-common-sign-useastred.tiktokcdn-eu.com/tos-useast2a-avt-0068-euttp/56857035c2baeca96aa00955a3906531~tplv-tiktokx-cropcenter:1080:1080.jpeg?dr=14579&refresh_token=f7efd7d2&x-expires=1752940800&x-signature=PLTzOeaOmMzcSn36KjtBPIkL6js%3D&t=4d5b0474&ps=13740610&shp=a5d48078&shcp=81f88b70&idc=maliva,SENTIDO COMÚN,https://v16-webapp-prime.tiktok.com/video/tos/no1a/tos-no1a-ve-0068-no/ok0FgdDnFEfdt1110Rh4AB5EI6tIEkQfgnR1NE/?a=1988&bti=ODszNWYuMDE6&ch=0&cr=3&dr=0&lr=all&cd=0%7C0%7C0%7C&cv=1&br=1642&bt=821&cs=0&ds=3&ft=4fUEKMUm8Zmo04Uv5I4jVkQADpWrKsd.&mime_type=video_mp4&qs=0&rc=Z2g3ZmVpaTppZTU3aGRmPEBpM3l1OXc5cjpreDMzbzczNUBhMjIxYl81NV4xNjZjXmAyYSNwbWovMmRjZG5gLS1kMTFzcw%3D%3D&btag=e00088000&expire=1752942853&l=20250718003328E8252316C9C9A41BD13D&ply_type=2&policy=2&signature=fe86bca687e84b475a451b7aa34055f9&tk=tt_chain_token,https://www.tiktok.com/sentidocomun73/video/7472906118755388694,,1994,118,999,99400,inmigrantes‚pedrosanchez‚jovenlandeses‚paratiiiiiiiiiiiiiiiiiiiiiiiiiiiiiii‚foryour,inmigrantes‚pedrosanchez‚jovenlandeses‚paratiiiiiiiiiiiiiiiiiiiiiiiiiiiiiii‚foryour,,,,"Green Screen Video,Green Screen,Natural POSH",
zeeschuimer-export-tiktok.com-2025-07-18T17_45_41.302Z.csv,7470874826060877078,7470874826060877078,divergentedigitaloficial,Divergente Digital,85100,797,1249,https://p16-sign-useast2a.tiktokcdn.com/tos-useast2a-avt-0068-euttp/6d2bf74c23199840bbb354dcad17db50~tplv-tiktokx-cropcenter:100:100.jpeg?dr=14579&refresh_token=d37dfb42&x-expires=1752940800&x-signature=LfyvKiA3thGOBSei1s%2Fgwen5ZCM%3D&t=4d5b0474&ps=13740610&shp=a5d48078&shcp=81f88b70&idc=maliva,🚨 JÓVENES PROTEGIDOS OKUPAN VIVIENDAS EN EL TOSCAL‚ SANTA CRUZ DE TENERIFE 🚨,Thu Feb 13 2025,1739448600,no,no,sonido original,7470874932523158294,https://v16m.tiktokcdn.com/53f548064187a9974bd8f663ad4f53ba/687a7818/video/tos/no1a/tos-no1a-v-2370-no/oMECJCY5B4AE2ATzFvyiiC31EAVfnAFtwwB4K3/?a=1233&bti=ODszNWYuMDE6&ch=0&cr=0&dr=0&er=0&lr=default&cd=0%7C0%7C0%7C0&br=250&bt=125&ds=5&ft=.NpOcInz7ThX0ywKXq8Zmo&mime_type=audio_mpeg&qs=13&rc=anA6b3I5cmZ4eDMzbzU8NUBpanA6b3I5cmZ4eDMzbzU8NUAvY2NvMmRjL2pgLS1kMTFzYSMvY2NvMmRjL2pgLS1kMTFzcw%3D%3D&vvpl=1&l=20250718003328E8252316C9C9A41BD13D&btag=e00058000&cc=3,https://p16-sign-useast2a.tiktokcdn.com/tos-useast2a-avt-0068-euttp/6d2bf74c23199840bbb354dcad17db50~tplv-tiktokx-cropcenter:1080:1080.jpeg?dr=14579&refresh_token=4371e593&x-expires=1752940800&x-signature=b0WOH5siCxKIrZn2Xq23T3FXO3E%3D&t=4d5b0474&ps=13740610&shp=a5d48078&shcp=81f88b70&idc=maliva,Divergente Digital,https://v16-webapp-prime.tiktok.com/video/tos/no1a/tos-no1a-ve-0068-no/oU1w4u8rBE6Vut19AQiQySInJAfszNCIiXwMC1/?a=1988&bti=ODszNWYuMDE6&ch=0&cr=3&dr=0&lr=all&cd=0%7C0%7C0%7C&cv=1&br=1186&bt=593&cs=0&ds=3&ft=4fUEKMUm8Zmo04Uv5I4jVkQADpWrKsd.&mime_type=video_mp4&qs=0&rc=OjhlZDxkZmU5OTRkZDU5aEBpMzw0bW85cm13eDMzbzczNUBgMmJhYmJjNi4xYjMuMWNfYSNrLTNpMmRzcWpgLS1kMTFzcw%3D%3D&btag=e00098000&expire=1752943000&l=20250718003328E8252316C9C9A41BD13D&ply_type=2&policy=2&signature=abc8fec473ef702ef6a697eb0f954e1c&tk=tt_chain_token,https://www.tiktok.com/divergentedigitaloficial/video/7470874826060877078,,1100,87,278,37000,,,,,JOVENLANDESES 🇲🇦   OKUPAN VIVIENDAS EN EL TOSCAL‚   SANTA CRUZ DE TENERIFE,"Green Screen Video,Green Screen,Natural POSH",
zeeschuimer-export-tiktok.com-2025-07-18T17_45_41.302Z.csv,7356367022701219104,7356367022701219104,exponiendo2030,🔥📗🚫 Exponiendo2030 🚫 📗🔥,121,610,16,https://p16-sign-useast2a.tiktokcdn.com/tos-useast2a-avt-0068-euttp/fb292ed744dbeb5cf013dea6c134bab7~tplv-tiktokx-cropcenter:100:100.jpeg?dr=14579&refresh_token=b4bc542b&x-expires=1752940800&x-signature=RdJe81AhuZxkVf5jlzg75e0NKLg%3D&t=4d5b0474&ps=13740610&shp=a5d48078&shcp=81f88b70&idc=maliva,Abascal explicando la situación actual #abascal #abascalpresidente #honor #joven #jovenes #sanchez #sanchezdimision #horror #mentira #engaño #agenda2030 #apagalatele #plankalergy #fuck #fy #fyp #fypシ #fypシ゚viral #fypage #fyppppppppppppppppppppppp #para #parati #paratii #paratiiiiiiiiiiiiiiiiiiiiiiiiiiiiiii ,Thu Apr 11 2024,1712787676,no,no,sonido original,7356367045418289953,https://v16m.tiktokcdn.com/c5b64063dace2c8650b3b8cb183ba11f/687a7783/video/tos/useast2a/tos-useast2a-v-2370-euttp/oAKNSuEon1Bigi4EA3E07CfJAhBwhAAEkANzkX/?a=1233&bti=ODszNWYuMDE6&ch=0&cr=0&dr=0&er=0&lr=default&cd=0%7C0%7C0%7C0&br=250&bt=125&ds=5&ft=.NpOcInz7ThX0ywKXq8Zmo&mime_type=audio_mpeg&qs=13&rc=M25wNXU5cnFrcjMzZjU8M0BpM25wNXU5cnFrcjMzZjU8M0BkNjZmMmRjLl9gLS1kMWNzYSNkNjZmMmRjLl9gLS1kMWNzcw%3D%3D&vvpl=1&l=20250718003328E8252316C9C9A41BD13D&btag=e00048000&cc=3,https://p16-sign-useast2a.tiktokcdn.com/tos-useast2a-avt-0068-euttp/fb292ed744dbeb5cf013dea6c134bab7~tplv-tiktokx-cropcenter:1080:1080.jpeg?dr=14579&refresh_token=d1f01f2f&x-expires=1752940800&x-signature=Zy9%2BTPwFUWE2%2Fh4nAPC4xrCz2hU%3D&t=4d5b0474&ps=13740610&shp=a5d48078&shcp=81f88b70&idc=maliva,🔥📗🚫 Exponiendo2030 🚫 📗🔥,https://v16-webapp-prime.tiktok.com/video/tos/useast2a/tos-useast2a-ve-0068-euttp/oUhlCCXiInEvbdk6EoQ4tEPCIASzC1BzifOhiA/?a=1988&bti=ODszNWYuMDE6&ch=0&cr=3&dr=0&lr=all&cd=0%7C0%7C0%7C&cv=1&br=866&bt=433&cs=0&ds=3&ft=4fUEKMUm8Zmo04Uv5I4jVkQADpWrKsd.&mime_type=video_mp4&qs=0&rc=OWU4PDs7ZGZpZztoNzQ5ZEBpMzg8NG85cnlqcjMzZjczM0AtYmBeNi5jXzExXjAwMWAxYSNxay02MmRrcV9gLS1kMWNzcw%3D%3D&btag=e00088000&expire=1752942851&l=20250718003328E8252316C9C9A41BD13D&ply_type=2&policy=2&signature=6388109ea9058842a47afb9bbfcc558c&tk=tt_chain_token,https://www.tiktok.com/exponiendo2030/video/7356367022701219104,,190,19,4,2556,abascal‚abascalpresidente‚honor‚joven‚jovenes‚sanchez‚sanchezdimision‚horror‚mentira‚engaño‚agenda2030‚apagalatele‚plankalergy‚fuck‚fy‚fyp‚fypシ‚fypシ゚viral‚fypage‚fyppppppppppppppppppppppp‚para‚parati‚paratii‚paratiiiiiiiiiiiiiiiiiiiiiiiiiiiiiii,abascal‚abascalpresidente‚honor‚joven‚jovenes‚sanchez‚sanchezdimision‚horror‚mentira‚engaño‚agenda2030‚apagalatele‚plankalergy‚fuck‚fy‚fyp‚fypシ‚fypシ゚viral‚fypage‚fyppppppppppppppppppppppp‚para‚parati‚paratii‚paratiiiiiiiiiiiiiiiiiiiiiiiiiiiiiii,,,Abascal exponiendo a los   jovenlandeses‚Honor 👏👏👏,"Green Screen Video,Green Screen,Natural POSH",
zeeschuimer-export-tiktok.com-2025-07-18T17_45_41.302Z.csv,7414948960470617376,7414948960470617376,spainmemories,Españita,1103,13400,58,https://p16-sign-useast2a.tiktokcdn.com/tos-useast2a-avt-0068-euttp/debd5b2a98386751243eca5cbd8c4631~tplv-tiktokx-cropcenter:100:100.jpeg?dr=14579&refresh_token=683286d1&x-expires=1752940800&x-signature=LNzSyAHqyH%2BZQqxoIB73d57rCHY%3D&t=4d5b0474&ps=13740610&shp=a5d48078&shcp=81f88b70&idc=maliva,Jovenladés al darse cuenta que dan ayudas en el Sol #ayudas #españa #psoe #jovenlandes ,Sun Sep 15 2024,1726427342,no,no,sonido original,7414948965633887008,https://v16m.tiktokcdn.com/bc616a3043b90c0e6e368a321fc60d3a/687a7761/video/tos/useast2a/tos-useast2a-v-2370-euttp/o8NnJmAW5D9EUMytDCEAh6DfQeAQMFEDABPBHz/?a=1233&bti=ODszNWYuMDE6&ch=0&cr=0&dr=0&er=0&lr=default&cd=0%7C0%7C0%7C0&br=250&bt=125&ds=5&ft=.NpOcInz7ThX0ywKXq8Zmo&mime_type=audio_mpeg&qs=13&rc=ajRycXc5cm5tdTMzZjU8M0BpajRycXc5cm5tdTMzZjU8M0AwMGsyMmQ0LmdgLS1kMWNzYSMwMGsyMmQ0LmdgLS1kMWNzcw%3D%3D&vvpl=1&l=20250718003328E8252316C9C9A41BD13D&btag=e00070000&cc=3,https://p16-sign-useast2a.tiktokcdn.com/tos-useast2a-avt-0068-euttp/debd5b2a98386751243eca5cbd8c4631~tplv-tiktokx-cropcenter:1080:1080.jpeg?dr=14579&refresh_token=d14e2f97&x-expires=1752940800&x-signature=Z%2F8jagOPjnI1RlM8VGMJIqV3DYE%3D&t=4d5b0474&ps=13740610&shp=a5d48078&shcp=81f88b70&idc=maliva,Españita,https://webapp-i18n.tiktok.com/9a84e781951b95fedc2ca2901af43c0d/687bc8e1/kmoat/mps/logo/v2/r/p/v0f044gc0000crjivafog65q9soccl3g/3a28cbfac74d42a2b2c6da3951fd1178/1b7b02d18bac3c68eefdc912a2ee27cb/mp4/main.mp4?a=1988&bti=ODszNWYuMDE6&ch=0&cr=3&dr=0&lr=all&cd=0%7C0%7C0%7C&cv=1&br=0&bt=0&cs=0&ds=3&eid=1286&ft=4YBg3MUm8Zmo04Uv5I4jVkQADpWrKsd.&mime_type=video_mp4&qs=0&rc=cnF8b2hsc2d3SkBwaHIxaDFybndmOzRnNDxkOTU1NWc6ZGU7ZEBpam9mdnQ5cmRsdTMzZjczM0BjRl5Nc3FePmJKYSNvYF90aHFmOiM0LmMyMGFgX14xMWBjYC8wYSMwYGw2MmRjc2dgLS1kMWNzcw%3D%3D&btag=e000b0000&definition=720p&du=8&item_id=7414948960470617376&l=20250718003328E8252316C9C9A41BD13D&logo_type=tiktok_m&ply_type=2&policy=eyJ2bSI6MiwiY2siOiJ0dF9jaGFpbl90b2tlbiJ9&user_text=spainmemories,https://www.tiktok.com/spainmemories/video/7414948960470617376,,763,13,111,8088,ayudas‚españa‚psoe‚jovenlandes,ayudas‚españa‚psoe‚jovenlandes,,,Jovenlandeses cuando se enteran  de que dan ayudas en el Sol,"Natural POSH,Green Screen Video,Green Screen",
zeeschuimer-export-tiktok.com-2025-07-18T17_45_41.302Z.csv,7424039861541162273,7424039861541162273,larevuelta_tve,La Revuelta,1600000,38,1392,https://p16-sign-useast2a.tiktokcdn.com/tos-useast2a-avt-0068-euttp/87d56f4a2383b200fd9e4e20968fe2fb~tplv-tiktokx-cropcenter:100:100.jpeg?dr=14579&refresh_token=9523b1b4&x-expires=1752940800&x-signature=017vp3c7WqDv7eBiCwZ%2FNyp3I8w%3D&t=4d5b0474&ps=13740610&shp=a5d48078&shcp=81f88b70&idc=maliva,Por fin se habla en televisión de Jovenlandia y no solo en comentarios de Twitter e Instagram.  #LaRevuelta #DavidBroncano #yunezchaib #racismo #jovenlandia #quever #teleentiktok ,Thu Oct 10 2024,1728543986,no,no,sonido original,7424040069461297953,https://v16m.tiktokcdn.com/29d9c6555cd397e38a998542f4daca2e/687a77ee/video/tos/useast2a/tos-useast2a-v-2370-euttp/oQ3JPFD4JUDCSYjWwOEQc0BCfgjQSgEFBnfWs4/?a=1233&bti=ODszNWYuMDE6&ch=0&cr=0&dr=0&er=0&lr=default&cd=0%7C0%7C0%7C0&br=250&bt=125&ft=.NpOcInz7ThX0ywKXq8Zmo&mime_type=audio_mpeg&qs=6&rc=OGk5Z2doMzo5OTxnPDllOEBpanBlZWo5cjhxdjMzZjU8M0BhLjNiLTE1NmIxMWFfYGExYSMyMGQvMmRrbjBgLS1kMWNzcw%3D%3D&vvpl=1&l=20250718003328E8252316C9C9A41BD13D&btag=e00090000&cc=3,https://p16-sign-useast2a.tiktokcdn.com/tos-useast2a-avt-0068-euttp/87d56f4a2383b200fd9e4e20968fe2fb~tplv-tiktokx-cropcenter:1080:1080.jpeg?dr=14579&refresh_token=066ce6aa&x-expires=1752940800&x-signature=Z%2FF1rbNN1fTQEOORPZLUqLcn3ok%3D&t=4d5b0474&ps=13740610&shp=a5d48078&shcp=81f88b70&idc=maliva,La Revuelta,https://v16-webapp-prime.tiktok.com/video/tos/useast2a/tos-useast2a-ve-0068-euttp/ooIA5ihrQsqfJzghLzuVAXnyZlICESWFB76zio/?a=1988&bti=ODszNWYuMDE6&ch=0&cr=3&dr=0&lr=all&cd=0%7C0%7C0%7C&cv=1&br=1982&bt=991&cs=0&ds=3&ft=4fUEKMUm8Zmo04Uv5I4jVkQADpWrKsd.&mime_type=video_mp4&qs=0&rc=NGk2NTc2MzY4Omc3aWZmaEBpam1vdW05cm9xdjMzZjczM0AvLTRgYDJhNS4xLjA1YTUwYSNfYS1kMmRjbTBgLS1kMWNzcw%3D%3D&btag=e00090000&expire=1752942958&l=20250718003328E8252316C9C9A41BD13D&ply_type=2&policy=2&signature=913c12c2239ad08e9864ee669a8bde39&tk=tt_chain_token,https://www.tiktok.com/larevuelta_tve/video/7424039861541162273,,60100,1407,5671,636800,larevuelta‚davidbroncano‚yunezchaib‚racismo‚jovenlandia‚quever‚teleentiktok,larevuelta‚davidbroncano‚yunezchaib‚racismo‚jovenlandia‚quever‚teleentiktok,,,EL PAÍS DE   JOVENLANDIA,"Green Screen Video,Green Screen,Natural POSH",
zeeschuimer-export-tiktok.com-2025-07-18T17_45_41.302Z.csv,7518029089240911126,7518029089240911126,jovenlandeses.new,Jovenlandeses News,576,12000,859,https://p16-sign-useast2a.tiktokcdn.com/tos-useast2a-avt-0068-euttp/532f35c9f4f4c58af9d175ac1f6798e4~tplv-tiktokx-cropcenter:100:100.jpeg?dr=14579&refresh_token=21015f38&x-expires=1752940800&x-signature=n7dX%2BeXnYDtxcWPtBaBvfgG%2Bs5k%3D&t=4d5b0474&ps=13740610&shp=a5d48078&shcp=81f88b70&idc=maliva,,Fri Jun 20 2025,1750427558,no,no,sonido original,7518029075831753495,https://v77.tiktokcdn.com/7e67bf473e82650875928f79abae3f6e/687a776b/video/tos/no1a/tos-no1a-v-2370-no/owQqCnDzIAswDR6oIoAqFLE0ATF1EIf3eA7DeE/?a=1233&bti=ODszNWYuMDE6&ch=0&cr=0&dr=0&er=0&lr=default&cd=0%7C0%7C0%7C0&br=250&bt=125&ds=5&ft=.NpOcInz7ThX0ywKXq8Zmo&mime_type=audio_mpeg&qs=13&rc=MzRwcG05cmRwNDMzbzU8NUBpMzRwcG05cmRwNDMzbzU8NUBwZXNyMmQ0Y15hLS1kMTFzYSNwZXNyMmQ0Y15hLS1kMTFzcw%3D%3D&vvpl=1&l=20250718003328E8252316C9C9A41BD13D&btag=e00078000&cc=13,https://p16-sign-useast2a.tiktokcdn.com/tos-useast2a-avt-0068-euttp/532f35c9f4f4c58af9d175ac1f6798e4~tplv-tiktokx-cropcenter:1080:1080.jpeg?dr=14579&refresh_token=6b7eb6ea&x-expires=1752940800&x-signature=7zlgbKOVO6CxZfg6no2Gg%2BZEjZY%3D&t=4d5b0474&ps=13740610&shp=a5d48078&shcp=81f88b70&idc=maliva,Jovenlandeses News,https://v16-webapp-prime.tiktok.com/video/tos/no1a/tos-no1a-ve-0068c001-no/oElBVEP9QnZ5cEYFnAIuiVFR8K68ao2ZBBN5i/?a=1988&bti=ODszNWYuMDE6&ch=0&cr=3&dr=0&lr=all&cd=0%7C0%7C0%7C&cv=1&br=608&bt=304&cs=0&ds=3&ft=4fUEKMUm8Zmo04Uv5I4jVkQADpWrKsd.&mime_type=video_mp4&qs=0&rc=OjxlaGc6NDY7ZTU4ZGU8ZkBpanZraXM5cjtwNDMzbzczNUA0YDY2MTRfNjUxYjFgYGIyYSMvL2NyMmQ0Y15hLS1kMTFzcw%3D%3D&btag=e000b8000&expire=1752942827&l=20250718003328E8252316C9C9A41BD13D&ply_type=2&policy=2&signature=c2b6cdec732c0ec11d4aa7af5e6fd6d9&tk=tt_chain_token,https://www.tiktok.com/jovenlandeses.new/video/7518029089240911126,,88,6,6,881,,,,,,"Green Screen Video,Green Screen,Natural POSH",
zeeschuimer-export-tiktok.com-2025-07-18T17_45_41.302Z.csv,7487531998089710870,7487531998089710870,jovenlandeses.new,Jovenlandeses News,576,12000,859,https://p16-sign-useast2a.tiktokcdn.com/tos-useast2a-avt-0068-euttp/532f35c9f4f4c58af9d175ac1f6798e4~tplv-tiktokx-cropcenter:100:100.jpeg?dr=14579&refresh_token=21015f38&x-expires=1752940800&x-signature=n7dX%2BeXnYDtxcWPtBaBvfgG%2Bs5k%3D&t=4d5b0474&ps=13740610&shp=a5d48078&shcp=81f88b70&idc=maliva,,Sun Mar 30 2025,1743326900,no,no,sonido original,7487532000421612310,https://v77.tiktokcdn.com/aadf7cfb011a3a269a6cd961a4b8351f/687a776b/video/tos/no1a/tos-no1a-v-2370-no/o8AApYiEECwztPevwDiypJDprrO5UKBnBAkEAx/?a=1233&bti=ODszNWYuMDE6&ch=0&cr=0&dr=0&er=0&lr=default&cd=0%7C0%7C0%7C0&br=250&bt=125&ds=5&ft=.NpOcInz7ThX0ywKXq8Zmo&mime_type=audio_mpeg&qs=13&rc=ajw5dms5cmdqeTMzbzU8NUBpajw5dms5cmdqeTMzbzU8NUBpZzRnMmRrcWhgLS1kMTFzYSNpZzRnMmRrcWhgLS1kMTFzcw%3D%3D&vvpl=1&l=20250718003328E8252316C9C9A41BD13D&btag=e00078000&cc=13,https://p16-sign-useast2a.tiktokcdn.com/tos-useast2a-avt-0068-euttp/532f35c9f4f4c58af9d175ac1f6798e4~tplv-tiktokx-cropcenter:1080:1080.jpeg?dr=14579&refresh_token=6b7eb6ea&x-expires=1752940800&x-signature=7zlgbKOVO6CxZfg6no2Gg%2BZEjZY%3D&t=4d5b0474&ps=13740610&shp=a5d48078&shcp=81f88b70&idc=maliva,Jovenlandeses News,https://webapp-i18n.tiktok.com/36e251a710668a788b4e25ee2c4671fd/687bc8eb/kmoat/mps/logo/v2/r/p/v24044gl0000cvkgtcfog65i0oj5pnb0/4d0eb455e3f44f47b84fe071d2d5e83e/fbc123ce626e1004de5ce76c9298308c/mp4/main.mp4?a=1988&bti=ODszNWYuMDE6&ch=0&cr=3&dr=0&lr=all&cd=0%7C0%7C0%7C&cv=1&br=0&bt=0&cs=0&ds=3&eid=1286&ft=4YBg3MUm8Zmo04Uv5I4jVkQADpWrKsd.&mime_type=video_mp4&qs=0&rc=cnF8b2hsc2d3SkBwaHIxaDFybndmaDs4NTQzaTs6aTc2ODdoZ0BpM3E4cmw5cmZqeTMzbzczNUBjRl5Nc3FePmJKYSNvYF90aHFmOiMwYmFhNGIxXzExY2IyXy0xYSNfbWctMmRjcWhgLS1kMTFzcw%3D%3D&btag=e000b8000&definition=720p&du=18&item_id=7487531998089710870&l=20250718003328E8252316C9C9A41BD13D&logo_type=tiktok_m&ply_type=2&policy=eyJ2bSI6MiwiY2siOiJ0dF9jaGFpbl90b2tlbiJ9&user_text=jovenlandeses.new,https://www.tiktok.com/jovenlandeses.new/video/7487531998089710870,,56,12,2,601,,,,,,"Green Screen Video,Green Screen,Natural POSH",
zeeschuimer-export-tiktok.com-2025-07-18T17_45_41.302Z.csv,7384827619230911776,7384827619230911776,alejandroplazabellido,Alejandro Plaza Bellido,2775,208,450,https://p16-sign-useast2a.tiktokcdn.com/tos-useast2a-avt-0068-euttp/49dc5c40e70fd7e412eea9b17f1922d2~tplv-tiktokx-cropcenter:100:100.jpeg?dr=14579&refresh_token=3d001445&x-expires=1752940800&x-signature=NQT1QV8ItNTdZt1jm45ZKkRhthE%3D&t=4d5b0474&ps=13740610&shp=a5d48078&shcp=81f88b70&idc=maliva,"Short: 3 ""jovenlandeses"" asesinan a un alicantino a plena luz del día y la TV lo blanquea #Violencia #Justicia #Alicante #Seguridad #inseguridad  #Crimen #sociedad  #noticias  #inmigracion #inmigracionilegal  #realidad",Wed Jun 26 2024,1719417600,no,no,sonido original - Alejandro Plaza Bellido,7384827968318638881,https://v16m.tiktokcdn.com/e238e2637933587087e24ac4a22aff11/687a7794/video/tos/useast2a/tos-useast2a-v-2370-euttp/ocAAFIAV4bZJAAoWfbQyEWeQmNeMEAv8fI8DtU/?a=1233&bti=ODszNWYuMDE6&ch=0&cr=0&dr=0&er=0&lr=default&cd=0%7C0%7C0%7C0&br=250&bt=125&ds=5&ft=.NpOcInz7ThX0ywKXq8Zmo&mime_type=audio_mpeg&qs=13&rc=M2R5PG05cnQ1czMzZjU8M0BpM2R5PG05cnQ1czMzZjU8M0AtYXNgMmRrb3JgLS1kMWNzYSMtYXNgMmRrb3JgLS1kMWNzcw%3D%3D&vvpl=1&l=20250718003328E8252316C9C9A41BD13D&btag=e00048000&cc=3,https://p16-sign-useast2a.tiktokcdn.com/tos-useast2a-avt-0068-euttp/49dc5c40e70fd7e412eea9b17f1922d2~tplv-tiktokx-cropcenter:1080:1080.jpeg?dr=14579&refresh_token=6e337c27&x-expires=1752940800&x-signature=8ghDVMuRE0aas6PD0eij68yG7OY%3D&t=4d5b0474&ps=13740610&shp=a5d48078&shcp=81f88b70&idc=maliva,Alejandro Plaza Bellido,https://v16-webapp-prime.tiktok.com/video/tos/useast2a/tos-useast2a-ve-0068c001-euttp/o47fuFEreDMEfkEwOgFSAiuyIfTsttGEbgEbCQ/?a=1988&bti=ODszNWYuMDE6&ch=0&cr=3&dr=0&lr=all&cd=0%7C0%7C0%7C&cv=1&br=1408&bt=704&cs=0&ds=3&ft=4fUEKMUm8Zmo04Uv5I4jVkQADpWrKsd.&mime_type=video_mp4&qs=0&rc=ZWg8ZjpkNWQ7Njo6OTZkNEBpajw8ZHE5cmU1czMzZjgzM0AzMl5gY18zXzExM2IxXi40YSNzZl5fMmQ0bHJgLS1kL2Nzcw%3D%3D&btag=e00088000&expire=1752942868&l=20250718003328E8252316C9C9A41BD13D&ply_type=2&policy=2&signature=5c25e7b5645d4d7b067df6812c911346&tk=tt_chain_token,https://www.tiktok.com/alejandroplazabellido/video/7384827619230911776,,294,32,14,10200,violencia‚justicia‚alicante‚seguridad‚inseguridad‚crimen‚sociedad‚noticias‚inmigracionilegal‚realidad,violencia‚justicia‚alicante‚seguridad‚inseguridad‚crimen‚sociedad‚noticias‚inmigracionilegal‚realidad,,,,"Green Screen Video,Green Screen,Natural POSH",
zeeschuimer-export-tiktok.com-2025-07-18T17_45_41.302Z.csv,7516590022154308886,7516590022154308886,sinmiedo2030_,2030sinmiedo,2413,8415,4,https://p77-sign-va.tiktokcdn.com/tos-maliva-avt-0068/5863646c749e6f27801a449e38c0c4a0~tplv-tiktokx-cropcenter:100:100.jpeg?dr=14579&refresh_token=83ce5245&x-expires=1752940800&x-signature=BPLSbIL09BMKX%2FJhU1UGZoqKSIY%3D&t=4d5b0474&ps=13740610&shp=a5d48078&shcp=81f88b70&idc=maliva,#jan2030 #tilojoropremo #jovenlandeses #parati,Mon Jun 16 2025,1750092497,no,no,sonido original,7516590028301060886,https://v16m.tiktokcdn.com/cdb400164a685b689f8413cd031aca07/687a776c/video/tos/no1a/tos-no1a-v-2370-no/oYwrIkQ9TDCalSAcAEF0FJoACUsgRBGUIwfegE/?a=1233&bti=ODszNWYuMDE6&ch=0&cr=0&dr=0&er=0&lr=default&cd=0%7C0%7C0%7C0&br=250&bt=125&ds=5&ft=.NpOcInz7ThX0ywKXq8Zmo&mime_type=audio_mpeg&qs=13&rc=Mzs0ZHQ5cm43NDMzbzU8NUBpMzs0ZHQ5cm43NDMzbzU8NUBoYF9jMmRzaTVhLS1kMTFzYSNoYF9jMmRzaTVhLS1kMTFzcw%3D%3D&vvpl=1&l=20250718003328E8252316C9C9A41BD13D&btag=e00078000&cc=3,https://p77-sign-va.tiktokcdn.com/tos-maliva-avt-0068/5863646c749e6f27801a449e38c0c4a0~tplv-tiktokx-cropcenter:1080:1080.jpeg?dr=14579&refresh_token=a0a72b7d&x-expires=1752940800&x-signature=qmaSUcLRQNqxF8tLiY1lQYOAG9o%3D&t=4d5b0474&ps=13740610&shp=a5d48078&shcp=81f88b70&idc=maliva,2030sinmiedo,https://webapp-i18n.tiktok.com/ee83281a2d160d11439a3a9fca38769d/687bc8ec/kmoat/mps/logo/v3/r/p/v24044gl0000d184kkvog65vmpq0u5c0/3f41db865ceb466d89dc469c4b2917f8/90a407ad9e7e328fb56df67b8ea69049/mp4/main.mp4?a=1988&bti=ODszNWYuMDE6&ch=0&cr=3&dr=0&lr=all&cd=0%7C0%7C0%7C&cv=1&br=0&bt=0&cs=0&ds=3&ft=4YBg3MUm8Zmo04Uv5I4jVkQADpWrKsd.&mime_type=video_mp4&qs=0&rc=cnF8b2hsc2d3SkBwaHIxaDFybndmOzo8ZWY5ZjxnOWVmOWU0aUBpMzgzc3k5cm43NDMzbzczNUBjRl5Nc3FePmJKYSNvYF90aHFmOiNjLi8xNjFhNTMxYjI1YTEwYSNgcm5qMmRzaDVhLS1kMTFzcw%3D%3D&btag=e000b8000&definition=720p&du=19&item_id=7516590022154308886&l=20250718003328E8252316C9C9A41BD13D&logo_type=tiktok_creator&ply_type=2&policy=eyJ2bSI6MiwiY2siOiJ0dF9jaGFpbl90b2tlbiJ9&sign_params=item_id%2Cuser_text&user_text=sinmiedo2030_,https://www.tiktok.com/sinmiedo2030_/video/7516590022154308886,,25900,1122,1728,579400,jan2030‚tilojoropremo‚jovenlandeses‚parati,jan2030‚tilojoropremo‚jovenlandeses‚parati,,,qué españa más guapa está quedando,"Green Screen Video,Green Screen,Natural POSH",
zeeschuimer-export-tiktok.com-2025-07-18T17_45_41.302Z.csv,7294394812688616736,7294394812688616736,klauslejon,Klaus Lejon,1737,2865,572,https://p16-sign-useast2a.tiktokcdn.com/tos-useast2a-avt-0068-euttp/fee48bc20af1aadcafe60ebd43ef0435~tplv-tiktokx-cropcenter:100:100.jpeg?dr=14579&refresh_token=ab7c2624&x-expires=1752940800&x-signature=c8irSG8Qew%2F4uD2Jzu7tGoNiTJU%3D&t=4d5b0474&ps=13740610&shp=a5d48078&shcp=81f88b70&idc=maliva,Esto es lo que reciben los jovenlandeses en Canarias. Mientras que miles de familias en toda España no llegan a fin de mes y se encuentran en la pobreza extrema. La mayoria de entrevistados es msyor de edsd y tienen mas de 30 y 40 años edad pero las ONG:s los trata cómo menores no acompañados! ,Fri Oct 27 2023,1698358647,no,no,"News, news, seriousness, tension(1077866)",6997840505614632962,https://sf16-ies-music-va.tiktokcdn.com/obj/tos-useast2a-ve-2774/oUFagbf6nD7G8LRaovDffCQW7CgoV6mAw1zI1F,https://p16-amd-va.tiktokcdn.com/img/tos-useast2a-v-2774/43faa110cb7545508bcb8448e005da2d~c5_720x720.jpeg,Lyrebirds music,https://v16-webapp-prime.tiktok.com/video/tos/useast2a/tos-useast2a-ve-0068c001-euttp/ocA1GIYKeIlQFjhElb6eEL5dYGI1DcI2eGhfNg/?a=1988&bti=ODszNWYuMDE6&ch=0&cr=3&dr=0&lr=all&cd=0%7C0%7C0%7C&cv=1&br=1028&bt=514&cs=0&ds=3&ft=4fUEKMUm8Zmo04Uv5I4jVkQADpWrKsd.&mime_type=video_mp4&qs=0&rc=OGg7ZWU3PDtoNGRlNTpmM0Bpanh5Znc5cmZobjMzZjczM0BhNjA2MzU2XjQxLl9gLmAyYSNhLm9kMmRrNnFgLS1kMWNzcw%3D%3D&btag=e00090000&expire=1752942901&l=20250718003328E8252316C9C9A41BD13D&ply_type=2&policy=2&signature=e8ddebf5f8fa05253f7daa7b27e6e942&tk=tt_chain_token,https://www.tiktok.com/klauslejon/video/7294394812688616736,,69,14,28,4051,,,,,50 eur al día‚  ropa‚ móvil e  internet‚Increíble‚   pero cierto,"Green Screen Video,Green Screen,Natural POSH",
zeeschuimer-export-tiktok.com-2025-07-18T17_45_41.302Z.csv,7526573632617745686,7526573632617745686,belisariomagno_,Flavio Belisario,4850,33200,165,https://p77-sign-va.tiktokcdn.com/tos-maliva-avt-0068/a98b5c6d681b894a48222bb3b08f3c3c~tplv-tiktokx-cropcenter:100:100.jpeg?dr=14579&refresh_token=4bca7cf5&x-expires=1752940800&x-signature=l3MXlP%2BRGUmKtBPyHLaKS4SwQqI%3D&t=4d5b0474&ps=13740610&shp=a5d48078&shcp=81f88b70&idc=maliva,Y ahora‚ a recuperar España #torrepacheco #belisario #totalwar #totalwarespañol #reconquitsa #jovenlandia #covadonga ,Sun Jul 13 2025,1752416989,no,no,sonido original,7526573630568368918,https://v16m.tiktokcdn.com/3d2577ce925b8c6f329ddcbe58460f35/687a77f5/video/tos/no1a/tos-no1a-v-2370-no/o4kfcbFJjEmTUwWFEo8ggLDmFhfACBuABE0zAg/?a=1233&bti=ODszNWYuMDE6&ch=0&cr=0&dr=0&er=0&lr=default&cd=0%7C0%7C0%7C0&br=250&bt=125&ds=5&ft=.NpOcInz7ThX0ywKXq8Zmo&mime_type=audio_mpeg&qs=13&rc=ajY6bG05cnJ2NDMzbzU8NUBpajY6bG05cnJ2NDMzbzU8NUBhc202MmRjMm1hLS1kMTFzYSNhc202MmRjMm1hLS1kMTFzcw%3D%3D&vvpl=1&l=20250718003328E8252316C9C9A41BD13D&btag=e00050000&cc=3,https://p77-sign-va.tiktokcdn.com/tos-maliva-avt-0068/a98b5c6d681b894a48222bb3b08f3c3c~tplv-tiktokx-cropcenter:1080:1080.jpeg?dr=14579&refresh_token=d16d795c&x-expires=1752940800&x-signature=%2BFSwKyq%2B%2BepX35O%2B4MS63Rwu6dU%3D&t=4d5b0474&ps=13740610&shp=a5d48078&shcp=81f88b70&idc=maliva,Flavio Belisario,https://v16-webapp-prime.tiktok.com/video/tos/no1a/tos-no1a-ve-0068-no/oMIeyhIAIlAWSQ4wVUjfL58zAWMnLDSEeQxQrz/?a=1988&bti=ODszNWYuMDE6&ch=0&cr=3&dr=0&lr=all&cd=0%7C0%7C0%7C&cv=1&br=1882&bt=941&cs=0&ds=3&ft=4fUEKMUm8Zmo04Uv5I4jVkQADpWrKsd.&mime_type=video_mp4&qs=0&rc=ZTw7OGZnZDY3OTQ0ZWVpNUBpM3l4cWs5cm52NDMzbzczNUBjYjRfYGNeNmExYi1eLmM2YSM2cmdiMmQ0Mm1hLS1kMTFzcw%3D%3D&btag=e00090000&expire=1752942965&l=20250718003328E8252316C9C9A41BD13D&ply_type=2&policy=2&signature=0f9bf6d99524a697c8d661fd2a185628&tk=tt_chain_token,https://www.tiktok.com/belisariomagno_/video/7526573632617745686,,71500,1272,17500,868600,torrepacheco‚belisario‚totalwar‚totalwarespañol‚reconquitsa‚jovenlandia‚covadonga,torrepacheco‚belisario‚totalwar‚totalwarespañol‚reconquitsa‚jovenlandia‚covadonga,,,RECONQUISTA 2.0,"Green Screen Video,Green Screen,Natural POSH",
zeeschuimer-export-tiktok.com-2025-07-18T17_45_41.302Z.csv,7454618605548883232,7454618605548883232,rosa_salmon,Rosa Salmón,124900,14600,1218,https://p77-sign-va.tiktokcdn.com/tos-maliva-avt-0068/70f9c495d50cdc2b62837f7141411e88~tplv-tiktokx-cropcenter:100:100.jpeg?dr=14579&refresh_token=2eb1362a&x-expires=1752940800&x-signature=oejAddPrt%2B%2FebxkKZgC4WZBO8xw%3D&t=4d5b0474&ps=13740610&shp=a5d48078&shcp=81f88b70&idc=maliva,Detenidos 4 jovenlandeses que querrían atentar en la Basílica de Elche  #elche #jovenlandia #sonsuscostumbresyhayquerespetarlas ,Tue Dec 31 2024,1735663656,no,no,"Suspense, horror, piano and music box",6817193198436255745,https://sf16-ies-music-va.tiktokcdn.com/obj/tos-useast2a-ve-2774/ec28b201a97b4673ba761ff39b60fe91,https://p16-amd-va.tiktokcdn.com/img/tos-useast2a-v-2774/604e1985ea7e4d018e3eb92ee6d522b4~c5_720x720.jpeg,takaya,https://v16-webapp-prime.tiktok.com/video/tos/no1a/tos-no1a-ve-0068c001-no/oIErgIY1BGAyeiHBD3LWLrPBqELAyDFWRnef2I/?a=1988&bti=ODszNWYuMDE6&ch=0&cr=3&dr=0&lr=all&cd=0%7C0%7C0%7C&br=1604&bt=802&cs=0&ds=3&ft=4fUEKMUm8Zmo04Uv5I4jVkQADpWrKsd.&mime_type=video_mp4&qs=0&rc=ODQ7MzU7aTYzOWU1NTQ4PEBpM3Y6cG85cnJ1eDMzbzgzNUBjNmAuYGAtNWExNF9jMF40YSNnMjJqMmQ0bmpgLS1kLzFzcw%3D%3D&btag=e00098000&expire=1752942990&l=20250718003328E8252316C9C9A41BD13D&ply_type=2&policy=2&signature=48af70df18c53d11c205b74ccff3daab&tk=tt_chain_token,https://www.tiktok.com/rosa_salmon/video/7454618605548883232,,2496,146,143,18500,elche‚jovenlandia‚sonsuscostumbresyhayquerespetarlas,elche‚jovenlandia‚sonsuscostumbresyhayquerespetarlas,,,,"Green Screen Video,Green Screen,Natural POSH",
zeeschuimer-export-tiktok.com-2025-07-18T17_45_41.302Z.csv,7466976450432732438,7466976450432732438,rubenroomeraa,romeraa,212,102800,4,https://p77-sign-va.tiktokcdn.com/tos-maliva-avt-0068/556f0cdc81c94347d310984651bb742f~tplv-tiktokx-cropcenter:100:100.jpeg?dr=14579&refresh_token=5a50efb0&x-expires=1752940800&x-signature=BteKCi6UKB0kHAHMIAAX6slhK6g%3D&t=4d5b0474&ps=13740610&shp=a5d48078&shcp=81f88b70&idc=maliva,#CapCut #SantJordi2024 @🇪🇸/🇫🇷 #CapCut ##babuino #jovenlandes #44 #mepicalaoreja ,Mon Feb 03 2025,1738540943,no,no,son original,7463830550034336518,https://v16m.tiktokcdn.com/6f070ca45cfc29847a05308f0291562f/687a7761/video/tos/useast2a/tos-useast2a-v-27dcd7/oQPlUCTlNJAtaEEnClFfBBQgM2dApYExJADfUb/?a=1233&bti=ODszNWYuMDE6&ch=0&cr=0&dr=0&er=0&lr=default&cd=0%7C0%7C0%7C0&br=252&bt=126&ds=5&ft=.NpOcInz7ThX0ywKXq8Zmo&mime_type=audio_mpeg&qs=13&rc=M2Y8bXk5cnBneDMzNzU8M0BpM2Y8bXk5cnBneDMzNzU8M0BgM29sMmRzaF5gLS1kMTZzYSNgM29sMmRzaF5gLS1kMTZzcw%3D%3D&vvpl=1&l=20250718003328E8252316C9C9A41BD13D&btag=e00070000&cc=3,https://p16-sign-va.tiktokcdn.com/tos-maliva-avt-0068/8568085f2a061030bc32bcdbb64a1b3b~tplv-tiktokx-cropcenter:1080:1080.jpeg?dr=14579&refresh_token=6ed6945b&x-expires=1752940800&x-signature=x9kvd3PNEBv9SZoijy1WlMnZH5o%3D&t=4d5b0474&ps=13740610&shp=a5d48078&shcp=81f88b70&idc=maliva,CARNEY-2025-Canada🇨🇦🇺🇲🦅,https://v16-webapp-prime.tiktok.com/video/tos/no1a/tos-no1a-ve-0068-no/oUIsgnjEGBA50gRFl0EAaFEFcFDWMoKVafeIFk/?a=1988&bti=ODszNWYuMDE6&ch=0&cr=3&dr=0&lr=all&cd=0%7C0%7C0%7C&cv=1&br=1364&bt=682&cs=0&ds=3&ft=4fUEKMUm8Zmo04Uv5I4jVkQADpWrKsd.&mime_type=video_mp4&qs=0&rc=OmU6N2c6N2Y2aWU0aDs5O0BpMzk8amw5cjUzeDMzbzczNUAtMWFfLjNeXzAxYGMzYC4uYSNjMGtqMmQ0YmRgLS1kMTFzcw%3D%3D&btag=e000b0000&expire=1752942817&l=20250718003328E8252316C9C9A41BD13D&ply_type=2&policy=2&signature=4fafc8aff4c4426bd828bc436d149dfb&tk=tt_chain_token,https://www.tiktok.com/rubenroomeraa/video/7466976450432732438,,2596,27,475,116000,capcut‚santjordi2024‚capcut‚babuino‚jovenlandes‚44‚mepicalaoreja,CapCut‚santjordi2024‚babuino‚jovenlandes‚44‚mepicalaoreja,,,,"Green Screen Video,Green Screen,Natural POSH",
zeeschuimer-export-tiktok.com-2025-07-18T17_45_41.302Z.csv,7490154229819067670,7490154229819067670,vaaaaleriaaaa__,Vaaaaleriaaaa__,218800,116900,1930,https://p77-sign-va.tiktokcdn.com/tos-maliva-avt-0068/14b4fa6ebe88dd35039c3bd4a36d697c~tplv-tiktokx-cropcenter:100:100.jpeg?dr=14579&refresh_token=bdb42ebf&x-expires=1752940800&x-signature=cFBN%2F3EIVCi%2FJjrTD6dSOMVRXdw%3D&t=4d5b0474&ps=13740610&shp=a5d48078&shcp=81f88b70&idc=maliva,,Sun Apr 06 2025,1743937434,no,no,sonido original,7393337962446621473,https://v16m.tiktokcdn.com/9c2cf2bf0687b1982eded931f2bbff91/687a7779/video/tos/useast2a/tos-useast2a-v-2370-euttp/oYJ0nDyACh5YjP2mamPFEm8mQBTfsoe0qQD0U3/?a=1233&bti=ODszNWYuMDE6&ch=0&cr=0&dr=0&er=0&lr=default&cd=0%7C0%7C0%7C0&br=250&bt=125&ft=.NpOcInz7ThX0ywKXq8Zmo&mime_type=audio_mpeg&qs=6&rc=Zzo6O2RnaDVkNDQ4NjNkOkBpams0dGo5cmY5dDMzZjU8M0A2MF9fXzBeXl8xMTIvYGFiYSNqcGBxMmRrZ2FgLS1kMWNzcw%3D%3D&vvpl=1&l=20250718003328E8252316C9C9A41BD13D&btag=e00088000&cc=3,https://p16-sign-useast2a.tiktokcdn.com/tos-useast2a-avt-0068-euttp/b1740688ca2f5e0a9ca9b6f05a7d59a2~tplv-tiktokx-cropcenter:1080:1080.jpeg?dr=14579&refresh_token=b3c55f66&x-expires=1752940800&x-signature=rIEAvXobbR6xertGRjimvTGGi%2BQ%3D&t=4d5b0474&ps=13740610&shp=a5d48078&shcp=81f88b70&idc=maliva,Vibra Musical,https://v16-webapp-prime.tiktok.com/video/tos/no1a/tos-no1a-ve-0068-no/oMUnWj9XCAnogRExgQF88xkDjfnsxIlEFEBfyI/?a=1988&bti=ODszNWYuMDE6&ch=0&cr=3&dr=0&lr=all&cd=0%7C0%7C0%7C&cv=1&br=1858&bt=929&cs=0&ds=3&ft=4fUEKMUm8Zmo04Uv5I4jVkQADpWrKsd.&mime_type=video_mp4&qs=0&rc=NTVmZzM7N2k6Njs1aTxlNEBpM3BpN245cnI4eTMzbzczNUAwXmBjLS5iNmAxYl80MmI0YSNjZXEyMmRzcm1gLS1kMTFzcw%3D%3D&btag=e000b0000&expire=1752942816&l=20250718003328E8252316C9C9A41BD13D&ply_type=2&policy=2&signature=7db1bb4da8239e740a0e8e5ca3caa68a&tk=tt_chain_token,https://www.tiktok.com/vaaaaleriaaaa__/video/7490154229819067670,,955,18,21,16700,,,,,Asi sonaria mi vida si todos los jovenlandeses estuviesen en su pais,"Natural POSH,Green Screen Video,Green Screen",
zeeschuimer-export-tiktok.com-2025-07-18T17_45_41.302Z.csv,7407245818777947424,7407245818777947424,dflmomo,dflmomo,243,30000,1,https://p77-sign-va.tiktokcdn.com/tos-maliva-avt-0068/1aecee9a5391c067d1144c384a06679e~tplv-tiktokx-cropcenter:100:100.jpeg?dr=14579&refresh_token=2ca1cc0d&x-expires=1752940800&x-signature=qdNXuQybc%2FHl16fwyWf7s7b1QPo%3D&t=4d5b0474&ps=13740610&shp=a5d48078&shcp=81f88b70&idc=maliva,Cuando un jovenlandés se queda sin alcohol ,Mon Aug 26 2024,1724633844,no,no,HAY LUPITA,7351556099051390977,https://sf16-ies-music-va.tiktokcdn.com/obj/tos-useast2a-ve-2774/o4i8n1v0IBAhAleOi7plZsvAozEvMB1rWmCwIB,https://p16-amd-va.tiktokcdn.com/img/tos-useast2a-v-2774/oQXBA5oEEDKDBB3vgzQnLfEvFtCZBARjNfSXAE~c5_720x720.jpeg,Lomiel,,https://www.tiktok.com/dflmomo/video/7407245818777947424,,150400,260,24800,1300000,,,,,Mi colega el menos gitano:,"Green Screen,Natural POSH,Green Screen Video",
zeeschuimer-export-tiktok.com-2025-07-18T17_45_41.302Z.csv,7521684350857907478,7521684350857907478,jovenlandeses.new,Jovenlandeses News,576,12000,859,https://p16-sign-useast2a.tiktokcdn.com/tos-useast2a-avt-0068-euttp/532f35c9f4f4c58af9d175ac1f6798e4~tplv-tiktokx-cropcenter:100:100.jpeg?dr=14579&refresh_token=21015f38&x-expires=1752940800&x-signature=n7dX%2BeXnYDtxcWPtBaBvfgG%2Bs5k%3D&t=4d5b0474&ps=13740610&shp=a5d48078&shcp=81f88b70&idc=maliva,,Mon Jun 30 2025,1751278613,no,no,sonido original,7521684334055607062,https://v16m.tiktokcdn.com/b6054f8472985b4739c35f3cb1d70452/687a7761/video/tos/no1a/tos-no1a-v-2370-no/o0MBWAiTBlBAEtwtIGA3iciCf1yAB0EKZzELsF/?a=1233&bti=ODszNWYuMDE6&ch=0&cr=0&dr=0&er=0&lr=default&cd=0%7C0%7C0%7C0&br=250&bt=125&ds=5&ft=.NpOcInz7ThX0ywKXq8Zmo&mime_type=audio_mpeg&qs=13&rc=M2dpZW85cjg5NDMzbzU8NUBpM2dpZW85cjg5NDMzbzU8NUBfYzMwMmRzNWVhLS1kMTFzYSNfYzMwMmRzNWVhLS1kMTFzcw%3D%3D&vvpl=1&l=20250718003328E8252316C9C9A41BD13D&btag=e00070000&cc=3,https://p16-sign-useast2a.tiktokcdn.com/tos-useast2a-avt-0068-euttp/532f35c9f4f4c58af9d175ac1f6798e4~tplv-tiktokx-cropcenter:1080:1080.jpeg?dr=14579&refresh_token=6b7eb6ea&x-expires=1752940800&x-signature=7zlgbKOVO6CxZfg6no2Gg%2BZEjZY%3D&t=4d5b0474&ps=13740610&shp=a5d48078&shcp=81f88b70&idc=maliva,Jovenlandeses News,https://v16-webapp-prime.tiktok.com/video/tos/no1a/tos-no1a-ve-0068c001-no/oEWomdQzXA5xJRZHgIFaYZkDTfXzeBmEFEBNiE/?a=1988&bti=ODszNWYuMDE6&ch=0&cr=3&dr=0&lr=all&cd=0%7C0%7C0%7C&br=1112&bt=556&cs=0&ds=2&ft=4fUEKMUm8Zmo04Uv5I4jVkQADpWrKsd.&mime_type=video_mp4&qs=0&rc=PGRmZTVkNzQzODZlMzNmPEBpM206bHI5cjc5NDMzbzczNUAwNTBhYi80Ni4xYzVgNl80YSNhcXNpMmRzNWVhLS1kMTFzcw%3D%3D&btag=e000b0000&expire=1752942817&l=20250718003328E8252316C9C9A41BD13D&ply_type=2&policy=2&signature=e0afc1c0329486d7b2dc2d2280a7e69e&tk=tt_chain_token,https://www.tiktok.com/jovenlandeses.new/video/7521684350857907478,,30,3,1,427,,,,,,"Green Screen Video,Green Screen,Natural POSH",
zeeschuimer-export-tiktok.com-2025-07-18T17_45_41.302Z.csv,7431918634215230753,7431918634215230753,papisel,papisel,18300,99500,413,https://p77-sign-va.tiktokcdn.com/tos-maliva-avt-0068/935014c268e8fff965856a77bc04792b~tplv-tiktokx-cropcenter:100:100.jpeg?dr=14579&refresh_token=1e49649f&x-expires=1752940800&x-signature=WphgavFhcFWA9XgwTkHZAm4SWqQ%3D&t=4d5b0474&ps=13740610&shp=a5d48078&shcp=81f88b70&idc=maliva,los españoles en polideportivos y los jovenlandeses en hoteles de lujo #greenscreen #españoles #valencia #dana #inundaciones #riada #letur #DEP ,Thu Oct 31 2024,1730378407,no,no,sonido original,7431918675597216544,https://v16m.tiktokcdn.com/4c012525a8df25ffa114496b09b6333c/687a778e/video/tos/useast2a/tos-useast2a-v-2370-euttp/ooyGqnjoEd83CFoBrAPIAQD9frAIBwD3UIVfJm/?a=1233&bti=ODszNWYuMDE6&ch=0&cr=0&dr=0&er=0&lr=default&cd=0%7C0%7C0%7C0&br=250&bt=125&ds=5&ft=.NpOcInz7ThX0ywKXq8Zmo&mime_type=audio_mpeg&qs=13&rc=M204N3U5cmRxdjMzZjU8M0BpM204N3U5cmRxdjMzZjU8M0BgX2NuMmRzaWVgLS1kMWNzYSNgX2NuMmRzaWVgLS1kMWNzcw%3D%3D&vvpl=1&l=20250718003328E8252316C9C9A41BD13D&btag=e00048000&cc=3,https://p77-sign-va.tiktokcdn.com/tos-maliva-avt-0068/935014c268e8fff965856a77bc04792b~tplv-tiktokx-cropcenter:1080:1080.jpeg?dr=14579&refresh_token=1cdd7fa0&x-expires=1752940800&x-signature=BP%2FiZz55jp9fdCy7ypkjfcrQly0%3D&t=4d5b0474&ps=13740610&shp=a5d48078&shcp=81f88b70&idc=maliva,papisel,https://v16-webapp-prime.tiktok.com/video/tos/useast2a/tos-useast2a-ve-0068c001-euttp/oYgNwkgRQVMAResWvqELiOfMiTfGjIAkgtf58n/?a=1988&bti=ODszNWYuMDE6&ch=0&cr=3&dr=0&lr=all&cd=0%7C0%7C0%7C&cv=1&br=1506&bt=753&cs=0&ds=3&ft=4fUEKMUm8Zmo04Uv5I4jVkQADpWrKsd.&mime_type=video_mp4&qs=0&rc=ZTVmZmc2Zjo2Zzg4OjxnOUBpM3g3dm45cjVxdjMzZjczM0AvMjRiNmFiXzExMS1eMGFiYSNiZ2tfMmRrZ2VgLS1kMWNzcw%3D%3D&btag=e00088000&expire=1752942862&l=20250718003328E8252316C9C9A41BD13D&ply_type=2&policy=2&signature=4a41d75faa961ff0a7efd5dde5f67a86&tk=tt_chain_token,https://www.tiktok.com/papisel/video/7431918634215230753,,1033,90,125,7522,greenscreen‚españoles‚valencia‚dana‚inundaciones‚riada‚letur‚dep,greenscreen‚españoles‚valencia‚dana‚inundaciones‚riada‚letur‚dep,,,Españoles en polideportivos. Jovenlandeses en hoteles de lujo,"Green Screen Video,Green Screen,Natural POSH",
zeeschuimer-export-tiktok.com-2025-07-18T17_45_41.302Z.csv,7473955713384058134,7473955713384058134,divergentedigitaloficial,Divergente Digital,85100,797,1249,https://p16-sign-useast2a.tiktokcdn.com/tos-useast2a-avt-0068-euttp/6d2bf74c23199840bbb354dcad17db50~tplv-tiktokx-cropcenter:100:100.jpeg?dr=14579&refresh_token=d37dfb42&x-expires=1752940800&x-signature=LfyvKiA3thGOBSei1s%2Fgwen5ZCM%3D&t=4d5b0474&ps=13740610&shp=a5d48078&shcp=81f88b70&idc=maliva,🚨 JOVENLANDÉS SE ENCARA CON VARIOS CIUDADANOS EN EL METRO DE BARCELONA 🚨,Fri Feb 21 2025,1740171000,no,no,sonido original - Divergente Digital,7473955742177954582,https://v16m.tiktokcdn.com/6f93aacfb4e83215e00345eb4483f887/687a77bb/video/tos/no1a/tos-no1a-v-2370-no/o8ePM2TeoJGck4yI40LZNQAyLiDbYADAaegIhE/?a=1233&bti=ODszNWYuMDE6&ch=0&cr=0&dr=0&er=0&lr=default&cd=0%7C0%7C0%7C0&br=250&bt=125&ft=.NpOcInz7ThX0ywKXq8Zmo&mime_type=audio_mpeg&qs=6&rc=NWk1NWUzOTQ6ZmZnZWg1aUBpamk3OGo5cjxneDMzbzU8NUAuL2JfYzM0Nl4xXzBjLWNjYSM1b2sxMmRrM3BgLS1kMTFzcw%3D%3D&vvpl=1&l=20250718003328E8252316C9C9A41BD13D&btag=e00090000&cc=3,https://p16-sign-useast2a.tiktokcdn.com/tos-useast2a-avt-0068-euttp/6d2bf74c23199840bbb354dcad17db50~tplv-tiktokx-cropcenter:1080:1080.jpeg?dr=14579&refresh_token=4371e593&x-expires=1752940800&x-signature=b0WOH5siCxKIrZn2Xq23T3FXO3E%3D&t=4d5b0474&ps=13740610&shp=a5d48078&shcp=81f88b70&idc=maliva,Divergente Digital,https://v16-webapp-prime.tiktok.com/video/tos/no1a/tos-no1a-ve-0068-no/owCJt4BfIiAlE2A3TQiyQ0BKCyGzvKB4zJzKwv/?a=1988&bti=ODszNWYuMDE6&ch=0&cr=3&dr=0&lr=all&cd=0%7C0%7C0%7C&cv=1&br=1700&bt=850&cs=0&ds=3&ft=4fUEKMUm8Zmo04Uv5I4jVkQADpWrKsd.&mime_type=video_mp4&qs=0&rc=Njo2ZDVmNDU3ZGk3Ojg2OEBpamk3NWw5cnlneDMzbzgzNUA0MjEyYTFgXjYxNS8tNTM0YSM2ZzUuMmRrMnBgLS1kLzFzcw%3D%3D&btag=e00090000&expire=1752942907&l=20250718003328E8252316C9C9A41BD13D&ply_type=2&policy=2&signature=793246d1a03b5c4ae19cd1bff4299452&tk=tt_chain_token,https://www.tiktok.com/divergentedigitaloficial/video/7473955713384058134,,1563,196,78,66200,,,,,,"Green Screen Video,Green Screen,Natural POSH",
zeeschuimer-export-tiktok.com-2025-07-18T17_45_41.302Z.csv,7487322271133011222,7487322271133011222,kiwwihub,KiwwiHub,1829,1100,1256,https://p16-sign-useast2a.tiktokcdn.com/tos-useast2a-avt-0068-euttp/9f7086648b6852731d6cacd46ac153c4~tplv-tiktokx-cropcenter:100:100.jpeg?dr=14579&refresh_token=2f4fc0bb&x-expires=1752940800&x-signature=FU64kVqUaagMM3jOKGUpH%2FdZE7M%3D&t=4d5b0474&ps=13740610&shp=a5d48078&shcp=81f88b70&idc=maliva,Nunca lo hubiera imaginado #jovenlandia #marruecos #amego ,Sat Mar 29 2025,1743278067,no,no,sonido original,7487322257179855638,https://v16m.tiktokcdn.com/747597f7a6b61e69b40f315f313c7424/687a7778/video/tos/no1a/tos-no1a-v-2370-no/osno4EgDAHAD7fZFfAPTLAErIIQRf0I5J1WHSI/?a=1233&bti=ODszNWYuMDE6&ch=0&cr=0&dr=0&er=0&lr=default&cd=0%7C0%7C0%7C0&br=250&bt=125&ds=5&ft=.NpOcInz7ThX0ywKXq8Zmo&mime_type=audio_mpeg&qs=13&rc=MzZwNW85cnc3eTMzbzU8NUBpMzZwNW85cnc3eTMzbzU8NUBsbTRmMmRjc2hgLS1kMTFzYSNsbTRmMmRjc2hgLS1kMTFzcw%3D%3D&vvpl=1&l=20250718003328E8252316C9C9A41BD13D&btag=e00048000&cc=3,https://p16-sign-useast2a.tiktokcdn.com/tos-useast2a-avt-0068-euttp/9f7086648b6852731d6cacd46ac153c4~tplv-tiktokx-cropcenter:1080:1080.jpeg?dr=14579&refresh_token=bd6a249e&x-expires=1752940800&x-signature=HrQh8Xj%2FaltUmQREilR%2BGwcLVQ8%3D&t=4d5b0474&ps=13740610&shp=a5d48078&shcp=81f88b70&idc=maliva,KiwwiHub,https://webapp-i18n.tiktok.com/9968fe70e4b38d14c16e29000344be5b/687bc8f8/kmoat/mps/logo/v2/r/p/v24044gl0000cvk4vsfog65gslrr791g/f7ae48c8b3784ab28c317e0ab7518abf/78bdbbace5ef3bea20694f89f14216dd/mp4/main.mp4?a=1988&bti=ODszNWYuMDE6&ch=0&cr=3&dr=0&lr=all&cd=0%7C0%7C0%7C&cv=1&br=0&bt=0&cs=0&ds=3&eid=1286&ft=4YBg3MUm8Zmo04Uv5I4jVkQADpWrKsd.&mime_type=video_mp4&qs=0&rc=cnF8b2hsc2d3SkBwaHIxaDFybndmaWQ0OmRoNGY1ZDs2OztoOkBpajx1b2o5cnY3eTMzbzczNUBjRl5Nc3FePmJKYSNvYF90aHFmOiNfNTJfLTQwNV8xNF9gMV5jYSMuNG9wMmRjc2hgLS1kMTFzcw%3D%3D&btag=e00088000&definition=720p&du=31&item_id=7487322271133011222&l=20250718003328E8252316C9C9A41BD13D&logo_type=tiktok_m&ply_type=2&policy=eyJ2bSI6MiwiY2siOiJ0dF9jaGFpbl90b2tlbiJ9&user_text=kiwwihub,https://www.tiktok.com/kiwwihub/video/7487322271133011222,,124,6,32,3395,jovenlandia‚marruecos‚amego,jovenlandia‚marruecos‚amego,,,,"Green Screen Video,Green Screen,Natural POSH",
zeeschuimer-export-tiktok.com-2025-07-18T17_45_41.302Z.csv,7287990436503850272,7287990436503850272,alsanmol,Alfonso Sánchez,33400,273,3059,https://p77-sign-va.tiktokcdn.com/tos-maliva-avt-0068/6e78c1232f35cca2bdeba005f6f86397~tplv-tiktokx-cropcenter:100:100.jpeg?dr=14579&refresh_token=da382d2a&x-expires=1752940800&x-signature=WoapwaWocLF5d4zCEKuHJYRYX1E%3D&t=4d5b0474&ps=13740610&shp=a5d48078&shcp=81f88b70&idc=maliva,Así celebraba en 2016 Manuela Carmena los jovenlandeses que saltaban la valla desde Marruecos... #política #politica #politicaespañola #politicanacional #politicatiktok #político #politicainternacional ,Mon Oct 09 2023,1696867510,no,no,sonido original,7287990457674091296,https://v16m.tiktokcdn.com/d989e9ec759eb2d60bb543ea18ff88bd/687a776a/video/tos/useast2a/tos-useast2a-v-2370-euttp/oEbbh94koJAEBE9LyAEAadfCKohknhtJAqAjzA/?a=1233&bti=ODszNWYuMDE6&ch=0&cr=0&dr=0&er=0&lr=default&cd=0%7C0%7C0%7C0&br=250&bt=125&ds=5&ft=.NpOcInz7ThX0ywKXq8Zmo&mime_type=audio_mpeg&qs=13&rc=amRwcDM6Zmc1bjMzZjU8M0BpamRwcDM6Zmc1bjMzZjU8M0BlZWtycjRvNmZgLS1kMWNzYSNlZWtycjRvNmZgLS1kMWNzcw%3D%3D&vvpl=1&l=20250718003328E8252316C9C9A41BD13D&btag=e00078000&cc=3,https://p77-sign-va.tiktokcdn.com/tos-maliva-avt-0068/6e78c1232f35cca2bdeba005f6f86397~tplv-tiktokx-cropcenter:1080:1080.jpeg?dr=14579&refresh_token=36a841ff&x-expires=1752940800&x-signature=I7zL%2B8K0AnabnHfmeuYQuENUW6g%3D&t=4d5b0474&ps=13740610&shp=a5d48078&shcp=81f88b70&idc=maliva,Alfonso Sánchez,,https://www.tiktok.com/alsanmol/video/7287990436503850272,,87,46,63,6456,política‚politica‚politicaespañola‚politicanacional‚politicatiktok‚político‚politicainternacional,política‚politica‚politicaespañola‚politicanacional‚politicatiktok‚político‚politicainternacional,,,"Manuela Carmena:  ""Son los mejores‚ los más valientes"".","Natural POSH,Green Screen Video,Green Screen",
zeeschuimer-export-tiktok.com-2025-07-18T17_45_41.302Z.csv,7437649918317137185,7437649918317137185,rieraplanells,rieraplanells,336,976,1552,https://p77-sign-va.tiktokcdn.com/musically-maliva-obj/1594805258216454~tplv-tiktokx-cropcenter:100:100.jpeg?dr=14579&refresh_token=aeb63a0e&x-expires=1752940800&x-signature=aoYP%2FO51t56YXRz3dZJa%2BHknTcY%3D&t=4d5b0474&ps=13740610&shp=a5d48078&shcp=81f88b70&idc=maliva,#pov #llegada #jovenlandia #pt #parati #jovenlandeses #T1 #bcn #terminal1 #aeroportdelprat✈️ #fyp #meriendadenegros #foru #humornegro #humor #parati ,Sat Nov 16 2024,1731712835,no,no,original sound - Trippy,7384069110218492704,https://v16m.tiktokcdn.com/5dc1c68fdf52fa9f1bb3ad87a9dc14dc/687a776c/video/tos/useast2a/tos-useast2a-v-2370-euttp/okTQeYeEgEdNG88eTLekvMGEzq8rOIo073w1Jy/?a=1233&bti=ODszNWYuMDE6&ch=0&cr=0&dr=0&er=0&lr=default&cd=0%7C0%7C0%7C0&br=250&bt=125&ft=.NpOcInz7ThX0ywKXq8Zmo&mime_type=audio_mpeg&qs=6&rc=OzxoNGg1ZDxlODUzaWVmPEBpamlqbHk5cmhxczMzZjU8M0A1M2IvLS9fNTMxLjEwMDI2YSMwbjY0MmRra3BgLS1kMWNzcw%3D%3D&vvpl=1&l=20250718003328E8252316C9C9A41BD13D&btag=e000b8000&cc=3,https://p77-sign-va.tiktokcdn.com/tos-maliva-avt-0068/e44e50f6f696dd11144f002d3a2ad428~tplv-tiktokx-cropcenter:1080:1080.jpeg?dr=14579&refresh_token=a6cc7cf6&x-expires=1752940800&x-signature=bOjcpBYqYCi8WvRnWzseZrbvpWg%3D&t=4d5b0474&ps=13740610&shp=a5d48078&shcp=81f88b70&idc=maliva,Trippy,https://v16-webapp-prime.tiktok.com/video/tos/useast2a/tos-useast2a-ve-0068-euttp/oEzTnoM9GAdIfAiIwhuEBllQBmCQoFP7YWcBiD/?a=1988&bti=ODszNWYuMDE6&ch=0&cr=3&dr=0&lr=all&cd=0%7C0%7C0%7C&cv=1&br=2974&bt=1487&cs=0&ds=3&ft=4fUEKMUm8Zmo04Uv5I4jVkQADpWrKsd.&mime_type=video_mp4&qs=0&rc=NTo7NDRkOzo3N2ZpN2dlPEBpanc1amo5cjl3djMzZjczM0AtYzI2LzZfNTExLTM2YS9hYSMucF5yMmQ0YG9gLS1kMWNzcw%3D%3D&btag=e000b0000&expire=1752942816&l=20250718003328E8252316C9C9A41BD13D&ply_type=2&policy=2&signature=71df2771b2cccfc6d733e81a2be1da23&tk=tt_chain_token,https://www.tiktok.com/rieraplanells/video/7437649918317137185,,21,3,1,6146,pov‚llegada‚jovenlandia‚pt‚parati‚jovenlandeses‚t1‚bcn‚terminal1‚aeroportdelprat✈️‚fyp‚meriendadenegros‚foru‚humornegro‚humor‚parati,pov‚llegada‚jovenlandia‚pt‚parati‚jovenlandeses‚t1‚bcn‚terminal1‚aeroportdelprat✈️‚fyp‚meriendadenegros‚foru‚humornegro‚humor,,,Pov: llegas a Jovenlandia.,"Green Screen Video,Green Screen,Natural POSH",
zeeschuimer-export-tiktok.com-2025-07-18T17_45_41.302Z.csv,7431299928837672224,7431299928837672224,divergentedigitaloficial,Divergente Digital,85100,797,1249,https://p16-sign-useast2a.tiktokcdn.com/tos-useast2a-avt-0068-euttp/6d2bf74c23199840bbb354dcad17db50~tplv-tiktokx-cropcenter:100:100.jpeg?dr=14579&refresh_token=d37dfb42&x-expires=1752940800&x-signature=LfyvKiA3thGOBSei1s%2Fgwen5ZCM%3D&t=4d5b0474&ps=13740610&shp=a5d48078&shcp=81f88b70&idc=maliva,CICLISTA de CICLISTALANDIA... #noticias #viral #jovenlandeses #barcelona,Tue Oct 29 2024,1730237400,no,no,sonido original - Divergente Digital,7431300002686815009,https://v77.tiktokcdn.com/a90adb0ec086b8f0056c07a04d3213ff/687a77c4/video/tos/useast2a/tos-useast2a-v-2370-euttp/oo8phcxmJgnWQHwNIcRAefGSLteAJEfGCxVFib/?a=1233&bti=ODszNWYuMDE6&ch=0&cr=0&dr=0&er=0&lr=default&cd=0%7C0%7C0%7C0&br=250&bt=125&ft=.NpOcInz7ThX0ywKXq8Zmo&mime_type=audio_mpeg&qs=6&rc=Ojc3OGg7Mzs7ZztoZDQ6NEBpamxweW45cndudjMzZjU8M0AzYi5gX2FeXjAxL2IuYi8wYSNfaC1oMmRrY2RgLS1kMWNzcw%3D%3D&vvpl=1&l=20250718003328E8252316C9C9A41BD13D&btag=e00090000&cc=13,https://p16-sign-useast2a.tiktokcdn.com/tos-useast2a-avt-0068-euttp/6d2bf74c23199840bbb354dcad17db50~tplv-tiktokx-cropcenter:1080:1080.jpeg?dr=14579&refresh_token=4371e593&x-expires=1752940800&x-signature=b0WOH5siCxKIrZn2Xq23T3FXO3E%3D&t=4d5b0474&ps=13740610&shp=a5d48078&shcp=81f88b70&idc=maliva,Divergente Digital,https://v16-webapp-prime.tiktok.com/video/tos/useast2a/tos-useast2a-ve-0068-euttp/okfR0AfEeQIgsgrMEOgkQoFEQGRqfOh8D8GoEG/?a=1988&bti=ODszNWYuMDE6&ch=0&cr=3&dr=0&lr=all&cd=0%7C0%7C0%7C&br=1376&bt=688&cs=0&ds=3&ft=4fUEKMUm8Zmo04Uv5I4jVkQADpWrKsd.&mime_type=video_mp4&qs=0&rc=ZGZlOjRnO2VpOGc4NzwzNUBpM288O3Q5cm1udjMzZjgzM0BiMzIzNmNgXl4xYzYvYC8yYSNfNWYxMmRrY2RgLS1kL2Nzcw%3D%3D&btag=e00090000&expire=1752942915&l=20250718003328E8252316C9C9A41BD13D&ply_type=2&policy=2&signature=ba5ef5c65954ac947fca10ef23bac5f1&tk=tt_chain_token,https://www.tiktok.com/divergentedigitaloficial/video/7431299928837672224,,226,15,4,4143,noticias‚jovenlandeses‚barcelona,noticias‚jovenlandeses‚barcelona,,,,"Natural POSH,Green Screen Video,Green Screen",
zeeschuimer-export-tiktok.com-2025-07-18T17_45_41.302Z.csv,7467550462355475734,7467550462355475734,divergentedigitaloficial,Divergente Digital,85100,797,1249,https://p16-sign-useast2a.tiktokcdn.com/tos-useast2a-avt-0068-euttp/6d2bf74c23199840bbb354dcad17db50~tplv-tiktokx-cropcenter:100:100.jpeg?dr=14579&refresh_token=d37dfb42&x-expires=1752940800&x-signature=LfyvKiA3thGOBSei1s%2Fgwen5ZCM%3D&t=4d5b0474&ps=13740610&shp=a5d48078&shcp=81f88b70&idc=maliva,POV: DOCTOR DE JOVENLANDIA EN MELILLA 🚨,Tue Feb 04 2025,1738674585,no,no,sonido original,7467550457454955286,https://v16m.tiktokcdn.com/3451c8df40ffc694e2be5e978dfffee6/687a776a/video/tos/no1a/tos-no1a-v-2370-no/oACUAzQA0KjiK8iE5FEANvByIEwfTNyiAC0EZB/?a=1233&bti=ODszNWYuMDE6&ch=0&cr=0&dr=0&er=0&lr=default&cd=0%7C0%7C0%7C0&br=250&bt=125&ds=5&ft=.NpOcInz7ThX0ywKXq8Zmo&mime_type=audio_mpeg&qs=13&rc=ajgzOGw5cjk0eDMzbzU8NUBpajgzOGw5cjk0eDMzbzU8NUA2aC5uMmRzMGVgLS1kMTFzYSM2aC5uMmRzMGVgLS1kMTFzcw%3D%3D&vvpl=1&l=20250718003328E8252316C9C9A41BD13D&btag=e00078000&cc=3,https://p16-sign-useast2a.tiktokcdn.com/tos-useast2a-avt-0068-euttp/6d2bf74c23199840bbb354dcad17db50~tplv-tiktokx-cropcenter:1080:1080.jpeg?dr=14579&refresh_token=4371e593&x-expires=1752940800&x-signature=b0WOH5siCxKIrZn2Xq23T3FXO3E%3D&t=4d5b0474&ps=13740610&shp=a5d48078&shcp=81f88b70&idc=maliva,Divergente Digital,https://webapp-i18n.tiktok.com/56d46956be6554892f62fc69fb4b89d9/687bc8ea/kmoat/mps/logo/v3/r/p/v24044gl0000cuh0vp7og65kur3jntm0/35ce4b7b6f9f4065ba3f24613078d6b4/7160351231f0c7ad32a8f0bda6819edb/mp4/main.mp4?a=1988&bti=ODszNWYuMDE6&ch=0&cr=3&dr=0&lr=all&cd=0%7C0%7C0%7C&cv=1&br=0&bt=0&cs=0&ds=3&ft=4YBg3MUm8Zmo04Uv5I4jVkQADpWrKsd.&mime_type=video_mp4&qs=0&rc=cnF8b2hsc2d3SkBwaHIxaDFybndmNzk7MzQ3aWQ4M2lpZWVoOEBpM3dtdW45cnMzeDMzbzczNUBjRl5Nc3FePmJKYSNvYF90aHFmOiNfYTQwMy8wXzMxNjM0MWAwYSNqazByMmQ0c2VgLS1kMTFzcw%3D%3D&btag=e000b8000&definition=720p&du=18&item_id=7467550462355475734&l=20250718003328E8252316C9C9A41BD13D&logo_type=tiktok_creator&ply_type=2&policy=eyJ2bSI6MiwiY2siOiJ0dF9jaGFpbl90b2tlbiJ9&sign_params=item_id%2Cuser_text&user_text=divergentedigitaloficial,https://www.tiktok.com/divergentedigitaloficial/video/7467550462355475734,,14600,531,1222,281600,,,,,POV: DOCTOR DE JOVENLANDIA EN MELILLA,"Green Screen Video,Green Screen,Natural POSH",
zeeschuimer-export-tiktok.com-2025-07-18T17_45_41.302Z.csv,7375105541967711520,7375105541967711520,benevolianos,Los Benevolianos,18700,5393,66,https://p16-sign-useast2a.tiktokcdn.com/tos-useast2a-avt-0068-euttp/9151fbcb485924f0a3797b32396a4510~tplv-tiktokx-cropcenter:100:100.jpeg?dr=14579&refresh_token=90af40e7&x-expires=1752940800&x-signature=lZzLo7UqNUpEHqFWCgw3dDZRjt8%3D&t=4d5b0474&ps=13740610&shp=a5d48078&shcp=81f88b70&idc=maliva,Vecinos de Son Gotleu (Mallorca) se manifiestan en contra de los jovenlandeses  #parati #foryou #foryoupage #fyp #fypシ #viral #viralvideo #songotleu #mallorca #vox #jovenlandia ,Fri May 31 2024,1717150577,no,no,sonido original,7375105617306454816,https://v77.tiktokcdn.com/8c3f9688c4904f1921bc7390c33a7515/687a77b2/video/tos/useast2a/tos-useast2a-v-2370-euttp/ogfN3KoROiA7EAVzBLABEoEZvGKBFAhnAB4ELi/?a=1233&bti=ODszNWYuMDE6&ch=0&cr=0&dr=0&er=0&lr=default&cd=0%7C0%7C0%7C0&br=250&bt=125&ds=5&ft=.NpOcInz7ThX0ywKXq8Zmo&mime_type=audio_mpeg&qs=13&rc=ajNyOHI5cnl0czMzZjU8M0BpajNyOHI5cnl0czMzZjU8M0AyaDYvMmRrM2BgLS1kMWNzYSMyaDYvMmRrM2BgLS1kMWNzcw%3D%3D&vvpl=1&l=20250718003328E8252316C9C9A41BD13D&btag=e00050000&cc=13,https://p16-sign-useast2a.tiktokcdn.com/tos-useast2a-avt-0068-euttp/9151fbcb485924f0a3797b32396a4510~tplv-tiktokx-cropcenter:1080:1080.jpeg?dr=14579&refresh_token=723b3224&x-expires=1752940800&x-signature=lEo4zT2YHDAlU16nPBG%2B%2Boik8nI%3D&t=4d5b0474&ps=13740610&shp=a5d48078&shcp=81f88b70&idc=maliva,Los Benevolianos,https://v16-webapp-prime.tiktok.com/video/tos/useast2a/tos-useast2a-ve-0068c001-euttp/oUrMQPGKZDAwR1WUAaFoDRmg7E0QKBlWIrffvE/?a=1988&bti=ODszNWYuMDE6&ch=0&cr=3&dr=0&lr=all&cd=0%7C0%7C0%7C&cv=1&br=1936&bt=968&cs=0&ds=3&ft=4fUEKMUm8Zmo04Uv5I4jVkQADpWrKsd.&mime_type=video_mp4&qs=0&rc=OmY5PGg3MzdmNGdlNjo8ZEBpajhxcG45cjl0czMzZjczM0BgNmFiNjZiXy4xLi0uNF8zYSMuaGovMmRjM2BgLS1kMWNzcw%3D%3D&btag=e00090000&expire=1752942898&l=20250718003328E8252316C9C9A41BD13D&ply_type=2&policy=2&signature=b839afcdefcc1063a99f4b0cfc6c5851&tk=tt_chain_token,https://www.tiktok.com/benevolianos/video/7375105541967711520,,44000,2694,3515,893800,parati‚foryou‚foryoupage‚fyp‚fypシ‚viral‚viralvideo‚songotleu‚mallorca‚vox‚jovenlandia,parati‚foryou‚foryoupage‚fyp‚fypシ‚Viral‚viralvideo‚songotleu‚mallorca‚vox‚jovenlandia,,,Vecinos de Son Gotleu (Mallorca) se manifiestan en contra de  los jovenlandeses,"Green Screen Video,Green Screen,Natural POSH",
zeeschuimer-export-tiktok.com-2025-07-18T17_45_41.302Z.csv,7478616807839075607,7478616807839075607,jovenlandeses.new,Jovenlandeses News,576,12000,859,https://p16-sign-useast2a.tiktokcdn.com/tos-useast2a-avt-0068-euttp/532f35c9f4f4c58af9d175ac1f6798e4~tplv-tiktokx-cropcenter:100:100.jpeg?dr=14579&refresh_token=21015f38&x-expires=1752940800&x-signature=n7dX%2BeXnYDtxcWPtBaBvfgG%2Bs5k%3D&t=4d5b0474&ps=13740610&shp=a5d48078&shcp=81f88b70&idc=maliva,,Thu Mar 06 2025,1741251173,no,no,sonido original,7478616812104452887,https://v16m.tiktokcdn.com/50ac9a020f2aadc074b493d3ca9b059f/687a776b/video/tos/no1a/tos-no1a-v-2370-no/o0EAJPfoQDsAnATeBTEEDXQLTYMgfkAbh8VNmI/?a=1233&bti=ODszNWYuMDE6&ch=0&cr=0&dr=0&er=0&lr=default&cd=0%7C0%7C0%7C0&br=250&bt=125&ds=5&ft=.NpOcInz7ThX0ywKXq8Zmo&mime_type=audio_mpeg&qs=13&rc=anltNnI5cnNweTMzbzU8NUBpanltNnI5cnNweTMzbzU8NUBec3AzMmRrMTFgLS1kMTFzYSNec3AzMmRrMTFgLS1kMTFzcw%3D%3D&vvpl=1&l=20250718003328E8252316C9C9A41BD13D&btag=e00078000&cc=3,https://p16-sign-useast2a.tiktokcdn.com/tos-useast2a-avt-0068-euttp/532f35c9f4f4c58af9d175ac1f6798e4~tplv-tiktokx-cropcenter:1080:1080.jpeg?dr=14579&refresh_token=6b7eb6ea&x-expires=1752940800&x-signature=7zlgbKOVO6CxZfg6no2Gg%2BZEjZY%3D&t=4d5b0474&ps=13740610&shp=a5d48078&shcp=81f88b70&idc=maliva,Jovenlandeses News,https://webapp-i18n.tiktok.com/84addca4f27425252290ad7ec8f3ceb1/687bc8eb/kmoat/mps/logo/v3/r/p/v24044gl0000cv4m4ovog65lfalrj7v0/c622ae2557ca4b769ab046d8d59404b6/58dfc07c0c005d9572a2587a5ea693b5/mp4/main.mp4?a=1988&bti=ODszNWYuMDE6&ch=0&cr=3&dr=0&lr=all&cd=0%7C0%7C0%7C&cv=1&br=0&bt=0&cs=0&ds=3&ft=4YBg3MUm8Zmo04Uv5I4jVkQADpWrKsd.&mime_type=video_mp4&qs=0&rc=cnF8b2hsc2d3SkBwaHIxaDFybndmOTc3ODs5M2Q5ZWQ6OGg1OUBpMzp1ZG85cnJweTMzbzczNUBjRl5Nc3FePmJKYSNvYF90aHFmOiNfLTZhYTFfNjQxYDIvXi9gYSNzZ2ljMmRzMTFgLS1kMTFzcw%3D%3D&btag=e000b8000&definition=720p&du=18&item_id=7478616807839075607&l=20250718003328E8252316C9C9A41BD13D&logo_type=tiktok_creator&ply_type=2&policy=eyJ2bSI6MiwiY2siOiJ0dF9jaGFpbl90b2tlbiJ9&sign_params=item_id%2Cuser_text&user_text=jovenlandeses.new,https://www.tiktok.com/jovenlandeses.new/video/7478616807839075607,,555,132,199,13900,,,,,,"Green Screen Video,Green Screen,Natural POSH",
zeeschuimer-export-tiktok.com-2025-07-18T17_45_41.302Z.csv,7525026201262394647,7525026201262394647,jovenlandeses.new,Jovenlandeses News,576,12000,859,https://p16-sign-useast2a.tiktokcdn.com/tos-useast2a-avt-0068-euttp/532f35c9f4f4c58af9d175ac1f6798e4~tplv-tiktokx-cropcenter:100:100.jpeg?dr=14579&refresh_token=21015f38&x-expires=1752940800&x-signature=n7dX%2BeXnYDtxcWPtBaBvfgG%2Bs5k%3D&t=4d5b0474&ps=13740610&shp=a5d48078&shcp=81f88b70&idc=maliva,,Wed Jul 09 2025,1752056698,no,no,sonido original,7525026189623216918,https://v16m.tiktokcdn.com/121fd6f6bfdd1ad3b8c744bf853390e2/687a776c/video/tos/no1a/tos-no1a-v-2370-no/osBvUAuEJk7fVNBpQgAkwEAbECtoNeDDb83FFB/?a=1233&bti=ODszNWYuMDE6&ch=0&cr=0&dr=0&er=0&lr=default&cd=0%7C0%7C0%7C0&br=250&bt=125&ds=5&ft=.NpOcInz7ThX0ywKXq8Zmo&mime_type=audio_mpeg&qs=13&rc=amlveHg5cnk3NDMzbzU8NUBpamlveHg5cnk3NDMzbzU8NUBoX21qMmQ0M2thLS1kMTFzYSNoX21qMmQ0M2thLS1kMTFzcw%3D%3D&vvpl=1&l=20250718003328E8252316C9C9A41BD13D&btag=e00078000&cc=3,https://p16-sign-useast2a.tiktokcdn.com/tos-useast2a-avt-0068-euttp/532f35c9f4f4c58af9d175ac1f6798e4~tplv-tiktokx-cropcenter:1080:1080.jpeg?dr=14579&refresh_token=6b7eb6ea&x-expires=1752940800&x-signature=7zlgbKOVO6CxZfg6no2Gg%2BZEjZY%3D&t=4d5b0474&ps=13740610&shp=a5d48078&shcp=81f88b70&idc=maliva,Jovenlandeses News,https://v16-webapp-prime.tiktok.com/video/tos/no1a/tos-no1a-ve-0068c001-no/oMuR8iAIyB0hN1CGQwvTAl30IfI8d8CiEsE1yF/?a=1988&bti=ODszNWYuMDE6&ch=0&cr=3&dr=0&lr=all&cd=0%7C0%7C0%7C&cv=1&br=294&bt=147&cs=0&ds=3&ft=4fUEKMUm8Zmo04Uv5I4jVkQADpWrKsd.&mime_type=video_mp4&qs=0&rc=aWVpOjs6aDo3OmdmMzk7NkBpajtxbnY5cng3NDMzbzczNUBfNS1jYGEzNTAxNTVeMWJhYSM1NXJiMmRjM2thLS1kMTFzcw%3D%3D&btag=e000b8000&expire=1752942829&l=20250718003328E8252316C9C9A41BD13D&ply_type=2&policy=2&signature=eb3cab5a43bef1bd241ad70152d799f7&tk=tt_chain_token,https://www.tiktok.com/jovenlandeses.new/video/7525026201262394647,,37,0,0,225,,,,,,"Green Screen,Natural POSH,Green Screen Video",
zeeschuimer-export-tiktok.com-2025-07-18T17_45_41.302Z.csv,7468408407746268438,7468408407746268438,tengo.cosas.raras,tengo.cosas.raras,4986,132,257,https://p16-common-sign-useastred.tiktokcdn-eu.com/tos-useast2a-avt-0068-euttp/4f9bfbbc78a73fb8229f8213b6ff8286~tplv-tiktokx-cropcenter:100:100.jpeg?dr=14579&refresh_token=517f9404&x-expires=1752940800&x-signature=O6ZnNCu2FdpXLm3cHBnlzJdAelY%3D&t=4d5b0474&ps=13740610&shp=a5d48078&shcp=81f88b70&idc=maliva,#elraval #raval #segarro #amego #jovenlandia ,Thu Feb 06 2025,1738874341,no,no,Smalltown Boy,7348316829636479786,https://sf16-ies-music-va.tiktokcdn.com/obj/tos-useast2a-ve-2774/ocl8zXCfFMezEMXdwwMD97eKmqQasNngAYCzgZ,https://p16-amd-va.tiktokcdn.com/img/tos-useast2a-v-2774/oIpU8AAnzDA1N0sYA4iiwnBiWbBsTXAEExfboC~c5_720x720.jpeg,Bronski Beat,https://v16-webapp-prime.tiktok.com/video/tos/no1a/tos-no1a-ve-0068-no/oIEiXQZcVVIBYOG4EtIhB8v6BAhXi4BYF0ZUE/?a=1988&bti=ODszNWYuMDE6&ch=0&cr=3&dr=0&lr=all&cd=0%7C0%7C0%7C&cv=1&br=2760&bt=1380&cs=0&ds=3&ft=4fUEKMUm8Zmo04Uv5I4jVkQADpWrKsd.&mime_type=video_mp4&qs=0&rc=NGVnMzY8Ojs5OjQ6NzRpM0BpMztxaG45cnJreDMzbzczNUAtYF4yYF9gXl4xL2ExYl5fYSMwbDI0MmRrbWZgLS1kMTFzcw%3D%3D&btag=e000b0000&expire=1752942814&l=20250718003328E8252316C9C9A41BD13D&ply_type=2&policy=2&signature=995627c4d17f3f0c09c83746f430f6c9&tk=tt_chain_token,https://www.tiktok.com/tengo.cosas.raras/video/7468408407746268438,,2337,100,245,63800,elraval‚raval‚segarro‚amego‚jovenlandia,elraval‚raval‚segarro‚amego‚jovenlandia,,,En esta parte de Barcelona  juegas en modo supervivencia ,"Green Screen Video,Green Screen,Natural POSH",
zeeschuimer-export-tiktok.com-2025-07-18T17_45_41.302Z.csv,7289377725238791456,7289377725238791456,soyunmonor,Soy Un Mono,172200,1594,851,https://p16-common-sign-useastred.tiktokcdn-eu.com/tos-useast2a-avt-0068-giso/dd0b1a20eca48c4525ce92b9f877803c~tplv-tiktokx-cropcenter:100:100.jpeg?dr=14579&refresh_token=d7a3595c&x-expires=1752940800&x-signature=YiFtRnpv2BWY2woAA9dzYwE4jM0%3D&t=4d5b0474&ps=13740610&shp=a5d48078&shcp=81f88b70&idc=maliva,#ysi #disney #pixar #estrenos #parodia #Meme #fyp #Viral #parati #paratii #paratiiiiiiiiiiiiiiiiiiiiiiiiiiiiiii #soyunmono #dibujosanimados #dibujos #jovenlandia #jovenes ,Fri Oct 13 2023,1697190514,no,no,sonido original,7289377739839245089,https://v16m.tiktokcdn.com/8a7781efc1e7614f25a4810540536fd2/687a7760/video/tos/useast2a/tos-useast2a-v-2370-euttp/o8BhAnzpOiyEtAOANAzIIE5cnlEEhkfoAJjK9T/?a=1233&bti=ODszNWYuMDE6&ch=0&cr=0&dr=0&er=0&lr=default&cd=0%7C0%7C0%7C0&br=250&bt=125&ds=5&ft=.NpOcInz7ThX0ywKXq8Zmo&mime_type=audio_mpeg&qs=13&rc=am1mN2c6ZnZrbjMzZjU8M0Bpam1mN2c6ZnZrbjMzZjU8M0ByZXBlcjRvMWhgLS1kMWNzYSNyZXBlcjRvMWhgLS1kMWNzcw%3D%3D&vvpl=1&l=20250718003328E8252316C9C9A41BD13D&btag=e00070000&cc=3,https://p16-common-sign-useastred.tiktokcdn-eu.com/tos-useast2a-avt-0068-giso/dd0b1a20eca48c4525ce92b9f877803c~tplv-tiktokx-cropcenter:1080:1080.jpeg?dr=14579&refresh_token=287f605a&x-expires=1752940800&x-signature=XE9DYvYNR7Be0F1MQdt7wSKHLws%3D&t=4d5b0474&ps=13740610&shp=a5d48078&shcp=81f88b70&idc=maliva,Soy Un Mono,https://webapp-i18n.tiktok.com/0cbd551472223be86bda99dee55a9c72/687bc8e0/kmoat/mps/logo/v2/r/p/v0f044gc0000ckkh4hjc77ueealc166g/3d1dd98961af41209ed80c1dfb36eca6/4812776e46c037c7f7396f9220aa85af/mp4/main.mp4?a=1988&bti=ODszNWYuMDE6&ch=0&cr=3&dr=0&lr=all&cd=0%7C0%7C0%7C&cv=1&br=0&bt=0&cs=0&ds=3&eid=1286&ft=4YBg3MUm8Zmo04Uv5I4jVkQADpWrKsd.&mime_type=video_mp4&qs=0&rc=cnF8b2hsc2d3SkBwaHIxaDFybndmOWY5ZWdmO2gzNGk0PDxnZ0BpajlmZGg6ZmtrbjMzZjczM0BjRl5Nc3FePmJKYSNvYF90aHFmOiNeYjBjLi1hNi8xXjM1YS4wYSMzLmlicjRnMWhgLS1kMWNzcw%3D%3D&btag=e000b0000&definition=720p&du=8&item_id=7289377725238791456&l=20250718003328E8252316C9C9A41BD13D&logo_type=tiktok_m&ply_type=2&policy=eyJ2bSI6MiwiY2siOiJ0dF9jaGFpbl90b2tlbiJ9&user_text=soyunmonor,https://www.tiktok.com/soyunmonor/video/7289377725238791456,,197,4,13,11300,ysi‚disney‚pixar‚estrenos‚parodia‚meme‚fyp‚viral‚parati‚paratii‚paratiiiiiiiiiiiiiiiiiiiiiiiiiiiiiii‚soyunmono‚dibujosanimados‚dibujos‚jovenlandia‚jovenes,ysi‚disney‚pixar‚estrenos‚parodia‚Meme‚fyp‚Viral‚parati‚paratii‚paratiiiiiiiiiiiiiiiiiiiiiiiiiiiiiii‚soyunmono‚dibujosanimados‚dibujos‚jovenlandia‚jovenes,,,¿Y SI... ?  PARTE 9,"Green Screen Video,Green Screen,Natural POSH",
zeeschuimer-export-tiktok.com-2025-07-18T17_45_41.302Z.csv,7493327226402884886,7493327226402884886,divergentedigitaloficial,Divergente Digital,85100,797,1249,https://p16-sign-useast2a.tiktokcdn.com/tos-useast2a-avt-0068-euttp/6d2bf74c23199840bbb354dcad17db50~tplv-tiktokx-cropcenter:100:100.jpeg?dr=14579&refresh_token=d37dfb42&x-expires=1752940800&x-signature=LfyvKiA3thGOBSei1s%2Fgwen5ZCM%3D&t=4d5b0474&ps=13740610&shp=a5d48078&shcp=81f88b70&idc=maliva,EXHIBICIÓN JOVENLANDESA EN LAS VERÓNICAS‚ TENERIFE 🚨,Tue Apr 15 2025,1744720200,no,no,sonido original - Divergente Digital,7493327236697672470,https://v77.tiktokcdn.com/4335d735b7c7386acec8552c31087e75/687a77a6/video/tos/no1a/tos-no1a-v-2370-no/oUEOJBMhIsSfYMr9QfLAfYtTgMFrcpeD0Jkeqw/?a=1233&bti=ODszNWYuMDE6&ch=0&cr=0&dr=0&er=0&lr=default&cd=0%7C0%7C0%7C0&br=250&bt=125&ft=.NpOcInz7ThX0ywKXq8Zmo&mime_type=audio_mpeg&qs=6&rc=O2Q2OTo7NWZmaDs7aTw4N0BpM3Y4aXI5cnl0eTMzbzU8NUAuNWIxNjBgXzYxLWFeXmAvYSNgM21fMmRrXnJgLS1kMTFzcw%3D%3D&vvpl=1&l=20250718003328E8252316C9C9A41BD13D&btag=e00090000&cc=13,https://p16-sign-useast2a.tiktokcdn.com/tos-useast2a-avt-0068-euttp/6d2bf74c23199840bbb354dcad17db50~tplv-tiktokx-cropcenter:1080:1080.jpeg?dr=14579&refresh_token=4371e593&x-expires=1752940800&x-signature=b0WOH5siCxKIrZn2Xq23T3FXO3E%3D&t=4d5b0474&ps=13740610&shp=a5d48078&shcp=81f88b70&idc=maliva,Divergente Digital,https://v16-webapp-prime.tiktok.com/video/tos/no1a/tos-no1a-ve-0068-no/o4YsQeLqbAgfIWG9sgGAIV9NsGfApMfSQpIAei/?a=1988&bti=ODszNWYuMDE6&ch=0&cr=3&dr=0&lr=all&cd=0%7C0%7C0%7C&cv=1&br=1738&bt=869&cs=0&ds=3&ft=4fUEKMUm8Zmo04Uv5I4jVkQADpWrKsd.&mime_type=video_mp4&qs=0&rc=ZmY3NWc3ZDppZmg3ZTs3ZUBpajgzcm05cnF0eTMzbzgzNUAwMWIwLS0xNjUxMS1gNjZjYSNrai01MmRzXnJgLS1kLzFzcw%3D%3D&btag=e00090000&expire=1752942886&l=20250718003328E8252316C9C9A41BD13D&ply_type=2&policy=2&signature=5abebd594791d9128709c7c9fdf2720c&tk=tt_chain_token,https://www.tiktok.com/divergentedigitaloficial/video/7493327226402884886,,8200,578,956,173600,,,,,,"Green Screen Video,Green Screen,Natural POSH",
zeeschuimer-export-tiktok.com-2025-07-18T17_45_41.302Z.csv,7516869368966302998,7516869368966302998,sinmiedo2030_,2030sinmiedo,2413,8415,4,https://p77-sign-va.tiktokcdn.com/tos-maliva-avt-0068/5863646c749e6f27801a449e38c0c4a0~tplv-tiktokx-cropcenter:100:100.jpeg?dr=14579&refresh_token=83ce5245&x-expires=1752940800&x-signature=BPLSbIL09BMKX%2FJhU1UGZoqKSIY%3D&t=4d5b0474&ps=13740610&shp=a5d48078&shcp=81f88b70&idc=maliva,@Antonio Masmas #jan2030 #jovenlandeses #analistasociogeografia #parati ,Tue Jun 17 2025,1750157539,no,no,sonido original,7516869390109854486,https://v77.tiktokcdn.com/66b4b32045bcaf190a73ba76bb40fec1/687a779a/video/tos/no1a/tos-no1a-v-2370-no/o0CiOAaIQlZAYTjSHhEABoPFlARwi7BBS5ZFE/?a=1233&bti=ODszNWYuMDE6&ch=0&cr=0&dr=0&er=0&lr=default&cd=0%7C0%7C0%7C0&br=250&bt=125&ds=5&ft=.NpOcInz7Th70ywKXq8Zmo&mime_type=audio_mpeg&qs=13&rc=anM5bnM5cnVuNDMzbzU8NUBpanM5bnM5cnVuNDMzbzU8NUBlZGg2MmQ0ZTVhLS1kMTFzYSNlZGg2MmQ0ZTVhLS1kMTFzcw%3D%3D&vvpl=1&l=202507180033328BC4AC1747C1591D5913&btag=e00050000&cc=13,https://p77-sign-va.tiktokcdn.com/tos-maliva-avt-0068/5863646c749e6f27801a449e38c0c4a0~tplv-tiktokx-cropcenter:1080:1080.jpeg?dr=14579&refresh_token=a0a72b7d&x-expires=1752940800&x-signature=qmaSUcLRQNqxF8tLiY1lQYOAG9o%3D&t=4d5b0474&ps=13740610&shp=a5d48078&shcp=81f88b70&idc=maliva,2030sinmiedo,https://v16-webapp-prime.tiktok.com/video/tos/no1a/tos-no1a-ve-0068c001-no/oQCGrYIwyzAiciKSNQI2zKf4IQBKCADEyQP0vR/?a=1988&bti=ODszNWYuMDE6&ch=0&cr=3&dr=0&lr=all&cd=0%7C0%7C0%7C&cv=1&br=836&bt=418&cs=0&ds=3&ft=4fUEKMUm8Zmo0mUv5I4jVfHf-pWrKsd.&mime_type=video_mp4&qs=0&rc=ZTk0OTRlNjQ4ZWY2OjM1aUBpM3B1eG05cmZuNDMzbzczNUBjNmFfYzNiNWMxMTRiYTJjYSNiMi1rMmRjZDVhLS1kMTFzcw%3D%3D&btag=e00090000&expire=1752942874&l=202507180033328BC4AC1747C1591D5913&ply_type=2&policy=2&signature=c5a644f90f86eaf35997933e5a756bf6&tk=tt_chain_token,https://www.tiktok.com/sinmiedo2030_/video/7516869368966302998,,5495,639,233,107800,jan2030‚jovenlandeses‚analistasociogeografia‚parati,jan2030‚jovenlandeses‚analistasociogeografia‚parati,,,|,"Teleprompter,hdxiy,Dark Preset",
zeeschuimer-export-tiktok.com-2025-07-18T17_45_41.302Z.csv,7377811486787357985,7377811486787357985,benevolianos,Los Benevolianos,18700,5393,66,https://p16-sign-useast2a.tiktokcdn.com/tos-useast2a-avt-0068-euttp/9151fbcb485924f0a3797b32396a4510~tplv-tiktokx-cropcenter:100:100.jpeg?dr=14579&refresh_token=90af40e7&x-expires=1752940800&x-signature=lZzLo7UqNUpEHqFWCgw3dDZRjt8%3D&t=4d5b0474&ps=13740610&shp=a5d48078&shcp=81f88b70&idc=maliva,Hartos de las inseguridades en las calles! Primero los españoles! #parati #foryou #foryoupage #fyp #fypシ #vox #viralvideo #podcast #viralvideo #podcast #hazmeviral #okupas #jovenlandia ,Fri Jun 07 2024,1717780606,no,no,sonido original,7377816688828058401,https://v77.tiktokcdn.com/6a33c702ecfdcdcff14c59c63dd02e23/687a77b0/video/tos/useast2a/tos-useast2a-v-2370-euttp/ogTjEjiHA8nYl9gjhABBEKM2EozoRABKAaivft/?a=1233&bti=ODszNWYuMDE6&ch=0&cr=0&dr=0&er=0&lr=default&cd=0%7C0%7C0%7C0&br=250&bt=125&ds=5&ft=.NpOcInz7Th70ywKXq8Zmo&mime_type=audio_mpeg&qs=13&rc=and4aXA5cmZuczMzZjU8M0Bpand4aXA5cmZuczMzZjU8M0BlNDJoMmRjXmVgLS1kMWNzYSNlNDJoMmRjXmVgLS1kMWNzcw%3D%3D&vvpl=1&l=202507180033328BC4AC1747C1591D5913&btag=e00050000&cc=13,https://p16-sign-useast2a.tiktokcdn.com/tos-useast2a-avt-0068-euttp/9151fbcb485924f0a3797b32396a4510~tplv-tiktokx-cropcenter:1080:1080.jpeg?dr=14579&refresh_token=723b3224&x-expires=1752940800&x-signature=lEo4zT2YHDAlU16nPBG%2B%2Boik8nI%3D&t=4d5b0474&ps=13740610&shp=a5d48078&shcp=81f88b70&idc=maliva,Los Benevolianos,https://v16-webapp-prime.tiktok.com/video/tos/useast2a/tos-useast2a-ve-0068-euttp/oASMxQDWIGEEEVkVfIAgEc8FknjXzfqeJRAjeQ/?a=1988&bti=ODszNWYuMDE6&ch=0&cr=3&dr=0&lr=all&cd=0%7C0%7C0%7C&cv=1&br=972&bt=486&cs=0&ds=3&ft=4fUEKMUm8Zmo0mUv5I4jVfHf-pWrKsd.&mime_type=video_mp4&qs=0&rc=OWk1aDk3NTRmaTs5OTRpZUBpam87NWw5cjhtczMzZjczM0BjLTYwNmFeNV4xNmE1NTJgYSNjal4tMmRzc2VgLS1kMWNzcw%3D%3D&btag=e00090000&expire=1752942896&l=202507180033328BC4AC1747C1591D5913&ply_type=2&policy=2&signature=7cfe11bf4d2d6c1d6a288b37655422f5&tk=tt_chain_token,https://www.tiktok.com/benevolianos/video/7377811486787357985,,24100,1275,2035,440400,parati‚foryou‚foryoupage‚fyp‚fypシ‚vox‚viralvideo‚podcast‚viralvideo‚podcast‚hazmeviral‚okupas‚jovenlandia,parati‚foryou‚foryoupage‚fyp‚fypシ‚vox‚viralvideo‚Podcast‚hazmeviral‚okupas‚jovenlandia,,,Los vecinos están hartos de la inseguridad en las calles‚Inseguridad en las calles,"Teleprompter,hdxiy,Dark Preset",
zeeschuimer-export-tiktok.com-2025-07-18T17_45_41.302Z.csv,7349074036279774497,7349074036279774497,verdad_verdaderaaa,🅅🄴🅁🄳🄰🄳🅅🄴🅁🄳🄰🄳🄴🅁🄰,116300,2292,2456,https://p16-sign-useast2a.tiktokcdn.com/tos-useast2a-avt-0068-euttp/d6ce180df92606010f5515e0121cc2c7~tplv-tiktokx-cropcenter:100:100.jpeg?dr=14579&refresh_token=4ac75a89&x-expires=1752940800&x-signature=Tw%2F1CCSEVQWjj8SjgDKQm2%2BIAbY%3D&t=4d5b0474&ps=13740610&shp=a5d48078&shcp=81f88b70&idc=maliva,#like #verdadverdadera #Viral ,Fri Mar 22 2024,1711089655,no,no,sonido original,7349074106972441376,https://v77.tiktokcdn.com/347b86c1c5e6097142874e511feea02d/687a77c9/video/tos/useast2a/tos-useast2a-v-2370-euttp/oURxDlCfAe0Af6efDApfipPABKUxABPLPZeqJQe/?a=1233&bti=ODszNWYuMDE6&ch=0&cr=0&dr=0&er=0&lr=default&cd=0%7C0%7C0%7C0&br=250&bt=125&ds=5&ft=.NpOcInz7Th70ywKXq8Zmo&mime_type=audio_mpeg&qs=13&rc=anZrdGw5cnhscTMzZjU8M0BpanZrdGw5cnhscTMzZjU8M0BoY14wMmRzY3JgLS1kMWNzYSNoY14wMmRzY3JgLS1kMWNzcw%3D%3D&vvpl=1&l=202507180033328BC4AC1747C1591D5913&btag=e00050000&cc=13,https://p16-sign-useast2a.tiktokcdn.com/tos-useast2a-avt-0068-euttp/d6ce180df92606010f5515e0121cc2c7~tplv-tiktokx-cropcenter:1080:1080.jpeg?dr=14579&refresh_token=a046b38d&x-expires=1752940800&x-signature=UPzF4SDgF50BJyd5cdqjYYQkCbQ%3D&t=4d5b0474&ps=13740610&shp=a5d48078&shcp=81f88b70&idc=maliva,🅅🄴🅁🄳🄰🄳🅅🄴🅁🄳🄰🄳🄴🅁🄰,,https://www.tiktok.com/verdad_verdaderaaa/video/7349074036279774497,,166,11,8,19600,like‚verdadverdadera‚viral,like‚verdadverdadera‚Viral,,,Pregunta a la directora de contenidos de la Cadena SER‚¿Qué es un jovenlandés?,"Dark Preset,Teleprompter,hdxiy",
zeeschuimer-export-tiktok.com-2025-07-18T17_45_41.302Z.csv,7527568091178388758,7527568091178388758,urko_25,urko_25 🍞,1217,57500,219,https://p77-sign-va.tiktokcdn.com/tos-maliva-avt-0068/6787f0d03154b7d9dac98eb491923133~tplv-tiktokx-cropcenter:100:100.jpeg?dr=14579&refresh_token=3a8b07db&x-expires=1752940800&x-signature=ZB01Xhn5jB4GvDvsjL9Hwxm%2FBUw%3D&t=4d5b0474&ps=13740610&shp=a5d48078&shcp=81f88b70&idc=maliva,Supertecnicas de Sam jovenlandes parte 2 #parati #fyp #urko_25 #rematch  #inazumaeleven ,Wed Jul 16 2025,1752669000,no,no,original sound - urko_25 🍞,7527568070118869782,https://v77.tiktokcdn.com/de0a46d50c5838f6676c623d551e94b7/687a7778/video/tos/no1a/tos-no1a-v-2370-no/os9JDEgJIBoGM9U1MB36nkFxfdqLSFf0kSCitW/?a=1233&bti=ODszNWYuMDE6&ch=0&cr=0&dr=0&er=0&lr=default&cd=0%7C0%7C0%7C0&br=250&bt=125&ft=.NpOcInz7Th70ywKXq8Zmo&mime_type=audio_mpeg&qs=6&rc=aDs7ODM3Zjw7Omk4ZjM5OUBpMzo3aWw5cm9uNDMzbzU8NUA0Xi5jMmNiNmExNS0wXzY1YSNpbW0tMmRram9hLS1kMTFzcw%3D%3D&vvpl=1&l=202507180033328BC4AC1747C1591D5913&btag=e000b8000&cc=13,https://p77-sign-va.tiktokcdn.com/tos-maliva-avt-0068/6787f0d03154b7d9dac98eb491923133~tplv-tiktokx-cropcenter:1080:1080.jpeg?dr=14579&refresh_token=5ababa9f&x-expires=1752940800&x-signature=Qw675ozVi9jUX6m6YOSMgTw552I%3D&t=4d5b0474&ps=13740610&shp=a5d48078&shcp=81f88b70&idc=maliva,urko_25 🍞,https://v16-webapp-prime.tiktok.com/video/tos/no1a/tos-no1a-ve-0068-no/oomrIk4e8DATuzGRC0FmFVoQFCkgIBJdEyfp3E/?a=1988&bti=ODszNWYuMDE6&ch=0&cr=3&dr=0&lr=all&cd=0%7C0%7C0%7C&cv=1&br=3114&bt=1557&cs=0&ds=3&ft=4fUEKMUm8Zmo0mUv5I4jVfHf-pWrKsd.&mime_type=video_mp4&qs=0&rc=PDQ0Nzg4ZWZpaWU5NjVlZ0BpMztkZm05cnluNDMzbzgzNUA2M15gMi02X2ExYy42YjY1YSNwNXJjMmQ0aW9hLS1kLzFzcw%3D%3D&btag=e000b8000&expire=1752942840&l=202507180033328BC4AC1747C1591D5913&ply_type=2&policy=2&signature=619b66665bec836886563fb33398e16e&tk=tt_chain_token,https://www.tiktok.com/urko_25/video/7527568091178388758,,15200,113,5056,155500,parati‚fyp‚urko_25‚rematch‚inazumaeleven,parati‚fyp‚urko_25‚rematch‚inazumaeleven,,,,"Teleprompter,hdxiy,Dark Preset",
zeeschuimer-export-tiktok.com-2025-07-18T17_45_41.302Z.csv,7385581901286886688,7385581901286886688,eljovenlandes_es,ElJovenlandes,286,1,41,https://p16-sign-useast2a.tiktokcdn.com/tos-useast2a-avt-0068-euttp/fb73c738eb3e2c47e09d7bddba501c14~tplv-tiktokx-cropcenter:100:100.jpeg?dr=14579&refresh_token=a04ca976&x-expires=1752940800&x-signature=ata2hC%2F4s8KLjX7QUld5jYVfQto%3D&t=4d5b0474&ps=13740610&shp=a5d48078&shcp=81f88b70&idc=maliva,🍅 ANDREA COLÁS‚ famosa por su dieta de recorte‚ NOS EXPLICA COMO SU PRIMA LA COSIÓ A GOLPES POR UNA CAJA DE TOMATES 🍅,Fri Jun 28 2024,1719589796,no,no,sonido original,7385581939245861665,https://v77.tiktokcdn.com/9aaeb269d2c440cdd39748100007f5a8/687a7782/video/tos/useast2a/tos-useast2a-v-2370-euttp/o0fqeZmEGAEEANgKmhDseMI6fIAuS2TGtFsoDK/?a=1233&bti=ODszNWYuMDE6&ch=0&cr=0&dr=0&er=0&lr=default&cd=0%7C0%7C0%7C0&br=250&bt=125&ds=5&ft=.NpOcInz7Th70ywKXq8Zmo&mime_type=audio_mpeg&qs=13&rc=M3Bua205cjxnczMzZjU8M0BpM3Bua205cjxnczMzZjU8M0BfYV4vMmRra3NgLS1kMWNzYSNfYV4vMmRra3NgLS1kMWNzcw%3D%3D&vvpl=1&l=202507180033328BC4AC1747C1591D5913&btag=e00048000&cc=13,https://p16-sign-useast2a.tiktokcdn.com/tos-useast2a-avt-0068-euttp/fb73c738eb3e2c47e09d7bddba501c14~tplv-tiktokx-cropcenter:1080:1080.jpeg?dr=14579&refresh_token=63242b4d&x-expires=1752940800&x-signature=BPzOWe72Oy7%2FNGUonRbwici92KQ%3D&t=4d5b0474&ps=13740610&shp=a5d48078&shcp=81f88b70&idc=maliva,ElJovenlandes,https://webapp-i18n.tiktok.com/1ea6baf7abe74428955744431745d51d/687bc902/kmoat/mps/logo/v2/r/p/v0f044gc0000cpvdmt7og65kgrdhtpv0/83001ff02c2044f7a567cdca423f871a/3195f10aa3fa6449f819016572e4244b/mp4/main.mp4?a=1988&bti=ODszNWYuMDE6&ch=0&cr=3&dr=0&lr=all&cd=0%7C0%7C0%7C&cv=1&br=0&bt=0&cs=0&ds=3&eid=1286&ft=4YBg3MUm8Zmo0mUv5I4jVfHf-pWrKsd.&mime_type=video_mp4&qs=0&rc=cnF8b2hsc2d3SkBwaHIxaDFybndmZDppNWRnOjg6NzNmM2kzNkBpM3NrdW45cndnczMzZjczM0BjRl5Nc3FePmJKYSNvYF90aHFmOiMuNTAxYGAzXmMxLy9jLi01YSNzcWFkMmQ0anNgLS1kMWNzcw%3D%3D&btag=e00088000&definition=720p&du=38&item_id=7385581901286886688&l=202507180033328BC4AC1747C1591D5913&logo_type=tiktok_m&ply_type=2&policy=eyJ2bSI6MiwiY2siOiJ0dF9jaGFpbl90b2tlbiJ9&user_text=eljovenlandes_es,https://www.tiktok.com/eljovenlandes_es/video/7385581901286886688,,66,16,56,4065,,,,,,"hdxiy,Dark Preset,Teleprompter",
zeeschuimer-export-tiktok.com-2025-07-18T17_45_41.302Z.csv,7428331822662028577,7428331822662028577,jovenlandeses.new,Jovenlandeses News,576,12000,859,https://p16-sign-useast2a.tiktokcdn.com/tos-useast2a-avt-0068-euttp/532f35c9f4f4c58af9d175ac1f6798e4~tplv-tiktokx-cropcenter:100:100.jpeg?dr=14579&refresh_token=21015f38&x-expires=1752940800&x-signature=n7dX%2BeXnYDtxcWPtBaBvfgG%2Bs5k%3D&t=4d5b0474&ps=13740610&shp=a5d48078&shcp=81f88b70&idc=maliva,,Mon Oct 21 2024,1729543285,no,no,sonido original,7428331832839195425,https://v77.tiktokcdn.com/a3256aebbef322bf7b872a6d7231145c/687a7794/video/tos/useast2a/tos-useast2a-v-2370-euttp/oseOYyTAohGLJWpIivLjxEAHG1AiEgEHXeAeeE/?a=1233&bti=ODszNWYuMDE6&ch=0&cr=0&dr=0&er=0&lr=default&cd=0%7C0%7C0%7C0&br=250&bt=125&ds=5&ft=.NpOcInz7Th70ywKXq8Zmo&mime_type=audio_mpeg&qs=13&rc=anhtbms5cnhldjMzZjU8M0Bpanhtbms5cnhldjMzZjU8M0BuZjVzMmQ0bF9gLS1kMWNzYSNuZjVzMmQ0bF9gLS1kMWNzcw%3D%3D&vvpl=1&l=202507180033328BC4AC1747C1591D5913&btag=e00048000&cc=13,https://p16-sign-useast2a.tiktokcdn.com/tos-useast2a-avt-0068-euttp/532f35c9f4f4c58af9d175ac1f6798e4~tplv-tiktokx-cropcenter:1080:1080.jpeg?dr=14579&refresh_token=6b7eb6ea&x-expires=1752940800&x-signature=7zlgbKOVO6CxZfg6no2Gg%2BZEjZY%3D&t=4d5b0474&ps=13740610&shp=a5d48078&shcp=81f88b70&idc=maliva,Jovenlandeses News,https://v16-webapp-prime.tiktok.com/video/tos/useast2a/tos-useast2a-ve-0068c001-euttp/oM9MEDAFnQDzARgQLFEF8xIrDAfoDfABPhvntW/?a=1988&bti=ODszNWYuMDE6&ch=0&cr=3&dr=0&lr=all&cd=0%7C0%7C0%7C&br=1646&bt=823&cs=0&ds=3&ft=4fUEKMUm8Zmo0mUv5I4jVfHf-pWrKsd.&mime_type=video_mp4&qs=0&rc=ZDs2OzM3NTo6NzQ8ZWdmOUBpM3h1d3M5cnRldjMzZjczM0BiMGBjNV5gNV4xNS41Y2EyYSMtNGtmMmQ0bF9gLS1kMWNzcw%3D%3D&btag=e00088000&expire=1752942868&l=202507180033328BC4AC1747C1591D5913&ply_type=2&policy=2&signature=5a6946025baed400191192b4ecee8e4e&tk=tt_chain_token,https://www.tiktok.com/jovenlandeses.new/video/7428331822662028577,,318,79,61,32600,,,,,,"Teleprompter,hdxiy,Dark Preset",
zeeschuimer-export-tiktok.com-2025-07-18T17_45_41.302Z.csv,7436865462677376289,7436865462677376289,alexmk3.5,alexmk3.5,354,2993,119,https://p16-common-sign-useastred.tiktokcdn-eu.com/tos-useast2a-avt-0068-euttp/cfc9fcdfaf18e29faedd40f15f4bbc1d~tplv-tiktokx-cropcenter:100:100.jpeg?dr=14579&refresh_token=311560a2&x-expires=1752940800&x-signature=tLgBbJutIVSbcqToaHoxScob5sY%3D&t=4d5b0474&ps=13740610&shp=a5d48078&shcp=81f88b70&idc=maliva,#CapCut #gym #humor #fyp #hombros #viral #parati #gymrat #gymtok #jovenlandia #robo ,Wed Nov 13 2024,1731530177,no,no,PELIGROSA,7383435917124258565,https://sf16-ies-music-va.tiktokcdn.com/obj/tos-useast2a-ve-2774/oEDwIoiBhEfAD2bFOzBIWgFMBhitjsBZJJALGw,https://p16-amd-va.tiktokcdn.com/img/tos-useast2a-v-2774/oA0qOKw9fBE04oDKABszLBA79iAoiWApyXAE60~c5_720x720.jpeg,FloyyMenor,https://v16-webapp-prime.tiktok.com/video/tos/useast2a/tos-useast2a-ve-0068-euttp/o8z1ghMiGgIsQEiIWAizAX0BoUn1DhzKfomCIy/?a=1988&bti=ODszNWYuMDE6&ch=0&cr=3&dr=0&lr=all&cd=0%7C0%7C0%7C&cv=1&br=2586&bt=1293&cs=0&ds=3&ft=4fUEKMUm8Zmo0mUv5I4jVfHf-pWrKsd.&mime_type=video_mp4&qs=0&rc=OjU5aDc4N2c2aDo4OjgzaUBpM21qcmw5cmpqdjMzZjczM0AvX19fLmIyNWAxL2EyNDUwYSNeZTJkMmRjYG5gLS1kMWNzcw%3D%3D&btag=e000b8000&expire=1752942832&l=202507180033328BC4AC1747C1591D5913&ply_type=2&policy=2&signature=cc8a314ba3308939e23828f724697338&tk=tt_chain_token,https://www.tiktok.com/alexmk3.5/video/7436865462677376289,,29,0,0,641,capcut‚gym‚humor‚fyp‚hombros‚viral‚parati‚gymrat‚gymtok‚jovenlandia‚robo,CapCut‚Gym‚humor‚fyp‚hombros‚Viral‚parati‚gymrat‚gymtok‚jovenlandia‚robo,,,Este ejercicio te da unas sensaciones brutales en los hombros ‚Tu movil ya esta en jovenlandia‚Pero te roban el movil y hasta que te desatas tu de todo lo montado,"Teleprompter,hdxiy,Dark Preset",
zeeschuimer-export-tiktok.com-2025-07-18T17_45_41.302Z.csv,7280705636877356293,7280705636877356293,joven.landas,Joven Landas,2,3,3,https://p16-sign-va.tiktokcdn.com/tos-maliva-avt-0068/7263354883330768902~tplv-tiktokx-cropcenter:100:100.jpeg?dr=14579&refresh_token=364ce527&x-expires=1752940800&x-signature=phcc3EqSmGWU7NOExA7hsiZawxU%3D&t=4d5b0474&ps=13740610&shp=a5d48078&shcp=81f88b70&idc=maliva,Dong pasayloa ko dong🥺,Wed Sep 20 2023,1695171384,no,no,Gihiloan sa bana ang asawa.,7027700725647969050,https://v77.tiktokcdn.com/110280e93c2cf6ec286e7480eb17056c/687a7771/video/tos/useast2a/tos-useast2a-v-27dcd7-aiso/2006796a95404fad837616a666a810a0/?a=1233&bti=ODszNWYuMDE6&ch=0&cr=0&dr=0&er=0&lr=default&cd=0%7C0%7C0%7C0&br=252&bt=126&ds=5&ft=.NpOcInz7Th70ywKXq8Zmo&mime_type=video_mp4&qs=13&rc=MzNvazs6ZjlwOTMzZjU8M0BpMzNvazs6ZjlwOTMzZjU8M0Bqbm81cjRnZTBgLS1kMWNzYSNqbm81cjRnZTBgLS1kMWNzcw%3D%3D&vvpl=1&l=202507180033328BC4AC1747C1591D5913&btag=e00078000&cc=13,https://p16-sign-sg.tiktokcdn.com/tos-alisg-avt-0068/a42bffc24c1237f10324d877ab35bb72~tplv-tiktokx-cropcenter:1080:1080.jpeg?dr=14579&refresh_token=5545db1d&x-expires=1752940800&x-signature=vyf70mAuI%2FCXr2e3jlyUND1BFdI%3D&t=4d5b0474&ps=13740610&shp=a5d48078&shcp=81f88b70&idc=maliva,Junex Vlog,https://v16-webapp-prime.tiktok.com/video/tos/useast2a/tos-useast2a-ve-0068c004/ow6QfBbDbQCdl1bJ9EBHRmA4BbIgeuECnFokxI/?a=1988&bti=ODszNWYuMDE6&ch=0&cr=3&dr=0&lr=all&cd=0%7C0%7C0%7C&br=1124&bt=562&cs=0&ds=3&ft=4fUEKMUm8Zmo0mUv5I4jVfHf-pWrKsd.&mime_type=video_mp4&qs=0&rc=N2U7aDw7ODo0PDY8ZDM2Z0Bpanl3ZTU6Znc3bjMzNzczM0AvMTAyMzIzXl4xNmMtXy1hYSNhM2JzcjRfMDJgLS1kMTZzcw%3D%3D&btag=e000b8000&expire=1752942828&l=202507180033328BC4AC1747C1591D5913&ply_type=2&policy=2&signature=74b223f9372a5523919e5eff1f3e6eec&tk=tt_chain_token,https://www.tiktok.com/joven.landas/video/7280705636877356293,,6,2,0,103,,,,,,"Teleprompter,hdxiy,Dark Preset",
zeeschuimer-export-tiktok.com-2025-07-18T17_45_41.302Z.csv,7455571096985816352,7455571096985816352,infsemesp,Sálvame Marrakech 🇲🇦🥖🇫🇷,26500,12800,2653,https://p77-sign-va.tiktokcdn.com/tos-maliva-avt-0068/d13b61b73ce7790d3bf3363dd08bdee1~tplv-tiktokx-cropcenter:100:100.jpeg?dr=14579&refresh_token=7006d27c&x-expires=1752940800&x-signature=9WpJzX92YxUQd%2F53X4cGJyugpBM%3D&t=4d5b0474&ps=13740610&shp=a5d48078&shcp=81f88b70&idc=maliva,#noruega jovenlandes somalíes y 4 amigos intentan robar a un Uber en bici hispano #robos #oslo #policia #toquedequeda #barriospeligrosos #ciudaesinseguras #policiasenaccion #norway #morway2025🇳🇴 #oslo #oslo2025 #robots #ia #yomocompro #yonousorobots #yonovoto #yonopago ,Fri Jan 03 2025,1735885433,no,no,sonido original,7138613021651634949,https://v77.tiktokcdn.com/e019e52fc39763244740fe327f51f740/687a78b5/video/tos/useast2a/tos-useast2a-v-27dcd7/750a1de8f64b43fabc2dcd2d2e830877/?a=1233&bti=ODszNWYuMDE6&ch=0&cr=0&dr=0&er=0&lr=default&cd=0%7C0%7C0%7C0&br=252&bt=126&ds=5&ft=.NpOcInz7Th70ywKXq8Zmo&mime_type=video_mp4&qs=13&rc=M3hkdGk6ZmVxZjMzNzU8M0BpM3hkdGk6ZmVxZjMzNzU8M0BgYWFqcjRfMjVgLS1kMTZzYSNgYWFqcjRfMjVgLS1kMTZzcw%3D%3D&vvpl=1&l=202507180033328BC4AC1747C1591D5913&btag=e00060000&cc=13,https://p16-sign-va.tiktokcdn.com/tos-maliva-avt-0068/1156544aa6d8ef924dd09edf3b7d85eb~tplv-tiktokx-cropcenter:1080:1080.jpeg?dr=14579&refresh_token=9c5d7f1d&x-expires=1752940800&x-signature=yh2ai00wM7iUCyBD4NZRc%2BbVvx8%3D&t=4d5b0474&ps=13740610&shp=a5d48078&shcp=81f88b70&idc=maliva,𝖄𝖍𝖆𝖘𝖒𝖆𝖓𝖎 𝕭𝖆𝖗𝖗𝖔𝖟o,https://v16-webapp-prime.tiktok.com/video/tos/useast2a/tos-useast2a-ve-0068-euttp/oAGoHsglAvAC84nzIihAhuV9tiEJIQi35JPufB/?a=1988&bti=ODszNWYuMDE6&ch=0&cr=3&dr=0&lr=all&cd=0%7C0%7C0%7C&cv=1&br=898&bt=449&cs=0&ds=3&ft=4fUEKMUm8Zmo0mUv5I4jVfHf-pWrKsd.&mime_type=video_mp4&qs=0&rc=NWc8NjMzaTw1OGY8NzQ5ZUBpamZwa3I5cmxydzMzZjczM0A1YTUwXzYuNi4xXy0yLy01YSNkcW5rMmRzLW9gLS1kMWNzcw%3D%3D&btag=e00098000&expire=1752943102&l=202507180033328BC4AC1747C1591D5913&ply_type=2&policy=2&signature=15aece3908674f9474ce1aaf5f6e9750&tk=tt_chain_token,https://www.tiktok.com/infsemesp/video/7455571096985816352,,55,10,1,817,noruega‚robos‚oslo‚policia‚toquedequeda‚barriospeligrosos‚ciudaesinseguras‚policiasenaccion‚norway‚morway2025🇳🇴‚oslo‚oslo2025‚robots‚ia‚yomocompro‚yonousorobots‚yonovoto‚yonopago,noruega‚robos‚oslo‚policia‚toquedequeda‚barriospeligrosos‚ciudaesinseguras‚policiasenaccion‚norway‚morway2025🇳🇴‚oslo2025‚robots‚ia‚yomocompro‚yonousorobots‚yonovoto‚yonopago,,,NORUEGA   JOVENLANDESES ,"Teleprompter,hdxiy,Dark Preset",
zeeschuimer-export-tiktok.com-2025-07-18T17_45_41.302Z.csv,7154922098912283909,7154922098912283909,arleyblancob,Arley,51500,11600,860,https://p16-sign-va.tiktokcdn.com/tos-maliva-avt-0068/776574e95f4d3716b5e4867c1486cf46~tplv-tiktokx-cropcenter:100:100.jpeg?dr=14579&refresh_token=13bce075&x-expires=1752940800&x-signature=r3AhVtU8QLA4abYUDJqQC2JcMC8%3D&t=4d5b0474&ps=13740610&shp=a5d48078&shcp=81f88b70&idc=maliva,Retorno de venezolanos #frontera #foryoupage #arleyblanco #estadosunidos #venezuela ,Sun Oct 16 2022,1665885129,no,no,Only Love Can Hurt Like This (Slowed Down Version),7052773961343453185,https://sf16-ies-music-va.tiktokcdn.com/obj/tos-useast2a-ve-2774/owv0nowufBIFSSJjHBsy4VA1qiAoiWnLMlcM41,https://p16-amd-va.tiktokcdn.com/img/tos-useast2a-v-2774/dfa23beba50147acba8ae81aa2427aa5~c5_720x720.jpeg,Paloma Faith,https://v16-webapp-prime.tiktok.com/video/tos/alisg/tos-alisg-pve-0037c001/oEkzhDAOhdKQERfoxc4AzLbtqGNIAxCpBIgP34/?a=1988&bti=ODszNWYuMDE6&ch=0&cr=3&dr=0&lr=all&cd=0%7C0%7C0%7C&cv=1&br=2778&bt=1389&cs=0&ds=3&ft=4fUEKMUm8Zmo0mUv5I4jVfHf-pWrKsd.&mime_type=video_mp4&qs=0&rc=Njg1M2ZpPGc1NztkOWdkM0BpanJpZ2c6ZnJwZzMzNzczM0AwMTNiLmJiNjExYy9iXjU2YSNkZXJpcjRvMzJgLS1kMTZzcw%3D%3D&btag=e000b8000&expire=1752942828&l=202507180033328BC4AC1747C1591D5913&ply_type=2&policy=2&signature=929c0cacb259909c1b5faacc9384527b&tk=tt_chain_token,https://www.tiktok.com/arleyblancob/video/7154922098912283909,,19300,3478,596,2400000,frontera‚foryoupage‚arleyblanco‚estadosunidos‚venezuela,frontera‚foryoupage‚arleyblanco‚estadosunidos‚venezuela,,,Crees que influyeron este tipo de personajes para el cierre de la frontera?,"Dark Preset,Teleprompter,hdxiy",
zeeschuimer-export-tiktok.com-2025-07-18T17_45_41.302Z.csv,7245688187601866011,7245688187601866011,aitornavaselpatriota,🇪🇸Aitor Navas🇪🇸,71500,67700,1529,https://p77-sign-va.tiktokcdn.com/tos-maliva-avt-0068/d454bb7b519f4f15bf7e00fe7d70b5ac~tplv-tiktokx-cropcenter:100:100.jpeg?dr=14579&refresh_token=50a97863&x-expires=1752940800&x-signature=YH2pQknCToghxqZsT54o7xh4Jjo%3D&t=4d5b0474&ps=13740610&shp=a5d48078&shcp=81f88b70&idc=maliva,Un valiente desde joven 💪🏻🇪🇸#parati #parati #parati #viral #viral #fyp #aitornavas #abascal2023 #PPSOE #CPJCE #trump2024 #soloquedavox #vox #politica #donaldtrump #politicaderecha #vivaespaña #maga #quetevotechapote #españa #makespaingreatagain ,Sat Jun 17 2023,1687018253,no,no,sonido original,7245688133252139803,https://v77.tiktokcdn.com/c9c43e3826c8ce06bd0936769c8593a8/687a776a/video/tos/useast2a/tos-useast2a-v-2370-euttp/o4uH2EAzEhHS4wAhu2yKNzwARE8anYANoBPfCE/?a=1233&bti=ODszNWYuMDE6&ch=0&cr=0&dr=0&er=0&lr=default&cd=0%7C0%7C0%7C0&br=252&bt=126&ds=5&ft=.NpOcInz7Th70ywKXq8Zmo&mime_type=audio_mpeg&qs=13&rc=ajo8cDc6ZjZ3bDMzZjU8M0Bpajo8cDc6ZjZ3bDMzZjU8M0BtZGY0cjRnajNgLS1kMWNzYSNtZGY0cjRnajNgLS1kMWNzcw%3D%3D&vvpl=1&l=202507180033328BC4AC1747C1591D5913&btag=e00070000&cc=13,https://p77-sign-va.tiktokcdn.com/tos-maliva-avt-0068/d454bb7b519f4f15bf7e00fe7d70b5ac~tplv-tiktokx-cropcenter:1080:1080.jpeg?dr=14579&refresh_token=33320db6&x-expires=1752940800&x-signature=Ms%2BXUcGQzfvUSos3ejC%2FroQ8rCE%3D&t=4d5b0474&ps=13740610&shp=a5d48078&shcp=81f88b70&idc=maliva,🇪🇸Aitor Navas🇪🇸,https://webapp-i18n.tiktok.com/a7917a0ea91799b1f7f5faadfc5f3b4f/687bc8ea/kmoat/mps/logo/v2/r/p/v0f044gc0000ci6tlibc77u2rj4rnilg/e11ac9759b564c7590562442fc66f79e/9cde6efec0a2d85ac5029eab570b564b/mp4/main.mp4?a=1988&bti=ODszNWYuMDE6&ch=0&cr=3&dr=0&lr=all&cd=0%7C0%7C0%7C&cv=1&br=0&bt=0&cs=0&ds=3&eid=1286&ft=4YBg3MUm8Zmo0mUv5I4jVfHf-pWrKsd.&mime_type=video_mp4&qs=0&rc=cnF8b2hsc2d3SkBwaHIxaDFybndmaDo5ZjU3OTM4ZjllODxkNEBpamx1bTU6Zmx3bDMzZjczM0BjRl5Nc3FePmJKYSNvYF90aHFmOiM2YzNjMS8yNjQxMjY0YC5iYSNpazFvcjRfaTNgLS1kMWNzcw%3D%3D&btag=e000b0000&definition=720p&du=13&item_id=7245688187601866011&l=202507180033328BC4AC1747C1591D5913&logo_type=tiktok_m&ply_type=2&policy=eyJ2bSI6MiwiY2siOiJ0dF9jaGFpbl90b2tlbiJ9&user_text=aitornavaselpatriota,https://www.tiktok.com/aitornavaselpatriota/video/7245688187601866011,,4550,150,189,99900,parati‚parati‚parati‚viral‚viral‚fyp‚aitornavas‚abascal2023‚ppsoe‚cpjce‚trump2024‚soloquedavox‚vox‚politica‚donaldtrump‚politicaderecha‚vivaespaña‚maga‚quetevotechapote‚españa‚makespaingreatagain,parati‚Viral‚fyp‚aitornavas‚abascal2023‚ppsoe‚cpjce‚trump2024‚soloquedavox‚vox‚politica‚donaldtrump‚politicaderecha‚vivaespaña‚maga‚quetevotechapote‚españa‚makespaingreatagain,,,,"hdxiy,Dark Preset,Teleprompter",
zeeschuimer-export-tiktok.com-2025-07-18T17_45_41.302Z.csv,7497046993991191830,7497046993991191830,harinjose10,harinjose10,1800000,2660,1074,https://p16-sign-va.tiktokcdn.com/tos-maliva-avt-0068/ff3dd7e577d89b6c6b78ab9b7d7fa600~tplv-tiktokx-cropcenter:100:100.jpeg?dr=14579&refresh_token=2cfb7691&x-expires=1752940800&x-signature=4Z7h1BSoCFIIY730CWgEi3I3BYY%3D&t=4d5b0474&ps=13740610&shp=a5d48078&shcp=81f88b70&idc=maliva,Alguien me explica porque los holandeses son tan altos? Comenta la palabra: QUIERO y te mando uno para tu casa 😂,Fri Apr 25 2025,1745542301,no,no,original sound,7497046989318916887,https://v77.tiktokcdn.com/9c4696c4ff1b97c58be8ec0df19502f8/687a7771/video/tos/no1a/tos-no1a-v-2370-no/owfVL0fDIIqpTMQo9ubsAFubVDTE4EkAFAAfIA/?a=1233&bti=ODszNWYuMDE6&ch=0&cr=0&dr=0&er=0&lr=default&cd=0%7C0%7C0%7C0&br=250&bt=125&ds=5&ft=.NpOcInz7Th70ywKXq8Zmo&mime_type=audio_mpeg&qs=13&rc=M3E7ZG85cjpnMzMzbzU8NUBpM3E7ZG85cjpnMzMzbzU8NUBfYGtjMmRzbTJhLS1kMTFzYSNfYGtjMmRzbTJhLS1kMTFzcw%3D%3D&vvpl=1&l=202507180033328BC4AC1747C1591D5913&btag=e00078000&cc=13,https://p16-sign-va.tiktokcdn.com/tos-maliva-avt-0068/ff3dd7e577d89b6c6b78ab9b7d7fa600~tplv-tiktokx-cropcenter:1080:1080.jpeg?dr=14579&refresh_token=133b7961&x-expires=1752940800&x-signature=PcnMUiXjSma%2B632lP1YpLuSEXME%3D&t=4d5b0474&ps=13740610&shp=a5d48078&shcp=81f88b70&idc=maliva,harinjose10,https://v16-webapp-prime.tiktok.com/video/tos/no1a/tos-no1a-ve-0068c001-no/o4IELFo2tBEsFUDGEfVmRkQgEE1ssC0ue8xARB/?a=1988&bti=ODszNWYuMDE6&ch=0&cr=3&dr=0&lr=all&cd=0%7C0%7C0%7C&cv=1&br=2822&bt=1411&cs=0&ds=3&ft=4fUEKMUm8Zmo0mUv5I4jVfHf-pWrKsd.&mime_type=video_mp4&qs=0&rc=O2loOjU8Zzc2ZWU8NWQ6PEBpM2Y8b3Q5cnVnMzMzbzczNUAvMTAuY15fXzExYmI0YS40YSNqcWVhMmRrbDJhLS1kMTFzcw%3D%3D&btag=e000b8000&expire=1752942833&l=202507180033328BC4AC1747C1591D5913&ply_type=2&policy=2&signature=5af84388115533b8fc5e32e263453de0&tk=tt_chain_token,https://www.tiktok.com/harinjose10/video/7497046993991191830,,278700,2806,19100,3200000,,,,,En este país la gente  es gigante🥺🇳🇱,"Dark Preset,Teleprompter,hdxiy",
zeeschuimer-export-tiktok.com-2025-07-18T17_45_41.302Z.csv,7525512858755550520,7525512858755550520,jovenal.tb,Jovenal Tb,154,1473,270,https://p16-sign-va.tiktokcdn.com/tos-maliva-avt-0068/0ca735b5499be4d8c571b8c385190004~tplv-tiktokx-cropcenter:100:100.jpeg?dr=14579&refresh_token=97a024c7&x-expires=1752940800&x-signature=NJSRcfI837vnvNf2VO5aoSFE1wM%3D&t=4d5b0474&ps=13740610&shp=a5d48078&shcp=81f88b70&idc=maliva,#dueto com @Mommy Ebon and Baby Luna #momanddaughter ,Thu Jul 10 2025,1752170007,yes,no,original sound - Mommy Ebon and Baby Luna,7525303414553611009,https://v77.tiktokcdn.com/3fffa5d7b234642c3260a2849fb3a4dd/687a778b/video/tos/alisg/tos-alisg-v-27dcd7/oE5oofnvpAYTD1AEAGiEEWCgPD3FE44JQeejAB/?a=1233&bti=ODszNWYuMDE6&ch=0&cr=0&dr=0&er=0&lr=default&cd=0%7C0%7C0%7C0&br=250&bt=125&ds=5&ft=.NpOcInz7Th70ywKXq8Zmo&mime_type=audio_mpeg&qs=13&rc=M3hnc2s5cjhtNDMzODU8NEBpM3hnc2s5cjhtNDMzODU8NEBoNjE1MmRrc2thLS1kMS1zYSNoNjE1MmRrc2thLS1kMS1zcw%3D%3D&vvpl=1&l=202507180033328BC4AC1747C1591D5913&btag=e00048000&cc=13,https://p16-sign-va.tiktokcdn.com/tos-maliva-avt-0068/5fb228c9b76ca1abf51a2fe5544ab261~tplv-tiktokx-cropcenter:1080:1080.jpeg?dr=14579&refresh_token=fc51763d&x-expires=1752940800&x-signature=GUDo6ngZMB1UsiRlYW%2FFBokxtGU%3D&t=4d5b0474&ps=13740610&shp=a5d48078&shcp=81f88b70&idc=maliva,Mommy Ebon and Baby Luna,https://v16-webapp-prime.tiktok.com/video/tos/useast2a/tos-useast2a-ve-0068c003/oUjBH8oEw24BMBSPQGJiffiHiEARlQbyUBh7FI/?a=1988&bti=ODszNWYuMDE6&ch=0&cr=3&dr=0&lr=all&cd=0%7C0%7C0%7C&cv=1&br=1816&bt=908&cs=0&ds=3&ft=4fUEKMUm8Zmo0mUv5I4jVfHf-pWrKsd.&mime_type=video_mp4&qs=0&rc=Mzg2ODhmaWc5Zmc8aGhlZUBpanJkd2w5cjZ5NDMzNzczM0BfY2FeX15hNWAxNjVjMDRiYSMtMGZxMmRjcGthLS1kMTZzcw%3D%3D&btag=e00088000&expire=1752942859&l=202507180033328BC4AC1747C1591D5913&ply_type=2&policy=2&signature=1caf80b1d1ea96bf229fb6b714a755e3&tk=tt_chain_token,https://www.tiktok.com/jovenal.tb/video/7525512858755550520,,42,4,3,11500,dueto‚momanddaughter,dueto‚momanddaughter,,,,"Teleprompter,hdxiy,Dark Preset",
zeeschuimer-export-tiktok.com-2025-07-18T17_45_41.302Z.csv,7483328608090590486,7483328608090590486,mente..libre,Mentelibre,1273,119,99,https://p16-sign-useast2a.tiktokcdn.com/tos-useast2a-avt-0068-euttp/95a59cf315bdc60e742d69c1ef3a4a57~tplv-tiktokx-cropcenter:100:100.jpeg?dr=14579&refresh_token=434174e7&x-expires=1752940800&x-signature=rZkKxNwrNF9WNT3bk604aw5%2FOUs%3D&t=4d5b0474&ps=13740610&shp=a5d48078&shcp=81f88b70&idc=maliva,Alemana aterrorizada al ser perseguida por un jovenlandés #pedrosanchezdimision #psoe #derecha #hombres #mujeres #psoe #trending #viral #españa #españoles #trend #actualidad #noticiastiktok #noticias ,Wed Mar 19 2025,1742348228,no,no,sonido original,7483328545930939159,https://v77.tiktokcdn.com/6185d5d2532280825bf326241d95cbb6/687a7774/video/tos/no1a/tos-no1a-v-2370-no/ooIA0PHoZDDATATW7BIEGFELfPDf8tA3kfIG4I/?a=1233&bti=ODszNWYuMDE6&ch=0&cr=0&dr=0&er=0&lr=default&cd=0%7C0%7C0%7C0&br=250&bt=125&ds=5&ft=.NpOcInz7Th70ywKXq8Zmo&mime_type=audio_mpeg&qs=13&rc=M3g1NXc5cms0eTMzbzU8NUBpM3g1NXc5cms0eTMzbzU8NUAvNGxtMmRrc2FgLS1kMTFzYSMvNGxtMmRrc2FgLS1kMTFzcw%3D%3D&vvpl=1&l=202507180033328BC4AC1747C1591D5913&btag=e00078000&cc=13,https://p16-sign-useast2a.tiktokcdn.com/tos-useast2a-avt-0068-euttp/95a59cf315bdc60e742d69c1ef3a4a57~tplv-tiktokx-cropcenter:1080:1080.jpeg?dr=14579&refresh_token=cb135707&x-expires=1752940800&x-signature=LKRphacQDLYAOm7fCMPSG6RWqnc%3D&t=4d5b0474&ps=13740610&shp=a5d48078&shcp=81f88b70&idc=maliva,Mentelibre,https://v16-webapp-prime.tiktok.com/video/tos/no1a/tos-no1a-ve-0068-no/oQrRLUfDIQrVj1PIIGvqGt1D1DfA1E9mFgGeIA/?a=1988&bti=ODszNWYuMDE6&ch=0&cr=3&dr=0&lr=all&cd=0%7C0%7C0%7C&cv=1&br=1960&bt=980&cs=0&ds=3&ft=4fUEKMUm8Zmo0mUv5I4jVfHf-pWrKsd.&mime_type=video_mp4&qs=0&rc=OzhlaDU2NzRnMzpmNTs8OUBpanQ8NW85cmk0eTMzbzczNUA2XmM1MWIwNmIxYy1gXmFiYSNuaTJmMmRrc2FgLS1kMTFzcw%3D%3D&btag=e000b8000&expire=1752942836&l=202507180033328BC4AC1747C1591D5913&ply_type=2&policy=2&signature=75eb4fbaa0efe9e53eedbce032470ee7&tk=tt_chain_token,https://www.tiktok.com/mente..libre/video/7483328608090590486,,1885,367,167,39900,pedrosanchezdimision‚psoe‚derecha‚hombres‚mujeres‚psoe‚trending‚viral‚españa‚españoles‚trend‚actualidad‚noticiastiktok‚noticias,pedrosanchezdimision‚psoe‚derecha‚hombres‚mujeres‚trending‚Viral‚españa‚españoles‚trend‚actualidad‚noticiastiktok‚noticias,,,Alemana aterrorizada al ser perseguida por un jovenlandés,"Teleprompter,hdxiy,Dark Preset",
zeeschuimer-export-tiktok.com-2025-07-18T17_45_41.302Z.csv,7525833781773667606,7525833781773667606,jovenlandeses.new,Jovenlandeses News,576,12000,859,https://p16-sign-useast2a.tiktokcdn.com/tos-useast2a-avt-0068-euttp/532f35c9f4f4c58af9d175ac1f6798e4~tplv-tiktokx-cropcenter:100:100.jpeg?dr=14579&refresh_token=21015f38&x-expires=1752940800&x-signature=n7dX%2BeXnYDtxcWPtBaBvfgG%2Bs5k%3D&t=4d5b0474&ps=13740610&shp=a5d48078&shcp=81f88b70&idc=maliva,,Fri Jul 11 2025,1752244729,no,no,sonido original,7525833779471043350,https://v77.tiktokcdn.com/bb172bd72bdf34d6645353ecf87ce25b/687a77a5/video/tos/no1a/tos-no1a-v-2370-no/oceLIoDkIQTIDPA34eIwiIkDQfAQCGs14AIAEL/?a=1233&bti=ODszNWYuMDE6&ch=0&cr=0&dr=0&er=0&lr=default&cd=0%7C0%7C0%7C0&br=250&bt=125&ds=5&ft=.NpOcInz7Th70ywKXq8Zmo&mime_type=audio_mpeg&qs=13&rc=M2k2M2w5cnhsNDMzbzU8NUBpM2k2M2w5cnhsNDMzbzU8NUAvZjEzMmRzMGxhLS1kMTFzYSMvZjEzMmRzMGxhLS1kMTFzcw%3D%3D&vvpl=1&l=202507180033328BC4AC1747C1591D5913&btag=e00050000&cc=13,https://p16-sign-useast2a.tiktokcdn.com/tos-useast2a-avt-0068-euttp/532f35c9f4f4c58af9d175ac1f6798e4~tplv-tiktokx-cropcenter:1080:1080.jpeg?dr=14579&refresh_token=6b7eb6ea&x-expires=1752940800&x-signature=7zlgbKOVO6CxZfg6no2Gg%2BZEjZY%3D&t=4d5b0474&ps=13740610&shp=a5d48078&shcp=81f88b70&idc=maliva,Jovenlandeses News,https://v16-webapp-prime.tiktok.com/video/tos/no1a/tos-no1a-ve-0068c001-no/oESFYEBGQfRkDHN0TfymiISHoBwRTDq5cgEgAF/?a=1988&bti=ODszNWYuMDE6&ch=0&cr=3&dr=0&lr=all&cd=0%7C0%7C0%7C&cv=1&br=1544&bt=772&cs=0&ds=3&ft=4fUEKMUm8Zmo0mUv5I4jVfHf-pWrKsd.&mime_type=video_mp4&qs=0&rc=OWQ4ZjozZzZlNWRkZmYzNEBpMzxobHM5cndsNDMzbzczNUA0X2EyLWJjNTIxXy1gLy0xYSMzM2A2MmQ0MGxhLS1kMTFzcw%3D%3D&btag=e00090000&expire=1752942885&l=202507180033328BC4AC1747C1591D5913&ply_type=2&policy=2&signature=e808c0e04e13a986f4765a6727124b0d&tk=tt_chain_token,https://www.tiktok.com/jovenlandeses.new/video/7525833781773667606,,87,0,15,307,,,,,,"Teleprompter,hdxiy,Dark Preset",
zeeschuimer-export-tiktok.com-2025-07-18T17_45_41.302Z.csv,7525868020544130326,7525868020544130326,a3noticias,Antena 3 Noticias,1400000,44,6350,https://p77-sign-va.tiktokcdn.com/tos-maliva-avt-0068/39c6936c7d9dbe9625706de91e9b801b~tplv-tiktokx-cropcenter:100:100.jpeg?dr=14579&refresh_token=a5898bfd&x-expires=1752940800&x-signature=%2Bc8XCFOS1yAFTTkOlwR5YRtmoNY%3D&t=4d5b0474&ps=13740610&shp=a5d48078&shcp=81f88b70&idc=maliva,⚠️ Varios jóvenes dan una brutal paliza a Domingo‚ un vecino de Torre Pacheco (Murcia)   🚨 El varón salió temprano a pasear y se cruzó con un grupo de jóvenes que se abalanzaron contra él   📲Sigue toda la #actualidad en antena3noticias.com #Antena3Noticias #Noticias #News #A3N #NoticiasTikTok,Fri Jul 11 2025,1752252700,no,no,sonido original,7525868030397221654,https://v77.tiktokcdn.com/2c8ecf5e8e1b62698d30cbcf59b07f60/687a7791/video/tos/no1a/tos-no1a-v-2370-no/owgO3GRIF0LQWhfeQAexeQhSQBmHxJtvIMAGML/?a=1233&bti=ODszNWYuMDE6&ch=0&cr=0&dr=0&er=0&lr=default&cd=0%7C0%7C0%7C0&br=250&bt=125&ft=.NpOcInz7Th70ywKXq8Zmo&mime_type=audio_mpeg&qs=6&rc=OzU5NWg0ZGY5OjM6aGVlNkBpajMzcXk5cjpuNDMzbzU8NUBfXi5gMTVeNmAxLjUuYWNhYSMvY2QwMmRzL2xhLS1kMTFzcw%3D%3D&vvpl=1&l=202507180033328BC4AC1747C1591D5913&btag=e00088000&cc=13,https://p77-sign-va.tiktokcdn.com/tos-maliva-avt-0068/39c6936c7d9dbe9625706de91e9b801b~tplv-tiktokx-cropcenter:1080:1080.jpeg?dr=14579&refresh_token=ba425f49&x-expires=1752940800&x-signature=h3M2PRt3gyOREnpdHuSYxi6nc3s%3D&t=4d5b0474&ps=13740610&shp=a5d48078&shcp=81f88b70&idc=maliva,Antena 3 Noticias,https://v16-webapp-prime.tiktok.com/video/tos/no1a/tos-no1a-ve-0068c001-no/oYDeABi4cLnYbIoAgQIGrLeIR6mfAICkLIFnhj/?a=1988&bti=ODszNWYuMDE6&ch=0&cr=3&dr=0&lr=all&cd=0%7C0%7C0%7C&cv=1&br=1944&bt=972&cs=0&ds=3&ft=4fUEKMUm8Zmo0mUv5I4jVfHf-pWrKsd.&mime_type=video_mp4&qs=0&rc=Ozg0Zzg5MzQ7OTk3aDwzNUBpM3I1aHQ5cjduNDMzbzczNUAzMzAuXy0zNl4xYjY2YWMzYSNlZDVvMmRzL2xhLS1kMTFzcw%3D%3D&btag=e00088000&expire=1752942865&l=202507180033328BC4AC1747C1591D5913&ply_type=2&policy=2&signature=fe802621195c66d84972db8ca6584873&tk=tt_chain_token,https://www.tiktok.com/a3noticias/video/7525868020544130326,,85300,3990,7501,2400000,actualidad‚antena3noticias‚noticias‚news‚a3n‚noticiastiktok,actualidad‚antena3noticias‚noticias‚news‚a3n‚noticiastiktok,,,,"Teleprompter,hdxiy,Dark Preset",
zeeschuimer-export-tiktok.com-2025-07-18T17_45_41.302Z.csv,6985812742259100934,6985812742259100934,netflixes,Netflix España,8800000,478,2625,https://p16-sign-useast2a.tiktokcdn.com/tos-useast2a-avt-0068-euttp/75df8580d1800efc65da22a9e35fc9c5~tplv-tiktokx-cropcenter:100:100.jpeg?dr=14579&refresh_token=bf912f42&x-expires=1752940800&x-signature=hn0UcdyM6QVLCxFdw2J7K%2BMviE0%3D&t=4d5b0474&ps=13740610&shp=a5d48078&shcp=81f88b70&idc=maliva,In love ❤️ de #WILMON y de #JovenesAltezas #DeepNetflix #fyp #amor,Sat Jul 17 2021,1626516300,no,no,sonido original,6985833985297369861,https://v77.tiktokcdn.com/273731b982fa423d11b869fe5852e301/687a7780/video/tos/useast2a/tos-useast2a-v-27dcd7/49a64498e8fc44b0ab7234a71bb2ae40/?a=1233&bti=ODszNWYuMDE6&ch=0&cr=0&dr=0&er=0&lr=default&cd=0%7C0%7C0%7C0&br=250&bt=125&ft=.NpOcInz7Th70ywKXq8Zmo&mime_type=audio_mpeg&qs=6&rc=ZmhmOmk7OTZmMzNlOjs1PEBpM3E7NzY6Zm5kNjMzNzU8M0BgM2IuYV9jX2AxXi9hXjY2YSMvbm8tcjQwam1gLS1kMTZzcw%3D%3D&vvpl=1&l=202507180033328BC4AC1747C1591D5913&btag=e00088000&cc=13,https://p16-sign-useast2a.tiktokcdn.com/tos-useast2a-avt-0068-euttp/75df8580d1800efc65da22a9e35fc9c5~tplv-tiktokx-cropcenter:1080:1080.jpeg?dr=14579&refresh_token=abb0f261&x-expires=1752940800&x-signature=A7oa04xKy%2FW7Da4%2BssxiifnCRUc%3D&t=4d5b0474&ps=13740610&shp=a5d48078&shcp=81f88b70&idc=maliva,Netflix España,https://v16-webapp-prime.tiktok.com/video/tos/maliva/tos-maliva-ve-0068c800-us/a2be079abab24acd9a611571285bc7c7/?a=1988&bti=ODszNWYuMDE6&ch=0&cr=3&dr=0&lr=all&cd=0%7C0%7C0%7C&cv=1&br=1214&bt=607&cs=0&ds=3&ft=4fUEKMUm8Zmo0mUv5I4jVfHf-pWrKsd.&mime_type=video_mp4&qs=0&rc=ZDZpNjtnNDloPDplZmY7NkBpanNkeWc6ZnM8NjMzNzgzM0BgYzUvLy5gXjUxYjMtYzZjYSNtMm1fcjRfYm1gLS1kLzZzcw%3D%3D&btag=e00088000&expire=1752942848&l=202507180033328BC4AC1747C1591D5913&ply_type=2&policy=2&signature=f0c6b89ec0a60bc5fb7625a976bf17db&tk=tt_chain_token,https://www.tiktok.com/netflixes/video/6985812742259100934,,54400,896,601,287100,wilmon‚jovenesaltezas‚deepnetflix‚fyp‚amor,wilmon‚jovenesaltezas‚deepnetflix‚fyp‚Amor,,,,"hdxiy,Dark Preset,Teleprompter",
zeeschuimer-export-tiktok.com-2025-07-18T17_45_41.302Z.csv,7386309182363864352,7386309182363864352,manuuroman8,Manu Román,528000,16800,2833,https://p77-sign-va.tiktokcdn.com/tos-maliva-avt-0068/bef40d8197167dd73dd5d3550b4e2587~tplv-tiktokx-cropcenter:100:100.jpeg?dr=14579&refresh_token=f0ea2934&x-expires=1752940800&x-signature=DMOAjB16%2BukPaFuE4mmS3o401Pc%3D&t=4d5b0474&ps=13740610&shp=a5d48078&shcp=81f88b70&idc=maliva,Me siento bajito aqui jajajaaj,Sun Jun 30 2024,1719759129,no,no,Smalltown Boy (Remaster),7374180167011683078,https://sf16-ies-music-va.tiktokcdn.com/obj/tos-useast2a-ve-2774/oMYUPisMA0IiCbwyWGbOoSZvioVxMxABBIKKr,https://p16-amd-va.tiktokcdn.com/img/tos-useast2a-v-2774/o4AR2fCXBECPBnzYBZiAo8s82APBzAAEicwtWU~c5_720x720.jpeg,Bronski Beat,https://v16-webapp-prime.tiktok.com/video/tos/useast2a/tos-useast2a-ve-0068-euttp/oEjc04TiZvcEyBSKCPwS3AEoVyoQIwFvBIiaB/?a=1988&bti=ODszNWYuMDE6&ch=0&cr=3&dr=0&lr=all&cd=0%7C0%7C0%7C&cv=1&br=2534&bt=1267&cs=0&ds=3&ft=4fUEKMUm8Zmo0mUv5I4jVfHf-pWrKsd.&mime_type=video_mp4&qs=0&rc=NmVnNTg5NWhnNGg7aDxkZEBpMztqbmw5cmlxdDMzZjczM0AvYl4vYy4vNjIxYjBhNV9jYSNhaWdlMmRrLS1gLS1kMWNzcw%3D%3D&btag=e000b0000&expire=1752942827&l=202507180033328BC4AC1747C1591D5913&ply_type=2&policy=2&signature=0cc4fea9581547c0bf36ca2978a500d2&tk=tt_chain_token,https://www.tiktok.com/manuuroman8/video/7386309182363864352,,541400,4302,6879,6000000,,,,,Si no mides 2 metros te recomiendo no venir a Holanda ,"Teleprompter,hdxiy,Dark Preset",
zeeschuimer-export-tiktok.com-2025-07-18T17_45_41.302Z.csv,7476565360007761174,7476565360007761174,divergentedigitaloficial,Divergente Digital,85100,797,1249,https://p16-sign-useast2a.tiktokcdn.com/tos-useast2a-avt-0068-euttp/6d2bf74c23199840bbb354dcad17db50~tplv-tiktokx-cropcenter:100:100.jpeg?dr=14579&refresh_token=d37dfb42&x-expires=1752940800&x-signature=LfyvKiA3thGOBSei1s%2Fgwen5ZCM%3D&t=4d5b0474&ps=13740610&shp=a5d48078&shcp=81f88b70&idc=maliva,DOCTOR O INGENIERO DE JOVENLANDIA CAPTURADO POR LOS MOSSOS EN BARCELONA 🚨,Fri Feb 28 2025,1740779100,no,no,sonido original - Divergente Digital,7476565383837338390,https://v77.tiktokcdn.com/ae5961d4921420b5141d480fabb775f6/687a779d/video/tos/no1a/tos-no1a-v-2370-no/oMjhIg3wGXZEDDGEAIeKEHffPLiAUPLo1HAT5C/?a=1233&bti=ODszNWYuMDE6&ch=0&cr=0&dr=0&er=0&lr=default&cd=0%7C0%7C0%7C0&br=250&bt=125&ft=.NpOcInz7Th70ywKXq8Zmo&mime_type=audio_mpeg&qs=6&rc=NWQ5ZTg4Njk4aGk8NjY4ZkBpM2txO2s5cjk0eTMzbzU8NUBfM2BjMTRhNTUxMS00MzUtYSMtNC1wMmRzZS5gLS1kMTFzcw%3D%3D&vvpl=1&l=202507180033328BC4AC1747C1591D5913&btag=e00090000&cc=13,https://p16-sign-useast2a.tiktokcdn.com/tos-useast2a-avt-0068-euttp/6d2bf74c23199840bbb354dcad17db50~tplv-tiktokx-cropcenter:1080:1080.jpeg?dr=14579&refresh_token=4371e593&x-expires=1752940800&x-signature=b0WOH5siCxKIrZn2Xq23T3FXO3E%3D&t=4d5b0474&ps=13740610&shp=a5d48078&shcp=81f88b70&idc=maliva,Divergente Digital,https://v16-webapp-prime.tiktok.com/video/tos/no1a/tos-no1a-ve-0068-no/oInFiKDnFGwEwGCa1VKhABmCf18IEkQfgnhnSE/?a=1988&bti=ODszNWYuMDE6&ch=0&cr=3&dr=0&lr=all&cd=0%7C0%7C0%7C&cv=1&br=1746&bt=873&cs=0&ds=2&ft=4fUEKMUm8Zmo0mUv5I4jVfHf-pWrKsd.&mime_type=video_mp4&qs=0&rc=O2Y6aTw6NzNoMzMzOzpkPEBpampsc3Q5cjQ0eTMzbzgzNUA0YV40Ni82Xl8xX19iYGIyYSNkYXNzMmQ0ZS5gLS1kLzFzcw%3D%3D&btag=e00090000&expire=1752942877&l=202507180033328BC4AC1747C1591D5913&ply_type=2&policy=2&signature=68ba4c475670ace8739cabcea60d04bd&tk=tt_chain_token,https://www.tiktok.com/divergentedigitaloficial/video/7476565360007761174,,1062,57,26,80700,,,,,,"Teleprompter,hdxiy,Dark Preset",
zeeschuimer-export-tiktok.com-2025-07-18T17_45_41.302Z.csv,7461626992203500832,7461626992203500832,jovenlandia,Jovenlandia,2261,30000,54,https://p16-sign-va.tiktokcdn.com/tos-maliva-avt-0068/caa73e017a21ad8987bd42496a6c8302~tplv-tiktokx-cropcenter:100:100.jpeg?dr=14579&refresh_token=fd48fc7d&x-expires=1752940800&x-signature=t3Pas7FVa%2FOo%2FxTFZPrw4ZePzK4%3D&t=4d5b0474&ps=13740610&shp=a5d48078&shcp=81f88b70&idc=maliva,Le preguntan a Donald Trump por Venezuela y Maduro #eeuu #usa #trump #maduro #venezuela #caracas,Sun Jan 19 2025,1737295426,no,no,sonido original,7461628581450468129,https://v77.tiktokcdn.com/fc6b9850923406931092dd843ed4332f/687a7769/video/tos/useast2a/tos-useast2a-v-2370-euttp/o8CNO0piAB6TUAZEAAgdrEsHvBilC88rwW470/?a=1233&bti=ODszNWYuMDE6&ch=0&cr=0&dr=0&er=0&lr=default&cd=0%7C0%7C0%7C0&br=250&bt=125&ds=5&ft=.NpOcInz7Th70ywKXq8Zmo&mime_type=audio_mpeg&qs=13&rc=MzxnbXY5cmVqeDMzZjU8M0BpMzxnbXY5cmVqeDMzZjU8M0BqNmliMmRrYzNgLS1kMWNzYSNqNmliMmRrYzNgLS1kMWNzcw%3D%3D&vvpl=1&l=202507180033328BC4AC1747C1591D5913&btag=e00070000&cc=13,https://p16-sign-va.tiktokcdn.com/tos-maliva-avt-0068/caa73e017a21ad8987bd42496a6c8302~tplv-tiktokx-cropcenter:1080:1080.jpeg?dr=14579&refresh_token=e38ed072&x-expires=1752940800&x-signature=aMBUuyfUTwlJwJM7nAU5hyN4tfI%3D&t=4d5b0474&ps=13740610&shp=a5d48078&shcp=81f88b70&idc=maliva,Jovenlandia,https://webapp-i18n.tiktok.com/876b93840e5c437e579a1b1e68a356e3/687bc8e9/kmoat/mps/logo/v2/r/p/v0f044gc0000cu6gbnvog65sjm48i2q0/9255effa06b340459f0d7305eae81d28/b7b805b8146d65abf6058d014e024185/mp4/main.mp4?a=1988&bti=ODszNWYuMDE6&ch=0&cr=3&dr=0&lr=all&cd=0%7C0%7C0%7C&cv=1&br=0&bt=0&cs=0&ds=3&eid=1286&ft=4YBg3MUm8Zmo0mUv5I4jVfHf-pWrKsd.&mime_type=video_mp4&qs=0&rc=cnF8b2hsc2d3SkBwaHIxaDFybndmO2c7ZDg2Z2k4MzY5ZGk4NUBpMzU7cHY5cnFqeDMzZjczM0BjRl5Nc3FePmJKYSNvYF90aHFmOiMvLmJiLTQtNjExXy1jYjI2YSNuZjFnMmRzXzNgLS1kMWNzcw%3D%3D&btag=e000b0000&definition=720p&du=13&item_id=7461626992203500832&l=202507180033328BC4AC1747C1591D5913&logo_type=tiktok_m&ply_type=2&policy=eyJ2bSI6MiwiY2siOiJ0dF9jaGFpbl90b2tlbiJ9&user_text=jovenlandia,https://www.tiktok.com/jovenlandia/video/7461626992203500832,,58,2,6,976,eeuu‚usa‚trump‚maduro‚venezuela‚caracas,eeuu‚usa‚trump‚maduro‚venezuela‚caracas,,,¿Aviso de Trump a Maduro?,"Teleprompter,hdxiy,Dark Preset",
zeeschuimer-export-tiktok.com-2025-07-18T17_45_41.302Z.csv,7525404366006783287,7525404366006783287,elhidalguense1392,El Hidalguense,7849,10300,297,https://p16-sign-va.tiktokcdn.com/tos-maliva-avt-0068/bc1cbe0ac3a40e289573521c37e41433~tplv-tiktokx-cropcenter:100:100.jpeg?dr=14579&refresh_token=e65d8f7b&x-expires=1752940800&x-signature=JBi6Ta7QG48uDYQau396r5kqogE%3D&t=4d5b0474&ps=13740610&shp=a5d48078&shcp=81f88b70&idc=maliva,Respuesta a @TECATITO LÓPEZ JR. OFICIAL ,Thu Jul 10 2025,1752144831,no,no,Les Voy a Grabar Jovenes,7517392906900244496,,https://p77-sign-va.tiktokcdn.com/tos-useast2a-v-2774/ocAA7kiEEAw0c1KfnKioTxBXJ7XuCWBPBAZsAw~c5_720x720.jpeg?lk3s=08d74b56&x-expires=1752791613&x-signature=4F8iSLEBFnBo4SHOs2NJURdn8qI%3D,Skiboy Music,https://v16-webapp-prime.tiktok.com/video/tos/maliva/tos-maliva-ve-0068c799-us/okv3IptWQBApxkFMc8ixBI0QNC2whAjNEwfVvi/?a=1988&bti=ODszNWYuMDE6&ch=0&cr=3&dr=0&lr=all&cd=0%7C0%7C0%7C&cv=1&br=3116&bt=1558&cs=0&ds=3&ft=4fUEKMUm8Zmo0mUv5I4jVfHf-pWrKsd.&mime_type=video_mp4&qs=0&rc=NTVmZGc8ZWQzNTQ1NGQ2NEBpajQ2PGs5cjtzNDMzZzczNEBgY2MxNl9eXmExNC1jMWJjYSNqYTNfMmRja2thLS1kMS9zcw%3D%3D&btag=e000b8000&expire=1752942837&l=202507180033328BC4AC1747C1591D5913&ply_type=2&policy=2&signature=95703ef0dbd6af6161c79008fd8d1214&tk=tt_chain_token,https://www.tiktok.com/elhidalguense1392/video/7525404366006783287,,48300,971,28400,2600000,,,,,,"Teleprompter,hdxiy,Dark Preset",
zeeschuimer-export-tiktok.com-2025-07-18T17_45_41.302Z.csv,7459090329635982625,7459090329635982625,virginia.vm,Virginia,4129,261,68,https://p16-sign-useast2a.tiktokcdn.com/tos-useast2a-avt-0068-euttp/7253137209107152922~tplv-tiktokx-cropcenter:100:100.jpeg?dr=14579&refresh_token=b87cdf48&x-expires=1752940800&x-signature=DMiy7iEo6QXbXWboyXSTSXo2sIM%3D&t=4d5b0474&ps=13740610&shp=a5d48078&shcp=81f88b70&idc=maliva,"Otro caso aislado más de agresión grupal por unos jóvenes de ""jovenlandia"".  #FronterasSegurasYa #fronterassegurasbarriosseguros ",Sun Jan 12 2025,1736704808,no,no,"10 minutes, meditation, sleep, mindfulness, night(951759)",6925814448502343682,https://sf16-ies-music-va.tiktokcdn.com/obj/tos-useast2a-ve-2774/oIFQ4fAUfem7zjMJztzCIXaBAghpDVQUmGZXIT,https://p16-amd-va.tiktokcdn.com/img/tos-useast2a-v-2774/43faa110cb7545508bcb8448e005da2d~c5_720x720.jpeg,Gloveity,https://v16-webapp-prime.tiktok.com/video/tos/useast2a/tos-useast2a-ve-0068c001-euttp/osTXEYQJDBDw4ANxbIDEvIIQiB4iZEVBT0Q6l/?a=1988&bti=ODszNWYuMDE6&ch=0&cr=3&dr=0&lr=all&cd=0%7C0%7C0%7C&cv=1&br=1482&bt=741&cs=0&ds=3&ft=4fUEKMUm8Zmo0mUv5I4jVfHf-pWrKsd.&mime_type=video_mp4&qs=0&rc=OzRnPGk0N2ZnN2Q0NWUzNEBpajw0c2s5cjQzeDMzZjczM0BgYGNjX2M0NWIxNS9iNjEzYSMuZDZfMmRrMy9gLS1kMWNzcw%3D%3D&btag=e00090000&expire=1752942957&l=202507180033328BC4AC1747C1591D5913&ply_type=2&policy=2&signature=bef9fc1f2032eb1b8f6fccb41c02127a&tk=tt_chain_token,https://www.tiktok.com/virginia.vm/video/7459090329635982625,,12400,1082,2729,66400,fronterassegurasya‚fronterassegurasbarriosseguros,fronterassegurasya‚fronterassegurasbarriosseguros,,,,"Teleprompter,hdxiy,Dark Preset",
zeeschuimer-export-tiktok.com-2025-07-18T17_45_41.302Z.csv,7525364669872098565,7525364669872098565,jovenal.tb,Jovenal Tb,154,1473,270,https://p16-sign-va.tiktokcdn.com/tos-maliva-avt-0068/0ca735b5499be4d8c571b8c385190004~tplv-tiktokx-cropcenter:100:100.jpeg?dr=14579&refresh_token=97a024c7&x-expires=1752940800&x-signature=NJSRcfI837vnvNf2VO5aoSFE1wM%3D&t=4d5b0474&ps=13740610&shp=a5d48078&shcp=81f88b70&idc=maliva,#dueto com @🦋 ,Thu Jul 10 2025,1752135510,yes,no,原创音乐,7525271692248124173,https://v77.tiktokcdn.com/b89e07d3b374f5f29fbd52dd64428a4d/687a7765/video/tos/maliva/tos-maliva-v-27dcd7c799-us/oQDvASBLEBObjEEKsfJIUveDgLbFyglFAuCAFo/?a=1233&bti=ODszNWYuMDE6&ch=0&cr=0&dr=0&er=0&lr=default&cd=0%7C0%7C0%7C0&br=252&bt=126&ds=5&ft=.NpOcInz7Th70ywKXq8Zmo&mime_type=audio_mpeg&qs=13&rc=ajhmNHg5cmxsNDMzZzU8NEBpajhmNHg5cmxsNDMzZzU8NEAvcWBrMmRzMmthLS1kMS9zYSMvcWBrMmRzMmthLS1kMS9zcw%3D%3D&vvpl=1&l=202507180033328BC4AC1747C1591D5913&btag=e00070000&cc=13,https://p16-sign-va.tiktokcdn.com/tos-maliva-avt-0068/668d5d26a1095298e9d0dd7074f77594~tplv-tiktokx-cropcenter:1080:1080.jpeg?dr=14579&refresh_token=c76303df&x-expires=1752940800&x-signature=n2%2BZTa2GB7FA%2Btre%2Fo2LxalOiMM%3D&t=4d5b0474&ps=13740610&shp=a5d48078&shcp=81f88b70&idc=maliva,🦋,https://webapp-va.tiktok.com/823856d043804c5424b3d935c7273087/687bc8e5/kmoat/mps/logo/v2/r/p/v09044g40000d1nnejvog65q8qijt1b0/bfaec901ce924665aa16340a0af2ada3/f946487f18db0d47eebf5a1b316a6f02/mp4/main.mp4?a=1988&bti=ODszNWYuMDE6&ch=0&cr=3&dr=0&lr=all&cd=0%7C0%7C0%7C&br=0&bt=0&cs=0&ds=3&ft=piBEGMUm8Zmo0mUv5I4jVfHf-pWrKsd.&mime_type=video_mp4&qs=0&rc=cnF8b2hsc2d3SkBwaHIxaDFybndmNmc1ZGQ3OWQ4OTVoNDxoaUBpMzRtdHQ5cm1xNDMzNzczM0BjRl5Nc3FePmJKYSNvYF90aHFmOiNeXmMtLTAuXjMxNmAtYF5fYSNfcWY1MmRzYmthLS1kMTZzcw%3D%3D&btag=e000b0000&definition=720p&du=8&item_id=7525364669872098565&l=202507180033328BC4AC1747C1591D5913&logo_type=tiktok&ply_type=2&policy=eyJ2bSI6MiwiY2siOiJ0dF9jaGFpbl90b2tlbiJ9&user_text=jovenal.tb,https://www.tiktok.com/jovenal.tb/video/7525364669872098565,,8,1,1,257,dueto,dueto,,,,"hdxiy,Dark Preset,Teleprompter",
zeeschuimer-export-tiktok.com-2025-07-18T17_45_41.302Z.csv,7307491405218237701,7307491405218237701,lyric.md_,lyric.md_,768900,380,1072,https://p16-sign-va.tiktokcdn.com/tos-maliva-avt-0068/79262c6c9e4b13c0f696941311820d3f~tplv-tiktokx-cropcenter:100:100.jpeg?dr=14579&refresh_token=668e0bd2&x-expires=1752940800&x-signature=PHBN6Z%2BMwApJuE5GU79LL33ERVw%3D&t=4d5b0474&ps=13740610&shp=a5d48078&shcp=81f88b70&idc=maliva,Joven Leyenda  -  Myke Towers  #jovenleyenda @Myke Towers #lyricmd #lyricmdflyp #lyricmdmyketowers #lyricmdmyke #lyricmdlykemike #myketowers #myke #youngkingz #lykemike ,Fri Dec 01 2023,1701407930,no,no,Joven Leyenda ll Myke Towers,7307491400887880453,https://v77.tiktokcdn.com/bdd9311e268891673fa8856dc155adf6/687a7780/video/tos/useast2a/tos-useast2a-v-27dcd7/ooBvAlWBR3yiUaiJh8EAQ3CJGbQfve5pABaELB/?a=1233&bti=ODszNWYuMDE6&ch=0&cr=0&dr=0&er=0&lr=default&cd=0%7C0%7C0%7C0&br=250&bt=125&ds=5&ft=.NpOcInz7Th70ywKXq8Zmo&mime_type=audio_mpeg&qs=13&rc=anZ1dXM5cmlwbzMzNzU8M0BpanZ1dXM5cmlwbzMzNzU8M0BrY2w1MmRjbWhgLS1kMTZzYSNrY2w1MmRjbWhgLS1kMTZzcw%3D%3D&vvpl=1&l=202507180033328BC4AC1747C1591D5913&btag=e00048000&cc=13,https://p16-sign-va.tiktokcdn.com/tos-maliva-avt-0068/79262c6c9e4b13c0f696941311820d3f~tplv-tiktokx-cropcenter:1080:1080.jpeg?dr=14579&refresh_token=b1b618a5&x-expires=1752940800&x-signature=wBbqAhiB%2BrEWcfGrTHmilyd50Hg%3D&t=4d5b0474&ps=13740610&shp=a5d48078&shcp=81f88b70&idc=maliva,lyric.md_,https://v16-webapp-prime.tiktok.com/video/tos/useast2a/tos-useast2a-ve-0068c003/okLwQJAa3DAY2HmEbWFgBRlRrEKQjBfaIofNSE/?a=1988&bti=ODszNWYuMDE6&ch=0&cr=3&dr=0&lr=all&cd=0%7C0%7C0%7C&cv=1&br=256&bt=128&cs=0&ds=3&ft=4fUEKMUm8Zmo0mUv5I4jVfHf-pWrKsd.&mime_type=video_mp4&qs=0&rc=ZDVkNTo8OTk8Nzw5NzY2OkBpM2tqamo5cmdwbzMzNzczM0BhMzIwL2NiNWExMjVhXjMyYSNkXnIzMmRzbGhgLS1kMTZzcw%3D%3D&btag=e00088000&expire=1752942848&l=202507180033328BC4AC1747C1591D5913&ply_type=2&policy=2&signature=d178d4035a64ab631a448784248427ab&tk=tt_chain_token,https://www.tiktok.com/lyric.md_/video/7307491405218237701,,21000,22,627,229800,jovenleyenda‚lyricmd‚lyricmdflyp‚lyricmdmyketowers‚lyricmdmyke‚lyricmdlykemike‚myketowers‚myke‚youngkingz‚lykemike,jovenleyenda‚lyricmd‚lyricmdflyp‚lyricmdmyketowers‚lyricmdmyke‚lyricmdlykemike‚myketowers‚myke‚youngkingz‚lykemike,,,,"Teleprompter,hdxiy,Dark Preset",
zeeschuimer-export-tiktok.com-2025-07-18T17_45_41.302Z.csv,7385321709722766624,7385321709722766624,eljovenlandes_es,ElJovenlandes,286,1,41,https://p16-sign-useast2a.tiktokcdn.com/tos-useast2a-avt-0068-euttp/fb73c738eb3e2c47e09d7bddba501c14~tplv-tiktokx-cropcenter:100:100.jpeg?dr=14579&refresh_token=a04ca976&x-expires=1752940800&x-signature=ata2hC%2F4s8KLjX7QUld5jYVfQto%3D&t=4d5b0474&ps=13740610&shp=a5d48078&shcp=81f88b70&idc=maliva,El testigo del asesinat* de tres marroquíes a David con un bate ESTALLA contra la Policía por su inacción: “Antes de mori* fue a la Guardia Civil y le dijeron que no podían hacer nada”.,Fri Jun 28 2024,1719529226,no,no,sonido original,7385321853465676576,https://v77.tiktokcdn.com/1705f46d20d0facc6846b9048535d694/687a77cb/video/tos/useast2a/tos-useast2a-v-2370-euttp/o0Em4MI7qDeAA3DcEAfQFDJ8A8IBjAjcNeeZ3Q/?a=1233&bti=ODszNWYuMDE6&ch=0&cr=0&dr=0&er=0&lr=default&cd=0%7C0%7C0%7C0&br=250&bt=125&ds=5&ft=.NpOcInz7Th70ywKXq8Zmo&mime_type=audio_mpeg&qs=13&rc=MzNqcm85cjp4czMzZjU8M0BpMzNqcm85cjp4czMzZjU8M0BocDAtMmQ0cnJgLS1kMWNzYSNocDAtMmQ0cnJgLS1kMWNzcw%3D%3D&vvpl=1&l=202507180033328BC4AC1747C1591D5913&btag=e00050000&cc=13,https://p16-sign-useast2a.tiktokcdn.com/tos-useast2a-avt-0068-euttp/fb73c738eb3e2c47e09d7bddba501c14~tplv-tiktokx-cropcenter:1080:1080.jpeg?dr=14579&refresh_token=63242b4d&x-expires=1752940800&x-signature=BPzOWe72Oy7%2FNGUonRbwici92KQ%3D&t=4d5b0474&ps=13740610&shp=a5d48078&shcp=81f88b70&idc=maliva,ElJovenlandes,https://v16-webapp-prime.tiktok.com/video/tos/useast2a/tos-useast2a-ve-0068c001-euttp/oQDZo86AHAMiQGmSAIFle78DQfxeryeENREZ9E/?a=1988&bti=ODszNWYuMDE6&ch=0&cr=3&dr=0&lr=all&cd=0%7C0%7C0%7C&cv=1&br=1070&bt=535&cs=0&ds=3&ft=4fUEKMUm8Zmo0mUv5I4jVfHf-pWrKsd.&mime_type=video_mp4&qs=0&rc=NTRpNTc4ZDVmOTY5NGg2ZUBpang0eGs5cjd4czMzZjczM0AxXmBfLS5eXjMxMDAvL19jYSNmXzEtMmQ0cXJgLS1kMWNzcw%3D%3D&btag=e00090000&expire=1752942922&l=202507180033328BC4AC1747C1591D5913&ply_type=2&policy=2&signature=bc91a0428581cab3b3f6611d5d62c2ca&tk=tt_chain_token,https://www.tiktok.com/eljovenlandes_es/video/7385321709722766624,,67,4,6,5719,,,,,,"Teleprompter,hdxiy,Dark Preset",
zeeschuimer-export-tiktok.com-2025-07-18T17_45_41.302Z.csv,7522614503637404950,7522614503637404950,zonagemelostv,Zona Gemelos,275300,1675,2304,https://p77-sign-va.tiktokcdn.com/tos-maliva-avt-0068/f77af5d164c0c92cf40cc7ae2862f0b9~tplv-tiktokx-cropcenter:100:100.jpeg?dr=14579&refresh_token=7b00ef86&x-expires=1752940800&x-signature=Fl6sxcJ0euMj3fraO7h2wBgSUWw%3D&t=4d5b0474&ps=13740610&shp=a5d48078&shcp=81f88b70&idc=maliva,JON ANDER MASHALLAH DA SU DISCURSO CON LOS GEMELOS😱👏 #zonagemelos #mashallah #jonander #discurso #ayuda #dinero ,Thu Jul 03 2025,1751495185,no,no,sonido original,7522614495308237590,https://v77.tiktokcdn.com/0eeec97b3956635fc903745b1d33c665/687a779c/video/tos/no1a/tos-no1a-v-2370-no/oQElEALATsjyEPGQoLB1eD3B8QeonIAAIf2hD0/?a=1233&bti=ODszNWYuMDE6&ch=0&cr=0&dr=0&er=0&lr=default&cd=0%7C0%7C0%7C0&br=250&bt=125&ds=5&ft=.NpOcInz7Th70ywKXq8Zmo&mime_type=audio_mpeg&qs=13&rc=MzY6M3k5cjd1NDMzbzU8NUBpMzY6M3k5cjd1NDMzbzU8NUBycjNeMmRzMWZhLS1kMTFzYSNycjNeMmRzMWZhLS1kMTFzcw%3D%3D&vvpl=1&l=202507180033328BC4AC1747C1591D5913&btag=e00050000&cc=13,https://p77-sign-va.tiktokcdn.com/tos-maliva-avt-0068/f77af5d164c0c92cf40cc7ae2862f0b9~tplv-tiktokx-cropcenter:1080:1080.jpeg?dr=14579&refresh_token=d3b6a671&x-expires=1752940800&x-signature=NPY9Ld09GSzhN47IUONPSkmw5eQ%3D&t=4d5b0474&ps=13740610&shp=a5d48078&shcp=81f88b70&idc=maliva,Zona Gemelos,,https://www.tiktok.com/zonagemelostv/video/7522614503637404950,,7356,153,366,192500,zonagemelos‚mashallah‚jonander‚discurso‚ayuda‚dinero,zonagemelos‚mashallah‚jonander‚discurso‚ayuda‚dinero,,,JON ANDER MASHALLAH DA SU DISCURSO CON LOS GEMELOS😱👏‚JON ANDER MASHALLAH   DA SU DISCURSO   CON LOS GEMELOS😱👏,"hdxiy,Dark Preset,Teleprompter",
zeeschuimer-export-tiktok.com-2025-07-18T17_45_41.302Z.csv,7280075426800749829,7280075426800749829,joven.landas,Joven Landas,2,3,3,https://p16-sign-va.tiktokcdn.com/tos-maliva-avt-0068/7263354883330768902~tplv-tiktokx-cropcenter:100:100.jpeg?dr=14579&refresh_token=364ce527&x-expires=1752940800&x-signature=phcc3EqSmGWU7NOExA7hsiZawxU%3D&t=4d5b0474&ps=13740610&shp=a5d48078&shcp=81f88b70&idc=maliva,wla nalang unta mo nag Minyo🤧 #fyi  #viral,Mon Sep 18 2023,1695024652,no,no,original sound - SCARF Venger,7138605663663557403,https://v77.tiktokcdn.com/2bb75a4d4df07c1713b33b1b8a34680a/687a778e/video/tos/useast2a/tos-useast2a-v-27dcd7-aiso/55ab73d3dfcd4dcc996acaf96cbe099d/?a=1233&bti=ODszNWYuMDE6&ch=0&cr=0&dr=0&er=0&lr=default&cd=0%7C0%7C0%7C0&br=252&bt=126&ds=5&ft=.NpOcInz7Th70ywKXq8Zmo&mime_type=video_mp4&qs=13&rc=MzY4Zmg6ZjdwZjMzZjU8M0BpMzY4Zmg6ZjdwZjMzZjU8M0Boci5vcjQwbDVgLS1kMWNzYSNoci5vcjQwbDVgLS1kMWNzcw%3D%3D&vvpl=1&l=202507180033328BC4AC1747C1591D5913&btag=e00048000&cc=13,https://p16-sign-sg.tiktokcdn.com/tos-alisg-avt-0068/7327175546742243348~tplv-tiktokx-cropcenter:1080:1080.jpeg?dr=14579&refresh_token=5874eaf5&x-expires=1752940800&x-signature=BHhpD%2Fn3dV%2F%2F7su6c%2Bv%2FOzii1cA%3D&t=4d5b0474&ps=13740610&shp=a5d48078&shcp=81f88b70&idc=maliva,SCARF Venger,https://v16-webapp-prime.tiktok.com/video/tos/maliva/tos-maliva-ve-0068c801-us/osqoAKBLA2ACAGkyI6IAgzzghhEcIQfIj0MhNz/?a=1988&bti=ODszNWYuMDE6&ch=0&cr=3&dr=0&lr=all&cd=0%7C0%7C0%7C&br=4128&bt=2064&cs=0&ds=3&ft=4fUEKMUm8Zmo0mUv5I4jVfHf-pWrKsd.&mime_type=video_mp4&qs=0&rc=aTU0Omg0PGVlOTloPDY3M0BpM2RpMzk6ZjgzbjMzNzczM0BeYC8vYWIwXjUxYzBfMDQ1YSMxMzNvcjRnLTFgLS1kMTZzcw%3D%3D&btag=e00088000&expire=1752942862&l=202507180033328BC4AC1747C1591D5913&ply_type=2&policy=2&signature=f51178c9d0431f15a3d4f829250177be&tk=tt_chain_token,https://www.tiktok.com/joven.landas/video/7280075426800749829,,5,1,1,276,fyi‚viral,fyi‚Viral,,,,"Teleprompter,hdxiy,Dark Preset",
zeeschuimer-export-tiktok.com-2025-07-18T17_45_41.302Z.csv,7356592512284298529,7356592512284298529,pod_castor,Pod_Castor,11700,0,480,https://p16-sign-useast2a.tiktokcdn.com/tos-useast2a-avt-0068-euttp/fd5e4d4eb90255e92ba5dfde8408789a~tplv-tiktokx-cropcenter:100:100.jpeg?dr=14579&refresh_token=5a809e01&x-expires=1752940800&x-signature=WUQtdERAd5ATlufyKnl3JlxzDDE%3D&t=4d5b0474&ps=13740610&shp=a5d48078&shcp=81f88b70&idc=maliva,"Parte 1/8 | ""ESPAÑA TIENE UN GRAVE PROBLEMA CON LA INMIGRACIÓN ILEGAL"" - Alvise Pérez #fyp #podcast #inmigracion #ilegal #seguridad #jovenlandes #diversidad #españa #marruecos #alviseperez #parati #españa #viral",Thu Apr 11 2024,1712853000,no,no,sonido original - Pod_Castor,7356592584074054432,https://v77.tiktokcdn.com/96502c59a7860a7d93f9f08e69b4c044/687a7793/video/tos/useast2a/tos-useast2a-v-2370-euttp/oIAku9YVDIAfMv43CUFAP1J2PBfhmADIESQ9UF/?a=1233&bti=ODszNWYuMDE6&ch=0&cr=0&dr=0&er=0&lr=default&cd=0%7C0%7C0%7C0&br=250&bt=125&ds=5&ft=.NpOcInz7Th70ywKXq8Zmo&mime_type=audio_mpeg&qs=13&rc=Mzo7aXY5cnd3cjMzZjU8M0BpMzo7aXY5cnd3cjMzZjU8M0BnaGoyMmRrb19gLS1kMWNzYSNnaGoyMmRrb19gLS1kMWNzcw%3D%3D&vvpl=1&l=202507180033328BC4AC1747C1591D5913&btag=e00048000&cc=13,https://p16-sign-useast2a.tiktokcdn.com/tos-useast2a-avt-0068-euttp/fd5e4d4eb90255e92ba5dfde8408789a~tplv-tiktokx-cropcenter:1080:1080.jpeg?dr=14579&refresh_token=237bef74&x-expires=1752940800&x-signature=HyVWpioleRS3aX4s8DVc8qyFOd4%3D&t=4d5b0474&ps=13740610&shp=a5d48078&shcp=81f88b70&idc=maliva,Pod_Castor,https://v16-webapp-prime.tiktok.com/video/tos/useast2a/tos-useast2a-ve-0068-euttp/oIEVOLIv6AvTCLD4BQfkFQAPg1QnfV4gD9FmuC/?a=1988&bti=ODszNWYuMDE6&ch=0&cr=3&dr=0&lr=all&cd=0%7C0%7C0%7C&cv=1&br=3158&bt=1579&cs=0&ds=3&ft=4fUEKMUm8Zmo0mUv5I4jVfHf-pWrKsd.&mime_type=video_mp4&qs=0&rc=Mzg2ZzM2M2k7ZDc8OWloZ0BpM213NXc5cnJ3cjMzZjgzM0AuXzYtMy02XzAxNS9gNWAuYSNtbGAxMmQ0bl9gLS1kL2Nzcw%3D%3D&btag=e00088000&expire=1752942867&l=202507180033328BC4AC1747C1591D5913&ply_type=2&policy=2&signature=43f026a307b2dde48714c80a9f18c6ac&tk=tt_chain_token,https://www.tiktok.com/pod_castor/video/7356592512284298529,,970,12,14,28900,fyp‚podcast‚inmigracion‚ilegal‚seguridad‚jovenlandes‚diversidad‚españa‚marruecos‚alviseperez‚parati‚españa‚viral,fyp‚Podcast‚inmigracion‚ilegal‚seguridad‚jovenlandes‚diversidad‚españa‚marruecos‚alviseperez‚parati‚Viral,,,,"Dark Preset,Teleprompter,hdxiy",
zeeschuimer-export-tiktok.com-2025-07-18T17_45_41.302Z.csv,7457563515428080928,7457563515428080928,jovenlandia,Jovenlandia,2261,30000,54,https://p16-sign-va.tiktokcdn.com/tos-maliva-avt-0068/caa73e017a21ad8987bd42496a6c8302~tplv-tiktokx-cropcenter:100:100.jpeg?dr=14579&refresh_token=fd48fc7d&x-expires=1752940800&x-signature=t3Pas7FVa%2FOo%2FxTFZPrw4ZePzK4%3D&t=4d5b0474&ps=13740610&shp=a5d48078&shcp=81f88b70&idc=maliva,Canción echa por IA‚ la verdad que da miedo lo que se logra con la tecnología #psoe #franco ,Wed Jan 08 2025,1736349325,no,no,sonido original,7457563567596849952,https://v77.tiktokcdn.com/b3e777e4223d4445af8b81962b1a984f/687a77b6/video/tos/useast2a/tos-useast2a-v-2370-euttp/oU4sA6oIlfQKeAj7SBAQMWvLLeHff6h4aGwJAo/?a=1233&bti=ODszNWYuMDE6&ch=0&cr=0&dr=0&er=0&lr=default&cd=0%7C0%7C0%7C0&br=250&bt=125&ds=5&ft=.NpOcInz7Thm0ywKXq8Zmo&mime_type=audio_mpeg&qs=13&rc=MzVmOXg5cjY8dzMzZjU8M0BpMzVmOXg5cjY8dzMzZjU8M0BqaHMtMmRzYXNgLS1kMWNzYSNqaHMtMmRzYXNgLS1kMWNzcw%3D%3D&vvpl=1&l=20250718003337E8252316C9C9A41BD52E&btag=e00050000&cc=13,https://p16-sign-va.tiktokcdn.com/tos-maliva-avt-0068/caa73e017a21ad8987bd42496a6c8302~tplv-tiktokx-cropcenter:1080:1080.jpeg?dr=14579&refresh_token=e38ed072&x-expires=1752940800&x-signature=aMBUuyfUTwlJwJM7nAU5hyN4tfI%3D&t=4d5b0474&ps=13740610&shp=a5d48078&shcp=81f88b70&idc=maliva,Jovenlandia,https://v16-webapp-prime.tiktok.com/video/tos/useast2a/tos-useast2a-ve-0068c001-euttp/oseGgRwNUhtXXQbeEIEeRP1FAALkNdASf7G8ZI/?a=1988&bti=ODszNWYuMDE6&ch=0&cr=3&dr=0&lr=all&cd=0%7C0%7C0%7C&cv=1&br=798&bt=399&cs=0&ds=3&ft=4fUEKMUm8Zmo09Uv5I4jVzOmZpWrKsd.&mime_type=video_mp4&qs=0&rc=NDxkN2VmZTs2O2g4ZGk2OEBpamtvb3I5cjg8dzMzZjczM0AwMTItNS0wNTExNWJfYF80YSMvcWs2MmRrYHNgLS1kMWNzcw%3D%3D&btag=e00090000&expire=1752942902&l=20250718003337E8252316C9C9A41BD52E&ply_type=2&policy=2&signature=67c9489c4b901d57988ad5cdd61383a1&tk=tt_chain_token,https://www.tiktok.com/jovenlandia/video/7457563515428080928,,134,10,59,2644,psoe‚franco,psoe‚franco,,,Pedro Sánchez se echa un cante por su mejor amigo‚ Francisco.,"No Filter Slim-soft touch,trái tim x4 ảnh v3",
zeeschuimer-export-tiktok.com-2025-07-18T17_45_41.302Z.csv,7283195400805305633,7283195400805305633,valeria.calle10,Valeria,195100,15700,313,https://p16-sign-va.tiktokcdn.com/tos-maliva-avt-0068/86f6b2182f1a386889af25bbd2416a10~tplv-tiktokx-cropcenter:100:100.jpeg?dr=14579&refresh_token=36f5c041&x-expires=1752940800&x-signature=81y%2BvAITuPB7AX5FAAFhukY5JPY%3D&t=4d5b0474&ps=13740610&shp=a5d48078&shcp=81f88b70&idc=maliva,#comprobando #valeriacalle #chicosholandeses #fyp ,Tue Sep 26 2023,1695751080,no,no,"Rose (From ""Titanic"" Soundtrack)",6696416006371280898,https://sf16-ies-music-va.tiktokcdn.com/obj/tos-useast2a-ve-2774/a507e86d4ae94c3baeebe8f56854cb82,https://p16-amd-va.tiktokcdn.com/img/tos-useast2a-v-2774/7c7a162f6d99421ca425e1ac2fb74c5d~c5_720x720.jpeg,James Horner,https://v16-webapp-prime.tiktok.com/video/tos/useast2a/tos-useast2a-ve-0068-euttp/o4xBMstboTMleDAIIr98RGfnQDoEPUQVsuE1EZ/?a=1988&bti=ODszNWYuMDE6&ch=0&cr=3&dr=0&lr=all&cd=0%7C0%7C0%7C&cv=1&br=3324&bt=1662&cs=0&ds=3&ft=4fUEKMUm8Zmo09Uv5I4jVzOmZpWrKsd.&mime_type=video_mp4&qs=0&rc=NWk7Zmc3PGk8ZDdpZDRoOUBpM3l3NTc6ZnVrbjMzZjczM0AtXjU0My42XzAxYWBiXzVfYSNyYGpfcjRfaTZgLS1kMWNzcw%3D%3D&btag=e00090000&expire=1752942879&l=20250718003337E8252316C9C9A41BD52E&ply_type=2&policy=2&signature=aa3fb4b9cee862da748404e93b4bbc09&tk=tt_chain_token,https://www.tiktok.com/valeria.calle10/video/7283195400805305633,,2100000,59700,538900,16900000,comprobando‚valeriacalle‚chicosholandeses‚fyp,comprobando‚valeriacalle‚chicosholandeses‚fyp,,,Me fui a Holanda a recomprobar la teoría de que  hay más hombres que mujeres como dicen ‚Empezamos ‚Esto es una señal si estás soltera ‚De todas las edades y gustos ✅‚Y si armamos un grupito y la próxima vez venimos todas juntas?‚Será que el amor de tu vida está en Holanda y tú aún no lo sabes? ‚Después de la fiesta unos chicos randon nos invitaron a comer con ellos ‚Fueron muy educados y respetuosos ‚Comprobamos por décima vez que ellos son caballeros y  No son 50-50 ‚Quieren más comprobaciones? ,"No Filter Slim-soft touch,trái tim x4 ảnh v3",
zeeschuimer-export-tiktok.com-2025-07-18T17_45_41.302Z.csv,7518448358084693262,7518448358084693262,auner.santiago4,💔🖤,19200,28600,62,https://p16-sign-va.tiktokcdn.com/tos-maliva-avt-0068/18c3aad45e1bb3fb3fd6e7d9b10aa448~tplv-tiktokx-cropcenter:100:100.jpeg?dr=14579&refresh_token=983171d2&x-expires=1752940800&x-signature=rM4Hun6Nh%2F%2Bx%2FF9tUKz%2BchczunI%3D&t=4d5b0474&ps=13740610&shp=a5d48078&shcp=81f88b70&idc=maliva,,Sat Jun 21 2025,1750525207,no,no,sonido original,7518448421468998414,https://v77.tiktokcdn.com/66f85804d380157dd6df5cb9e93b0c7d/687a776f/video/tos/maliva/tos-maliva-v-27dcd7c799-us/ogBEUAnWEFCKjVAgEJvDSY9Bu05AUeoWMDqfBR/?a=1233&bti=ODszNWYuMDE6&ch=0&cr=0&dr=0&er=0&lr=default&cd=0%7C0%7C0%7C0&br=250&bt=125&ds=5&ft=.NpOcInz7Thm0ywKXq8Zmo&mime_type=audio_mpeg&qs=13&rc=M25uZHg5cjloNDMzZzU8NEBpM25uZHg5cjloNDMzZzU8NEBfMGsyMmQ0Xl9hLS1kMS9zYSNfMGsyMmQ0Xl9hLS1kMS9zcw%3D%3D&vvpl=1&l=20250718003337E8252316C9C9A41BD52E&btag=e00070000&cc=13,https://p16-sign-va.tiktokcdn.com/tos-maliva-avt-0068/18c3aad45e1bb3fb3fd6e7d9b10aa448~tplv-tiktokx-cropcenter:1080:1080.jpeg?dr=14579&refresh_token=b4aa1dfc&x-expires=1752940800&x-signature=xD%2BMXAtWacsW6OKywhj6lNal76k%3D&t=4d5b0474&ps=13740610&shp=a5d48078&shcp=81f88b70&idc=maliva,💔🖤,https://v16-webapp-prime.tiktok.com/video/tos/maliva/tos-maliva-ve-0068c799-us/oof8yNjCuoq7QgEpybpFFEeDBtHUVIRtT2SAgD/?a=1988&bti=ODszNWYuMDE6&ch=0&cr=3&dr=0&lr=all&cd=0%7C0%7C0%7C&cv=1&br=4750&bt=2375&cs=0&ds=3&ft=4fUEKMUm8Zmo09Uv5I4jVzOmZpWrKsd.&mime_type=video_mp4&qs=0&rc=NDozOzc7NWc3aGQ3aGVoNUBpMzlxZ3U5cnloNDMzZzczNEA2LmMvYjE1Xi8xLl5gXzUxYSNpNjYuMmQ0Nl9hLS1kMS9zcw%3D%3D&btag=e000b0000&expire=1752942831&l=20250718003337E8252316C9C9A41BD52E&ply_type=2&policy=2&signature=49aa24cae65cf77eca3fa77ec9378e74&tk=tt_chain_token,https://www.tiktok.com/auner.santiago4/video/7518448358084693262,,4406,245,1429,268300,,,,,,"trái tim x4 ảnh v3,No Filter Slim-soft touch",
zeeschuimer-export-tiktok.com-2025-07-18T17_45_41.302Z.csv,7375640720524299553,7375640720524299553,jovenlandeces,jovenlandeces,40,40,13,https://p16-sign-useast2a.tiktokcdn.com/tos-useast2a-avt-0068-euttp/2030cf4eac5b02de5f2bb845cc0a5d34~tplv-tiktokx-cropcenter:100:100.jpeg?dr=14579&refresh_token=21714032&x-expires=1752940800&x-signature=FLV5XfFBrTbadaN3sBOXbjHpGoE%3D&t=4d5b0474&ps=13740610&shp=a5d48078&shcp=81f88b70&idc=maliva,#gol #golhoy #goldevinicius ,Sat Jun 01 2024,1717275184,no,no,Eu Já Sofri por Amor Mas Não Sofro Mais,7094427282156029954,,https://p77-sign-va.tiktokcdn.com/tos-useast2a-v-2774/ow96oi6WiEAEwYBuPJfu1AkBsA1m0BocAAl0AU~c5_720x720.jpeg?lk3s=08d74b56&x-expires=1752791618&x-signature=3kIo9uqH7rpf5QF4PJbdLBW26J0%3D,2T Da Serra,https://v16-webapp-prime.tiktok.com/video/tos/useast2a/tos-useast2a-ve-0068-euttp/oIWAyBE4HeDKRHQJozF7F63Df6Pg6mIEFpQDms/?a=1988&bti=ODszNWYuMDE6&ch=0&cr=3&dr=0&lr=all&cd=0%7C0%7C0%7C&cv=1&br=1400&bt=700&cs=0&ds=3&ft=4fUEKMUm8Zmo09Uv5I4jVzOmZpWrKsd.&mime_type=video_mp4&qs=0&rc=MzM7ZTszNDllNDxnaWc4aEBpajdtdnc5cjNyczMzZjczM0A0Yi9eXy5gX2MxX2JiMy40YSNwb25gMmRzaGFgLS1kMWNzcw%3D%3D&btag=e00088000&expire=1752942876&l=20250718003337E8252316C9C9A41BD52E&ply_type=2&policy=2&signature=dd9b9ab4e2e956feaec9dd6c4eb242b5&tk=tt_chain_token,https://www.tiktok.com/jovenlandeces/video/7375640720524299553,,104,1,11,5768,gol‚golhoy‚goldevinicius,gol‚golhoy‚goldevinicius,,,,"No Filter Slim-soft touch,trái tim x4 ảnh v3",
zeeschuimer-export-tiktok.com-2025-07-18T17_45_41.302Z.csv,7377539428618685728,7377539428618685728,jovenlandeces,jovenlandeces,40,40,13,https://p16-sign-useast2a.tiktokcdn.com/tos-useast2a-avt-0068-euttp/2030cf4eac5b02de5f2bb845cc0a5d34~tplv-tiktokx-cropcenter:100:100.jpeg?dr=14579&refresh_token=21714032&x-expires=1752940800&x-signature=FLV5XfFBrTbadaN3sBOXbjHpGoE%3D&t=4d5b0474&ps=13740610&shp=a5d48078&shcp=81f88b70&idc=maliva,#dembele🇫🇷 #euro2024 #memes ,Fri Jun 07 2024,1717717281,no,no,sonido original,7377539528384678688,https://v77.tiktokcdn.com/709397841b304a0b25534acb3d63af8d/687a7774/video/tos/useast2a/tos-useast2a-v-2370-euttp/o0fEEKSuo2RvBA3iH2ANE6DSoAiShzBSMmBnAi/?a=1233&bti=ODszNWYuMDE6&ch=0&cr=0&dr=0&er=0&lr=default&cd=0%7C0%7C0%7C0&br=250&bt=125&ds=5&ft=.NpOcInz7Thm0ywKXq8Zmo&mime_type=audio_mpeg&qs=13&rc=MzpoZ3A5cjs3czMzZjU8M0BpMzpoZ3A5cjs3czMzZjU8M0BoYGxrMmRzZmVgLS1kMWNzYSNoYGxrMmRzZmVgLS1kMWNzcw%3D%3D&vvpl=1&l=20250718003337E8252316C9C9A41BD52E&btag=e00078000&cc=13,https://p16-sign-useast2a.tiktokcdn.com/tos-useast2a-avt-0068-euttp/2030cf4eac5b02de5f2bb845cc0a5d34~tplv-tiktokx-cropcenter:1080:1080.jpeg?dr=14579&refresh_token=e00ac4bc&x-expires=1752940800&x-signature=2nfY2wJX%2BWSlIP02luix54lwD30%3D&t=4d5b0474&ps=13740610&shp=a5d48078&shcp=81f88b70&idc=maliva,jovenlandeces,https://webapp-i18n.tiktok.com/344df2c7cfb908b98ea11705964b2f55/687bc8f4/kmoat/mps/logo/v2/r/p/v0f044gc0000cph4h17og65pe62el7m0/617eb70e48584675979a8005809e4527/91a52160249a59d46702d3c9cd257d55/mp4/main.mp4?a=1988&bti=ODszNWYuMDE6&ch=0&cr=3&dr=0&lr=all&cd=0%7C0%7C0%7C&cv=1&br=0&bt=0&cs=0&ds=3&ft=4YBg3MUm8Zmo09Uv5I4jVzOmZpWrKsd.&mime_type=video_mp4&qs=0&rc=cnF8b2hsc2d3SkBwaHIxaDFybndmOjhoMzgzZDo4OTs7aDpoNEBpMzpoOXM5cjQ3czMzZjczM0BjRl5Nc3FePmJKYSNvYF90aHFmOiMvMTY1LTU2NjQxMjEtXzQzYSNqaS9iMmQ0ZWVgLS1kMWNzcw%3D%3D&btag=e000b8000&definition=720p&du=19&item_id=7377539428618685728&l=20250718003337E8252316C9C9A41BD52E&logo_type=tiktok&ply_type=2&policy=eyJ2bSI6MiwiY2siOiJ0dF9jaGFpbl90b2tlbiJ9&user_text=jovenlandeces,https://www.tiktok.com/jovenlandeces/video/7377539428618685728,,6,0,2,716,dembele🇫🇷‚euro2024‚memes,dembele🇫🇷‚EURO2024‚memes,,,Demebele eating pizza in the prematch😂🇫🇷,"No Filter Slim-soft touch,trái tim x4 ảnh v3",
zeeschuimer-export-tiktok.com-2025-07-18T17_45_41.302Z.csv,7503125576740277526,7503125576740277526,alba.bp._,alba.bp 🇪🇸🙌🏻,8053,35300,89,https://p16-sign-useast2a.tiktokcdn.com/tos-useast2a-avt-0068-euttp/2c912e395740d12cd34606a818a5b583~tplv-tiktokx-cropcenter:100:100.jpeg?dr=14579&refresh_token=845080d0&x-expires=1752940800&x-signature=CGHheoSf5NZ%2BBTYVBTUoIbVFd9Y%3D&t=4d5b0474&ps=13740610&shp=a5d48078&shcp=81f88b70&idc=maliva,😋✋🏻 #fyp #lentejas😎👌 #evrope#parati ,Sun May 11 2025,1746957562,no,no,оригинальный звук,7322474666579872518,https://v77.tiktokcdn.com/46dc8536089ae105ef4529acbafa81c0/687a7780/video/tos/useast2a/tos-useast2a-v-27dcd7/oUIA9sEhsJpANAMLf6ISELIKfTGDjeA0peabeI/?a=1233&bti=ODszNWYuMDE6&ch=0&cr=0&dr=0&er=0&lr=default&cd=0%7C0%7C0%7C0&br=250&bt=125&ds=5&ft=.NpOcInz7Thm0ywKXq8Zmo&mime_type=audio_mpeg&qs=13&rc=amtuPHk5cnVkcDMzNzU8M0BpamtuPHk5cnVkcDMzNzU8M0BqMWNuMmRjY2NgLS1kMTZzYSNqMWNuMmRjY2NgLS1kMTZzcw%3D%3D&vvpl=1&l=20250718003337E8252316C9C9A41BD52E&btag=e00048000&cc=13,https://p16-sign-va.tiktokcdn.com/tos-maliva-avt-0068/bd5f017770a3232387b15a5ebe82e54c~tplv-tiktokx-cropcenter:1080:1080.jpeg?dr=14579&refresh_token=d2117105&x-expires=1752940800&x-signature=SezLnT4cVixH%2FVwQ4ZokCeI1j94%3D&t=4d5b0474&ps=13740610&shp=a5d48078&shcp=81f88b70&idc=maliva,𝟘𝟟𝟟,https://v16-webapp-prime.tiktok.com/video/tos/no1a/tos-no1a-ve-0068c001-no/o4PCZMiEDIBMczQAoVdwf1iG0gELIW6CyBQDdA/?a=1988&bti=ODszNWYuMDE6&ch=0&cr=3&dr=0&lr=all&cd=0%7C0%7C0%7C&cv=1&br=1590&bt=795&cs=0&ds=3&ft=4fUEKMUm8Zmo09Uv5I4jVzOmZpWrKsd.&mime_type=video_mp4&qs=0&rc=ZWdnaWY8aWQzN2c5ZjZlNEBpajY8Z205cmg6MzMzbzczNUAtLWBhYC5eXzMxM2I2LzBfYSNeZmMwMmRjNWRhLS1kMTFzcw%3D%3D&btag=e000b8000&expire=1752942833&l=20250718003337E8252316C9C9A41BD52E&ply_type=2&policy=2&signature=a81c4890f8e637644760af126c11c384&tk=tt_chain_token,https://www.tiktok.com/alba.bp._/video/7503125576740277526,,1156,32,41,13800,fyp‚lentejas😎👌‚evrope‚parati,fyp‚lentejas😎👌‚evrope‚parati,,,You just to call me:   Dejar España limpia de jovenlandeses   Que te apoye como Eva brown   Y viajar obv 💅,"No Filter Slim-soft touch,trái tim x4 ảnh v3",
zeeschuimer-export-tiktok.com-2025-07-18T17_45_41.302Z.csv,7234608638831168814,7234608638831168814,eishanaeemah,eishanaeemah,223,8301,278,https://p16-sign-va.tiktokcdn.com/tos-maliva-avt-0068/b42d950770e5abd07e24029ea263c7b6~tplv-tiktokx-cropcenter:100:100.jpeg?dr=14579&refresh_token=b4f64e8a&x-expires=1752940800&x-signature=PIWUqAz9PMxJSxmMXQIukQKv3qs%3D&t=4d5b0474&ps=13740610&shp=a5d48078&shcp=81f88b70&idc=maliva,,Thu May 18 2023,1684438595,no,no,original sound,7234608615263439659,https://v77.tiktokcdn.com/3e304ff8d3ca435cf1c8a5c86a3c6bc3/687a7787/video/tos/maliva/tos-maliva-v-27dcd7c799-us/1d267495c1ab44cc9585f4fbb937c0d3/?a=1233&bti=ODszNWYuMDE6&ch=0&cr=0&dr=0&er=0&lr=default&cd=0%7C0%7C0%7C0&br=250&bt=125&ds=5&ft=.NpOcInz7Thm0ywKXq8Zmo&mime_type=audio_mpeg&qs=13&rc=M2U8Ozo6Zms6azMzZzU8NEBpM2U8Ozo6Zms6azMzZzU8NEBlajNycjQwcGdgLS1kMS9zYSNlajNycjQwcGdgLS1kMS9zcw%3D%3D&vvpl=1&l=20250718003337E8252316C9C9A41BD52E&btag=e00048000&cc=13,https://p16-sign-va.tiktokcdn.com/tos-maliva-avt-0068/b42d950770e5abd07e24029ea263c7b6~tplv-tiktokx-cropcenter:1080:1080.jpeg?dr=14579&refresh_token=b2d8edec&x-expires=1752940800&x-signature=gNWJc6M9zCcAaSUnp94qM%2FqoroE%3D&t=4d5b0474&ps=13740610&shp=a5d48078&shcp=81f88b70&idc=maliva,eishanaeemah,https://v16-webapp-prime.tiktok.com/video/tos/maliva/tos-maliva-ve-0068c799-us/oonBEM6bTMqkeDALQ4kURf5ngDxES3ghJjZqos/?a=1988&bti=ODszNWYuMDE6&ch=0&cr=3&dr=0&lr=all&cd=0%7C0%7C0%7C&cv=1&br=1020&bt=510&cs=0&ds=3&ft=4fUEKMUm8Zmo09Uv5I4jVzOmZpWrKsd.&mime_type=video_mp4&qs=0&rc=NDk1Nzk7N2Y2ODdlZjk6NUBpM3Y5Zjg6Zmg6azMzZzczNEA2MS5fL19eXy8xXzYyNTM1YSNpYDNmcjRncGdgLS1kMS9zcw%3D%3D&btag=e00088000&expire=1752942855&l=20250718003337E8252316C9C9A41BD52E&ply_type=2&policy=2&signature=9feb12cd22db73a51065396fb2bcc5b5&tk=tt_chain_token,https://www.tiktok.com/eishanaeemah/video/7234608638831168814,,44,3,5,319,,,,,,"No Filter Slim-soft touch,trái tim x4 ảnh v3",
zeeschuimer-export-tiktok.com-2025-07-18T17_45_41.302Z.csv,7384399655968181537,7384399655968181537,voonsports,Voon Sports,26000,168,392,https://p16-sign-va.tiktokcdn.com/tos-maliva-avt-0068/276c58e3fd6ebdb7d9fed0f1e8d22b3b~tplv-tiktokx-cropcenter:100:100.jpeg?dr=14579&refresh_token=3afe68ac&x-expires=1752940800&x-signature=59%2BXu3Kbaz%2BnJuDweb0zdrehciQ%3D&t=4d5b0474&ps=13740610&shp=a5d48078&shcp=81f88b70&idc=maliva,,Tue Jun 25 2024,1719314537,no,no,sonido original,7384399884788550433,https://v16m.tiktokcdn.com/d04a3c6b486e81bc9711cd5934b459fa/687a779c/video/tos/useast2a/tos-useast2a-v-2370-euttp/oAEc1FFOiecSDUfsTf6Eqno3geEFGr0YVMRIQa/?a=1233&bti=ODszNWYuMDE6&ch=0&cr=0&dr=0&er=0&lr=default&cd=0%7C0%7C0%7C0&br=250&bt=125&ft=.NpOcInz7Thm0ywKXq8Zmo&mime_type=audio_mpeg&qs=6&rc=ZWc7PDVlOzs4NWY2ODw5NkBpamRqOnU5cjZkczMzZjU8M0BhMmItXzZgNi4xXy1eL2MxYSNqMjVrMmRrZXFgLS1kMWNzcw%3D%3D&vvpl=1&l=20250718003337E8252316C9C9A41BD52E&btag=e00088000&cc=3,https://p77-sign-va.tiktokcdn.com/tos-maliva-avt-0068/276c58e3fd6ebdb7d9fed0f1e8d22b3b~tplv-tiktokx-cropcenter:1080:1080.jpeg?dr=14579&refresh_token=a7d85e30&x-expires=1752940800&x-signature=s6eB5kgZes%2BD1B70qkM9G%2FWEdhA%3D&t=4d5b0474&ps=13740610&shp=a5d48078&shcp=81f88b70&idc=maliva,Voon Sports,https://v16-webapp-prime.tiktok.com/video/tos/useast2a/tos-useast2a-ve-0068-euttp/oMviZQA0BmiSBqx6JZEIE2k6wEJgqinzK9nTs/?a=1988&bti=ODszNWYuMDE6&ch=0&cr=3&dr=0&lr=all&cd=0%7C0%7C0%7C&cv=1&br=2592&bt=1296&cs=0&ds=3&ft=4fUEKMUm8Zmo09Uv5I4jVzOmZpWrKsd.&mime_type=video_mp4&qs=0&rc=aWgzO2c5NTczOzY0PGZoaEBpajxlPHc5cjVkczMzZjczM0AwNi8vXi1iXl4xMDRgYzQwYSNgYGsvMmRrY3FgLS1kMWNzcw%3D%3D&btag=e00088000&expire=1752942876&l=20250718003337E8252316C9C9A41BD52E&ply_type=2&policy=2&signature=8e721b48ca9f1bf13f9ccd1cff7a5914&tk=tt_chain_token,https://www.tiktok.com/voonsports/video/7384399655968181537,,1634,9,6,32000,,EURO2024‚onsoranje‚netherlands‚xavisimons‚jorrelhato‚brianbobbey‚ianmaatsen‚eurocopa2024‚debut‚promesa‚jovenpromesa‚youngtalent‚voonsports‚masteryourgame,,,,"No Filter Slim-soft touch,trái tim x4 ảnh v3",
zeeschuimer-export-tiktok.com-2025-07-18T17_45_41.302Z.csv,7373146056734838021,7373146056734838021,jovenesecj,Jóvenes ecj,835,36,6,https://p16-sign-va.tiktokcdn.com/tos-maliva-avt-0068/03997353f39a60b989dc0d342f8a7bed~tplv-tiktokx-cropcenter:100:100.jpeg?dr=14579&refresh_token=bef96635&x-expires=1752940800&x-signature=RVRkMCKMXoHsKl5SAJsZ8xWNvNY%3D&t=4d5b0474&ps=13740610&shp=a5d48078&shcp=81f88b70&idc=maliva,Las cosas andan bien. Cuando el Pastor le pregunta al líder de jóvenes como va todo. #jovenescristianos  #rells #tiktokcristianos @jovenesecj #lascosasandanbien,Sun May 26 2024,1716694347,no,no,No me quejo,7274841753553799942,https://v16m.tiktokcdn.com/3aa12d4145258b61b13c3efbec0a9ef6/687a776c/video/tos/useast2a/tos-useast2a-v-27dcd7/osBEggjABnb95Je1Qf8DQ4EDJCpmA5JbUABkAW/?a=1233&bti=ODszNWYuMDE6&ch=0&cr=0&dr=0&er=0&lr=default&cd=0%7C0%7C0%7C0&br=252&bt=126&ds=5&ft=.NpOcInz7Thm0ywKXq8Zmo&mime_type=audio_mpeg&qs=13&rc=amtzN2Q6ZjVwbTMzNzU8M0BpamtzN2Q6ZjVwbTMzNzU8M0Bzci41cjRfcG5gLS1kMTZzYSNzci41cjRfcG5gLS1kMTZzcw%3D%3D&vvpl=1&l=20250718003337E8252316C9C9A41BD52E&btag=e00070000&cc=3,https://p16-sign-sg.tiktokcdn.com/tos-alisg-avt-0068/733f46bf2a7661ada130787a8e1b1192~tplv-tiktokx-cropcenter:1080:1080.jpeg?dr=14579&refresh_token=639a3b17&x-expires=1752940800&x-signature=WRoDxptORqnEWLyZxB0J36DehPU%3D&t=4d5b0474&ps=13740610&shp=a5d48078&shcp=81f88b70&idc=maliva,@ALEXIS.MEDINA⚡️,https://webapp-sg.tiktok.com/e55d2133fbd80f4be4e26ff23ffe0a79/687bc8eb/kmoat/mps/logo/v3/r/p/v09044g40000cp9apufog65mg4i5kdcg/71327d7d1e834264a5696d60e848f2bb/9291afa276350d4bc8b7adfcb2cac716/mp4/main.mp4?a=1988&bti=ODszNWYuMDE6&ch=0&cr=3&dr=0&lr=all&cd=0%7C0%7C0%7C&cv=1&br=0&bt=0&cs=0&ds=3&ft=piBE5MUm8Zmo09Uv5I4jVzOmZpWrKsd.&mime_type=video_mp4&qs=0&rc=cnF8b2hsc2d3SkBwaHIxaDFybndmZTU7OzNnPDg3NTZoZ2c1NEBpamc4N3A5cnhkczMzNzczM0BjRl5Nc3FePmJKYSNvYF90aHFmOiNfYzFiMzMzXjMxNS40NDA0YSNgaGZkMmRjbTZgLS1kMTZzcw%3D%3D&btag=e000b0000&definition=720p&du=10&item_id=7373146056734838021&l=20250718003337E8252316C9C9A41BD52E&logo_type=tiktok_creator&ply_type=2&policy=eyJ2bSI6MiwiY2siOiJ0dF9jaGFpbl90b2tlbiJ9&sign_params=item_id%2Cuser_text&user_text=jovenesecj,https://www.tiktok.com/jovenesecj/video/7373146056734838021,,18100,106,3352,290600,jovenescristianos‚rells‚tiktokcristianos‚lascosasandanbien,jovenescristianos‚rells‚tiktokcristianos‚lascosasandanbien,,,Cuando el Pastor le pregunta el líder de jóvenes como va todo:,"No Filter Slim-soft touch,trái tim x4 ảnh v3",
zeeschuimer-export-tiktok.com-2025-07-18T17_45_41.302Z.csv,7449451695815347488,7449451695815347488,jovenlandia,Jovenlandia,2261,30000,54,https://p16-sign-va.tiktokcdn.com/tos-maliva-avt-0068/caa73e017a21ad8987bd42496a6c8302~tplv-tiktokx-cropcenter:100:100.jpeg?dr=14579&refresh_token=fd48fc7d&x-expires=1752940800&x-signature=t3Pas7FVa%2FOo%2FxTFZPrw4ZePzK4%3D&t=4d5b0474&ps=13740610&shp=a5d48078&shcp=81f88b70&idc=maliva,Iluminan el único árbol barranco del pollo #Paiporta #Navidad2024 #ÁrbolDeNavidad #TradicionesNavideñas #NoticiasValencia #Actualidad #ParaTi #FYP,Tue Dec 17 2024,1734460638,no,no,sonido original,7449451715486649121,https://v77.tiktokcdn.com/88ad0000e376e45edbc2ab953f632a19/687a7782/video/tos/useast2a/tos-useast2a-v-2370-euttp/oAnKzBistEBKv7ABJ8AofVivzhE8EdhhnANOxA/?a=1233&bti=ODszNWYuMDE6&ch=0&cr=0&dr=0&er=0&lr=default&cd=0%7C0%7C0%7C0&br=250&bt=125&ds=5&ft=.NpOcInz7Thm0ywKXq8Zmo&mime_type=audio_mpeg&qs=13&rc=M2c6b3U5cnF2dzMzZjU8M0BpM2c6b3U5cnF2dzMzZjU8M0ByNGBrMmRzNmRgLS1kMWNzYSNyNGBrMmRzNmRgLS1kMWNzcw%3D%3D&vvpl=1&l=20250718003337E8252316C9C9A41BD52E&btag=e00048000&cc=13,https://p16-sign-va.tiktokcdn.com/tos-maliva-avt-0068/caa73e017a21ad8987bd42496a6c8302~tplv-tiktokx-cropcenter:1080:1080.jpeg?dr=14579&refresh_token=e38ed072&x-expires=1752940800&x-signature=aMBUuyfUTwlJwJM7nAU5hyN4tfI%3D&t=4d5b0474&ps=13740610&shp=a5d48078&shcp=81f88b70&idc=maliva,Jovenlandia,https://webapp-i18n.tiktok.com/610e8488968066f4eb95e063b24797a4/687bc902/kmoat/mps/logo/v2/r/p/v0f044gc0000ctgri8nog65kvsrnkv3g/5123f4f787df49c7a128e168d1373d44/9ce33c7996a1abe987addbeec1fc994d/mp4/main.mp4?a=1988&bti=ODszNWYuMDE6&ch=0&cr=3&dr=0&lr=all&cd=0%7C0%7C0%7C&cv=1&br=0&bt=0&cs=0&ds=3&eid=1286&ft=4YBg3MUm8Zmo09Uv5I4jVzOmZpWrKsd.&mime_type=video_mp4&qs=0&rc=cnF8b2hsc2d3SkBwaHIxaDFybndmN2c6NDs0OzQ6PGk6Ojc2NEBpanlxdm45cjt1dzMzZjczM0BjRl5Nc3FePmJKYSNvYF90aHFmOiMxMDBhM2IvXmAxYTVjYy8yYSMwaG9zMmRrZmRgLS1kMWNzcw%3D%3D&btag=e00088000&definition=720p&du=32&item_id=7449451695815347488&l=20250718003337E8252316C9C9A41BD52E&logo_type=tiktok_m&ply_type=2&policy=eyJ2bSI6MiwiY2siOiJ0dF9jaGFpbl90b2tlbiJ9&user_text=jovenlandia,https://www.tiktok.com/jovenlandia/video/7449451695815347488,,579,15,36,6713,paiporta‚navidad2024‚árboldenavidad‚tradicionesnavideñas‚noticiasvalencia‚actualidad‚parati‚fyp,paiporta‚navidad2024‚árboldenavidad‚tradicionesnavideñas‚noticiasvalencia‚actualidad‚parati‚fyp,,,Emotivo homenaje en Paiporta. Han iluminado el único árbol que ha quedado en pie tras la riada‚Que no se nos olvide Valencia,"No Filter Slim-soft touch,trái tim x4 ảnh v3",
zeeschuimer-export-tiktok.com-2025-07-18T17_45_41.302Z.csv,7520352256638586134,7520352256638586134,antisistema533,Antisistema,236,403,41,https://p77-sign-va.tiktokcdn.com/tos-maliva-avt-0068/56bf628795d93586b41565c850c22ae0~tplv-tiktokx-cropcenter:100:100.jpeg?dr=14579&refresh_token=bbca5549&x-expires=1752940800&x-signature=haiOF8Rdq%2BBMuLEw1bWIh91yphc%3D&t=4d5b0474&ps=13740610&shp=a5d48078&shcp=81f88b70&idc=maliva,#catalunya #catalunyatiktok #jovelandia #politique #paratiiiiiiiiiiiiiiiiiiiiiiiiiiiiiii #verguenzaajena #mena #corruption #españatiktok @cansado del sistema ,Thu Jun 26 2025,1750968459,no,no,sonido original,7520352270246103830,https://v77.tiktokcdn.com/c9f3ba37ab31977b341204a754c11e76/687a77f7/video/tos/no1a/tos-no1a-v-2370-no/oAQY2EBlPAqBCY00AavAkCMZhAdoiiFCESBJC/?a=1233&bti=ODszNWYuMDE6&ch=0&cr=0&dr=0&er=0&lr=default&cd=0%7C0%7C0%7C0&br=250&bt=125&ds=5&ft=.NpOcInz7Thm0ywKXq8Zmo&mime_type=audio_mpeg&qs=13&rc=M3I4Z245cjd0NDMzbzU8NUBpM3I4Z245cjd0NDMzbzU8NUAuMTEzMmQ0ZWJhLS1kMTFzYSMuMTEzMmQ0ZWJhLS1kMTFzcw%3D%3D&vvpl=1&l=20250718003337E8252316C9C9A41BD52E&btag=e00050000&cc=13,https://p16-sign-va.tiktokcdn.com/tos-maliva-avt-0068/56bf628795d93586b41565c850c22ae0~tplv-tiktokx-cropcenter:1080:1080.jpeg?dr=14579&refresh_token=09861aff&x-expires=1752940800&x-signature=jAp%2BUqra5XGgHG%2BLyrcv3r2pxfM%3D&t=4d5b0474&ps=13740610&shp=a5d48078&shcp=81f88b70&idc=maliva,Antisistema,https://v16-webapp-prime.tiktok.com/video/tos/no1a/tos-no1a-ve-0068c001-no/o4OMhxgIQEnKSQcFaAoEeDDBXIqNk4wfgAKFCR/?a=1988&bti=ODszNWYuMDE6&ch=0&cr=3&dr=0&lr=all&cd=0%7C0%7C0%7C&cv=1&br=1572&bt=786&cs=0&ds=3&ft=4fUEKMUm8Zmo09Uv5I4jVzOmZpWrKsd.&mime_type=video_mp4&qs=0&rc=aDczNjhkZjdmMzNoZ2hpaUBpM21va3I5cm10NDMzbzczNUAuMl5hLi42XzMxYzEyLmBgYSNmbGhmMmQ0ZGJhLS1kMTFzcw%3D%3D&btag=e00090000&expire=1752942967&l=20250718003337E8252316C9C9A41BD52E&ply_type=2&policy=2&signature=c2afba128c2a805a2cd13cb2621ff37e&tk=tt_chain_token,https://www.tiktok.com/antisistema533/video/7520352256638586134,,219,17,22,3008,catalunya‚catalunyatiktok‚jovelandia‚politique‚paratiiiiiiiiiiiiiiiiiiiiiiiiiiiiiii‚verguenzaajena‚mena‚corruption‚españatiktok,catalunya‚catalunyatiktok‚jovelandia‚politique‚paratiiiiiiiiiiiiiiiiiiiiiiiiiiiiiii‚verguenzaajena‚mena‚corruption‚españatiktok,,,,"No Filter Slim-soft touch,trái tim x4 ảnh v3",
zeeschuimer-export-tiktok.com-2025-07-18T17_45_41.302Z.csv,7374142292770196768,7374142292770196768,yuji_beleza,yuji_beleza,5500000,949,597,https://p16-common-sign-useastred.tiktokcdn-eu.com/tos-useast2a-avt-0068-euttp/fb795ef88043619cdcd159967073fef7~tplv-tiktokx-cropcenter:100:100.jpeg?dr=14579&refresh_token=9a183857&x-expires=1752940800&x-signature=%2FTVdH902hO1EnYivZMnWWNIZMkA%3D&t=4d5b0474&ps=13740610&shp=a5d48078&shcp=81f88b70&idc=maliva,These handsome Dutch boys love Turkish food 😂🇹🇷❤️ Visit @Cio’s Kebap& Grill to taste the best Turkish food in Vienna  #turkish #vienna #croatia #turkey ,Tue May 28 2024,1716926303,no,no,оригинальный звук - yuji_beleza,7374142382600227617,https://v77.tiktokcdn.com/d89250365e414640ecdabf3fd6876286/687a7790/video/tos/useast2a/tos-useast2a-v-2370-euttp/oYBEYNf2E85UP4VB0W6DfD6JduCFAAjQAyYmEJ/?a=1233&bti=ODszNWYuMDE6&ch=0&cr=0&dr=0&er=0&lr=default&cd=0%7C0%7C0%7C0&br=250&bt=125&ds=5&ft=.NpOcInz7Thm0ywKXq8Zmo&mime_type=audio_mpeg&qs=13&rc=M25rNHY5cnU2czMzZjU8M0BpM25rNHY5cnU2czMzZjU8M0BxczJzMmRrYl9gLS1kMWNzYSNxczJzMmRrYl9gLS1kMWNzcw%3D%3D&vvpl=1&l=20250718003337E8252316C9C9A41BD52E&btag=e00048000&cc=13,https://p16-common-sign-useastred.tiktokcdn-eu.com/tos-useast2a-avt-0068-euttp/fb795ef88043619cdcd159967073fef7~tplv-tiktokx-cropcenter:1080:1080.jpeg?dr=14579&refresh_token=9524461f&x-expires=1752940800&x-signature=tC28gVFunO3jxh4rIPZa4Zwq%2Bwc%3D&t=4d5b0474&ps=13740610&shp=a5d48078&shcp=81f88b70&idc=maliva,yuji_beleza,https://v16-webapp-prime.tiktok.com/video/tos/useast2a/tos-useast2a-ve-0068-euttp/oYiu3LhzKAJjh5ZQi6rxBINAnDWfEqdVCwNoIB/?a=1988&bti=ODszNWYuMDE6&ch=0&cr=3&dr=0&lr=all&cd=0%7C0%7C0%7C&cv=1&br=4016&bt=2008&cs=0&ds=3&ft=4fUEKMUm8Zmo09Uv5I4jVzOmZpWrKsd.&mime_type=video_mp4&qs=0&rc=ODVnN2llOzpkNzo3NTY0Z0BpanNwZHQ5cmY2czMzZjczM0AuMzRgNTMxXi4xYTEzX15hYSMzNG9sMmRzYl9gLS1kMWNzcw%3D%3D&btag=e00088000&expire=1752942864&l=20250718003337E8252316C9C9A41BD52E&ply_type=2&policy=2&signature=b5f7742cf10294aea5da85f34a8d653b&tk=tt_chain_token,https://www.tiktok.com/yuji_beleza/video/7374142292770196768,,142600,832,10400,2400000,turkish‚vienna‚croatia‚turkey,turkish‚vienna‚croatia‚turkey,,,,"trái tim x4 ảnh v3,No Filter Slim-soft touch",
zeeschuimer-export-tiktok.com-2025-07-18T17_45_41.302Z.csv,7404142515693096197,7404142515693096197,noblezalaucha,Nobleza Laucha,109000,1590,177,https://p16-sign-va.tiktokcdn.com/tos-maliva-avt-0068/34803e37961fe254211ed1ad83930b44~tplv-tiktokx-cropcenter:100:100.jpeg?dr=14579&refresh_token=486716fd&x-expires=1752940800&x-signature=TttB%2Bnm%2BFfOBz%2BiIfBGc4xCz5Ts%3D&t=4d5b0474&ps=13740610&shp=a5d48078&shcp=81f88b70&idc=maliva,Conoce al joven millonario que logró jubilarse con tan solo 19 años y ahora puede disfrutar de la vida. #reaction #coaching #éxito #negocios ,Sat Aug 17 2024,1723911273,no,no,An instrumental with a clear and refreshing sound(1412170),7210840458547857410,https://sf16-ies-music-va.tiktokcdn.com/obj/tos-useast2a-ve-2774/okCgkedv0EhsnGWCZbGBg1tIgQDeBwpopk4oQ4,https://p16-amd-va.tiktokcdn.com/img/tos-useast2a-v-2774/c169c2cce31c4e268fb718986f4801d6~c5_720x720.jpeg,Eto,https://v16-webapp-prime.tiktok.com/video/tos/maliva/tos-maliva-ve-0068c801-us/ocfPBAdfykgrWIIbGALeFEAiNuBSfoQ6GRGxRJ/?a=1988&bti=ODszNWYuMDE6&ch=0&cr=3&dr=0&lr=all&cd=0%7C0%7C0%7C&cv=1&br=1828&bt=914&cs=0&ds=3&ft=4fUEKMUm8Zmo09Uv5I4jVzOmZpWrKsd.&mime_type=video_mp4&qs=0&rc=NjloZzkzOzxmNGg6ODNmNEBpMzlmZXY5cnNmdTMzNzczM0BjNWA2NDZgXl4xLjQwLTI2YSNucXFjMmQ0ay1gLS1kMTZzcw%3D%3D&btag=e00090000&expire=1752942895&l=20250718003337E8252316C9C9A41BD52E&ply_type=2&policy=2&signature=c57a454812ec005bba0f3643783a9a8d&tk=tt_chain_token,https://www.tiktok.com/noblezalaucha/video/7404142515693096197,,123100,1741,3730,2200000,reaction‚coaching‚éxito‚negocios,reaction‚coaching‚éxito‚negocios,,,El joven que se jubiló a los 19 años,"No Filter Slim-soft touch,trái tim x4 ảnh v3",
zeeschuimer-export-tiktok.com-2025-07-18T17_45_41.302Z.csv,7174061150294871301,7174061150294871301,sebastianrg230,Sebastian Ramirez,272,103500,17,https://p16-sign-sg.tiktokcdn.com/tos-alisg-avt-0068/9d20461040c64faa8ef1a3c98459cdfd~tplv-tiktokx-cropcenter:100:100.jpeg?dr=14579&refresh_token=d228f427&x-expires=1752940800&x-signature=AZnNjTJqnPU6YZx9LavZyf69Ezg%3D&t=4d5b0474&ps=13740610&shp=a5d48078&shcp=81f88b70&idc=maliva,Myke Towers‚ JOVEN LEYENDA - LYRICS 🔥💯🙏🏽 #lyrics #myketowers #parati #fyp #jovenleyendamyketowers #jovenleyenda #urban #urbano ,Tue Dec 06 2022,1670341281,no,no,sonido original,7174061177327258373,https://v77.tiktokcdn.com/925afd8a29c54e40a098ca171e08e9cb/687a779e/video/tos/useast2a/tos-useast2a-v-27dcd7/ddcb8062b834467cbc4c3e8011495f63/?a=1233&bti=ODszNWYuMDE6&ch=0&cr=0&dr=0&er=0&lr=default&cd=0%7C0%7C0%7C0&br=252&bt=126&ds=5&ft=.NpOcInz7Thm0ywKXq8Zmo&mime_type=video_mp4&qs=13&rc=ajozbjU6ZjtwaDMzNzU8M0BpajozbjU6ZjtwaDMzNzU8M0BfbnNwcjRvMjRgLS1kMTZzYSNfbnNwcjRvMjRgLS1kMTZzcw%3D%3D&vvpl=1&l=20250718003337E8252316C9C9A41BD52E&btag=e00050000&cc=13,https://p16-sign-sg.tiktokcdn.com/tos-alisg-avt-0068/9d20461040c64faa8ef1a3c98459cdfd~tplv-tiktokx-cropcenter:1080:1080.jpeg?dr=14579&refresh_token=08d7c289&x-expires=1752940800&x-signature=teliI%2FsXmM7k%2BG4J8HAYKJAg6SM%3D&t=4d5b0474&ps=13740610&shp=a5d48078&shcp=81f88b70&idc=maliva,Sebastian Ramirez,https://v16-webapp-prime.tiktok.com/video/tos/maliva/tos-maliva-ve-68c800-us/ok2EfjQ2XeGOABJOIjJlRyQKFDIGbB1nUPYrQd/?a=1988&bti=ODszNWYuMDE6&ch=0&cr=3&dr=0&lr=all&cd=0%7C0%7C0%7C&cv=1&br=2790&bt=1395&cs=0&ds=3&ft=4fUEKMUm8Zmo09Uv5I4jVzOmZpWrKsd.&mime_type=video_mp4&qs=0&rc=ZTZlODc0aDxkNzk8NzxnZEBpM28zeTc6ZnNwaDMzNzczM0AuMmAuMS81Xi8xYmNiNmFhYSM0YW1pcjRfLzRgLS1kMTZzcw%3D%3D&btag=e00090000&expire=1752942878&l=20250718003337E8252316C9C9A41BD52E&ply_type=2&policy=2&signature=e57a5728e521f8fcf463b8ac48014f58&tk=tt_chain_token,https://www.tiktok.com/sebastianrg230/video/7174061150294871301,,476,3,81,18400,lyrics‚myketowers‚parati‚fyp‚jovenleyendamyketowers‚jovenleyenda‚urban‚urbano,lyrics‚myketowers‚parati‚fyp‚jovenleyendamyketowers‚jovenleyenda‚urban‚urbano,,,,"No Filter Slim-soft touch,trái tim x4 ảnh v3",
zeeschuimer-export-tiktok.com-2025-07-18T17_45_41.302Z.csv,7356934200093576481,7356934200093576481,agenda2030conspiracy,Agenda2030,997,23,3,https://p16-sign-useast2a.tiktokcdn.com/tos-useast2a-avt-0068-euttp/d12f31f110e61455bb51bfa17fc8056c~tplv-tiktokx-cropcenter:100:100.jpeg?dr=14579&refresh_token=1d6e3eb0&x-expires=1752940800&x-signature=CCcir1WXy4On1HUHG8MK1VR002I%3D&t=4d5b0474&ps=13740610&shp=a5d48078&shcp=81f88b70&idc=maliva,Belgas de Jovenlandia 🇧🇪🕌 #santiagoabascal #vox #atentados #noticias   Fuente @WallStreetWolverine ,Fri Apr 12 2024,1712919733,no,no,sonido original,7356934229248903968,https://v77.tiktokcdn.com/e8fcf32baca463f97e84f87d3c339c37/687a778b/video/tos/useast2a/tos-useast2a-v-2370-euttp/ogEZZhFAivdikZBEAzogwClAU0yMAtbWjLYAT/?a=1233&bti=ODszNWYuMDE6&ch=0&cr=0&dr=0&er=0&lr=default&cd=0%7C0%7C0%7C0&br=250&bt=125&ds=5&ft=.NpOcInz7Thm0ywKXq8Zmo&mime_type=audio_mpeg&qs=13&rc=M2w0OG05cmdrcjMzZjU8M0BpM2w0OG05cmdrcjMzZjU8M0BkZWkzMmRrNmBgLS1kMWNzYSNkZWkzMmRrNmBgLS1kMWNzcw%3D%3D&vvpl=1&l=20250718003337E8252316C9C9A41BD52E&btag=e00048000&cc=13,https://p16-sign-useast2a.tiktokcdn.com/tos-useast2a-avt-0068-euttp/d12f31f110e61455bb51bfa17fc8056c~tplv-tiktokx-cropcenter:1080:1080.jpeg?dr=14579&refresh_token=12777cb8&x-expires=1752940800&x-signature=RdVJO3crTwca6TTlXxzIjKkTgjo%3D&t=4d5b0474&ps=13740610&shp=a5d48078&shcp=81f88b70&idc=maliva,Agenda2030,https://v16-webapp-prime.tiktok.com/video/tos/useast2a/tos-useast2a-ve-0068c001-euttp/ogfIjILMKQGWRsgAUovgeeIhMyIvjsSGeIZiKE/?a=1988&bti=ODszNWYuMDE6&ch=0&cr=3&dr=0&lr=all&cd=0%7C0%7C0%7C&cv=1&br=1724&bt=862&cs=0&ds=3&ft=4fUEKMUm8Zmo09Uv5I4jVzOmZpWrKsd.&mime_type=video_mp4&qs=0&rc=PDdkO2hlOTllODU3NzgzPEBpMzg4OnU5cjVrcjMzZjczM0AxYy8uYTY2Xi8xXy82YzQvYSNeMG0xMmQ0MmBgLS1kMWNzcw%3D%3D&btag=e00088000&expire=1752942859&l=20250718003337E8252316C9C9A41BD52E&ply_type=2&policy=2&signature=5918aa0e0281ebabd23bd2cae4655c39&tk=tt_chain_token,https://www.tiktok.com/agenda2030conspiracy/video/7356934200093576481,,304,25,9,2235,santiagoabascal‚vox‚atentados‚noticias,santiagoabascal‚vox‚atentados‚noticias,,,    Belgas           De  Jovenlandia,"No Filter Slim-soft touch,trái tim x4 ảnh v3",
zeeschuimer-export-tiktok.com-2025-07-18T17_45_41.302Z.csv,7469750796062723383,7469750796062723383,statusfutt,statusfutt,2349,1622,101,https://p16-sign-va.tiktokcdn.com/tos-maliva-avt-0068/21fbe87c9224105abeec7615a4c0299c~tplv-tiktokx-cropcenter:100:100.jpeg?dr=14579&refresh_token=6d059721&x-expires=1752940800&x-signature=wk3dlydLgD0hKZlpeAc3CLn6kf8%3D&t=4d5b0474&ps=13740610&shp=a5d48078&shcp=81f88b70&idc=maliva,Jorrel Hato é um jovem jogador de futebol holandês‚ nascido em 7 de março de 2006‚ em Amsterdã‚ Países Baixos. Com apenas 18 anos‚ ele já se destaca como uma das grandes promessas do futebol europeu. Hato atua principalmente como defensor‚ podendo jogar tanto como zagueiro central quanto como lateral-esquerdo‚ demonstrando versatilidade e inteligência tática. Atualmente‚ ele joga pelo Ajax‚ um dos clubes mais tradicionais da Holanda‚ onde tem contrato até 30 de junho de 2028. Hato é canhoto‚ tem 182 cm de altura e pesa 77 kg. Seu número de camisa no clube é o 4. Desde que subiu ao time principal‚ ele tem impressionado pela maturidade em campo‚ com estatísticas notáveis‚ como alta precisão nos passes (chegando a 94% em algumas partidas)‚ boa capacidade de ganhar duelos aéreos e terrestres‚ além de contribuir com assistências e progressões com a bola. Hato é frequentemente elogiado por sua habilidade técnica‚ visão de jogo e capacidade de conduzir a bola‚ características que o tornam um defensor moderno‚ adaptado às exigências do futebol atual. Ele já despertou interesse de grandes clubes europeus‚ como o Liverpool‚ devido ao seu potencial e desempenho em competições como a Eredivisie e a UEFA Europa League. Em resumo‚ Jorrel Hato é um talento emergente do futebol holandês‚ com um futuro promissor tanto no Ajax quanto na seleção nacional‚ sendo considerado uma joia da famosa academia De Toekomst do clube. #futebol #fc25 #fifa #fcmobile ,Mon Feb 10 2025,1739186895,no,no,ANGEL,7385516097904314385,https://sf16-ies-music-va.tiktokcdn.com/obj/tos-useast2a-ve-2774/ocQ8eMcasCqqWAzvjgYFzFEDBoD5Hfd7ufyDEg,https://p16-amd-va.tiktokcdn.com/img/tos-useast2a-v-2774/oAZnaAAMMDDFqw5fC0FEA2DsafFzLzAIIwfBg5~c5_720x720.jpeg,Shipu & CLOUD ZERO,https://v16-webapp-prime.tiktok.com/video/tos/alisg/tos-alisg-ve-37c813-sg/ogAUDfkiIErSIv4KcgPgFCSpQvjeATnEeCOGrt/?a=1988&bti=ODszNWYuMDE6&ch=0&cr=3&dr=0&lr=all&cd=0%7C0%7C0%7C&cv=1&br=844&bt=422&cs=0&ds=3&ft=4fUEKMUm8Zmo09Uv5I4jVzOmZpWrKsd.&mime_type=video_mp4&qs=0&rc=ODQ3ODU8OmhkNzNoOTZlZEBpMzhxNWw5cjt4eDMzNzczM0AuLjAzNF40Xy4xMl9jNC4xYSMuNF40MmRrLWhgLS1kMTZzcw%3D%3D&btag=e00090000&expire=1752942879&l=20250718003337E8252316C9C9A41BD52E&ply_type=2&policy=2&signature=bdec43d9cd54ff64f0ce49d57f106f14&tk=tt_chain_token,https://www.tiktok.com/statusfutt/video/7469750796062723383,,259,3,3,2926,futebol‚fc25‚fifa‚fcmobile,futebol‚fc25‚fifa‚fcmobile,,,Potencial overall 88 ✅‚18 anos de idade 🥵‚Um dos maiores talentos da Holanda 🇳🇱 ,"No Filter Slim-soft touch,trái tim x4 ảnh v3",
zeeschuimer-export-tiktok.com-2025-07-18T17_45_41.302Z.csv,7381659656495680773,7381659656495680773,joven.landas,Joven Landas,2,3,3,https://p16-sign-va.tiktokcdn.com/tos-maliva-avt-0068/7263354883330768902~tplv-tiktokx-cropcenter:100:100.jpeg?dr=14579&refresh_token=364ce527&x-expires=1752940800&x-signature=phcc3EqSmGWU7NOExA7hsiZawxU%3D&t=4d5b0474&ps=13740610&shp=a5d48078&shcp=81f88b70&idc=maliva,seshhh,Tue Jun 18 2024,1718676573,no,no,Dilaw by Maki,7362922628443966214,https://v77.tiktokcdn.com/ac3cd26428360a775da23f8eec22b3cb/687a7797/video/tos/useast2a/tos-useast2a-v-27dcd7/oAEuEABAJWWLCADmSFA5feMW9s9UgEAQJolyBF/?a=1233&bti=ODszNWYuMDE6&ch=0&cr=0&dr=0&er=0&lr=default&cd=0%7C0%7C0%7C0&br=250&bt=125&ds=5&ft=.NpOcInz7Thm0ywKXq8Zmo&mime_type=audio_mpeg&qs=13&rc=anhnbHg5cjs4cjMzNzU8M0BpanhnbHg5cjs4cjMzNzU8M0ByNW1oMmQ0amtgLS1kMTZzYSNyNW1oMmQ0amtgLS1kMTZzcw%3D%3D&vvpl=1&l=20250718003337E8252316C9C9A41BD52E&btag=e00048000&cc=13,https://p16-sign-sg.tiktokcdn.com/tos-alisg-avt-0068/4aa6255d661fd2c58a06342052eebd27~tplv-tiktokx-cropcenter:1080:1080.jpeg?dr=14579&refresh_token=e0ba4def&x-expires=1752940800&x-signature=Dp59MrIqpsvymexUxwMg2mea2QI%3D&t=4d5b0474&ps=13740610&shp=a5d48078&shcp=81f88b70&idc=maliva,Maki *ੈ✩‧₊˚,https://webapp-va.tiktok.com/bfe7cb74f239b530243d037b006df4ef/687bc8f1/kmoat/mps/logo/v2/r/p/v09044g40000cpoeif7og65mfp9me9r0/9856161d69b04b27bc8629a7ff5dca48/79560fa8c65302f4fd6292313327dd95/mp4/main.mp4?a=1988&bti=ODszNWYuMDE6&ch=0&cr=3&dr=0&lr=all&cd=0%7C0%7C0%7C&br=0&bt=0&cs=0&ds=3&ft=piBEGMUm8Zmo09Uv5I4jVzOmZpWrKsd.&mime_type=video_mp4&qs=0&rc=cnF8b2hsc2d3SkBwaHIxaDFybndmO2RnaTo8OWY6ZTM8Zzk5O0BpMzxwc3A5cmloczMzNzczM0BjRl5Nc3FePmJKYSNvYF90aHFmOiMxYDJjXi81Xy8xXzMuLjI2YSNvYjZjMmQ0ZmxgLS1kMTZzcw%3D%3D&btag=e000b8000&definition=720p&du=15&item_id=7381659656495680773&l=20250718003337E8252316C9C9A41BD52E&logo_type=tiktok&ply_type=2&policy=eyJ2bSI6MiwiY2siOiJ0dF9jaGFpbl90b2tlbiJ9&user_text=joven.landas,https://www.tiktok.com/joven.landas/video/7381659656495680773,,5,0,0,146,,,,,,"No Filter Slim-soft touch,trái tim x4 ảnh v3",
zeeschuimer-export-tiktok.com-2025-07-18T17_45_41.302Z.csv,7490203228064304406,7490203228064304406,aymeneam,AYMENE,6056,10300,71,https://p77-sign-va.tiktokcdn.com/tos-maliva-avt-0068/843bc9e0d31a92ca9de2bea3249c51da~tplv-tiktokx-cropcenter:100:100.jpeg?dr=14579&refresh_token=c6488dbc&x-expires=1752940800&x-signature=Ndx1yXj1AWoKltGJ5KleH%2BD9xz4%3D&t=4d5b0474&ps=13740610&shp=a5d48078&shcp=81f88b70&idc=maliva,,Sun Apr 06 2025,1743948843,no,no,оригінальний звук,7459848268140628758,https://v77.tiktokcdn.com/1b303905a10144631ca6978099396086/687a779e/video/tos/no1a/tos-no1a-v-2370-no/o0CAFUInkECAAJoESiGfBFthCD3KCrE1oonxfg/?a=1233&bti=ODszNWYuMDE6&ch=0&cr=0&dr=0&er=0&lr=default&cd=0%7C0%7C0%7C0&br=250&bt=125&ds=5&ft=.NpOcInz7Thm0ywKXq8Zmo&mime_type=audio_mpeg&qs=13&rc=Mzs5cXQ5cjNleDMzbzU8NUBpMzs5cXQ5cjNleDMzbzU8NUBlY3JkMmRrNjBgLS1kMTFzYSNlY3JkMmRrNjBgLS1kMTFzcw%3D%3D&vvpl=1&l=20250718003337E8252316C9C9A41BD52E&btag=e00050000&cc=13,https://p16-sign-va.tiktokcdn.com/tos-maliva-avt-0068/33f3d29b786792ca028a536f90e947ea~tplv-tiktokx-cropcenter:1080:1080.jpeg?dr=14579&refresh_token=8001ec85&x-expires=1752940800&x-signature=DQafl7cEM4c9l75RldapcBx8qc4%3D&t=4d5b0474&ps=13740610&shp=a5d48078&shcp=81f88b70&idc=maliva,nothing,https://webapp-i18n.tiktok.com/b1343638ec39dbb3b8185e85ae3fcc82/687bc8f4/kmoat/mps/logo/v2/r/p/v24044gl0000cvp8o4vog65k10fl3csg/584bffe018804a80aefc71338ffbb40c/027d4268c23030707d434819135b0396/mp4/main.mp4?a=1988&bti=ODszNWYuMDE6&ch=0&cr=3&dr=0&lr=all&cd=0%7C0%7C0%7C&cv=1&br=0&bt=0&cs=0&ds=3&eid=1286&ft=4YBg3MUm8Zmo09Uv5I4jVzOmZpWrKsd.&mime_type=video_mp4&qs=0&rc=cnF8b2hsc2d3SkBwaHIxaDFybndmZjdlaTY0ZmgzZDM7M2llO0BpamZvM245cjc7eTMzbzczNUBjRl5Nc3FePmJKYSNvYF90aHFmOiMtX2M1MDRjXjUxNS5iYzEyYSNwMGMuMmRzbG1gLS1kMTFzcw%3D%3D&btag=e000b8000&definition=720p&du=19&item_id=7490203228064304406&l=20250718003337E8252316C9C9A41BD52E&logo_type=tiktok_m&ply_type=2&policy=eyJ2bSI6MiwiY2siOiJ0dF9jaGFpbl90b2tlbiJ9&user_text=aymeneam,https://www.tiktok.com/aymeneam/video/7490203228064304406,,1228,62,25,9732,,,,,,"No Filter Slim-soft touch,trái tim x4 ảnh v3",
zeeschuimer-export-tiktok.com-2025-07-18T17_45_41.302Z.csv,7455862535695207686,7455862535695207686,the_ykz_,Ykz,87600,4484,1803,https://p16-sign-sg.tiktokcdn.com/tos-alisg-avt-0068/9ed9c08ae6346a87fdda5e4546e664a9~tplv-tiktokx-cropcenter:100:100.jpeg?dr=14579&refresh_token=e2e78490&x-expires=1752940800&x-signature=jTEBb95VkSpNTfLSQ9N%2FDYM2Zks%3D&t=4d5b0474&ps=13740610&shp=a5d48078&shcp=81f88b70&idc=maliva,4. joven leyenda. @Myke Towers  #myketowers #myke #lykemike #lykemiike #jovenleyenda #youngking #4,Sat Jan 04 2025,1735953282,no,no,sonido original,7455862568131431173,https://v16m.tiktokcdn.com/90b660030bf01b6a8ad8e08fbec18c3d/687a778b/video/tos/useast2a/tos-useast2a-v-27dcd7/oIOi4KGwzxgATG44A0iioXBCKvBEYokMImfhkE/?a=1233&bti=ODszNWYuMDE6&ch=0&cr=0&dr=0&er=0&lr=default&cd=0%7C0%7C0%7C0&br=250&bt=125&ft=.NpOcInz7Thm0ywKXq8Zmo&mime_type=audio_mpeg&qs=6&rc=aGk3PDNkaTY2Ojg1NTs0ZkBpMzk1Nm45cjQ7dzMzNzU8M0AyNjYvXmIwNTUxLmMtXi5hYSNsL2tnMmRja3BgLS1kMTZzcw%3D%3D&vvpl=1&l=20250718003337E8252316C9C9A41BD52E&btag=e00088000&cc=3,https://p16-sign-sg.tiktokcdn.com/tos-alisg-avt-0068/9ed9c08ae6346a87fdda5e4546e664a9~tplv-tiktokx-cropcenter:1080:1080.jpeg?dr=14579&refresh_token=e5b361de&x-expires=1752940800&x-signature=THmIrEqnrorJBBt41Wy5xcCO%2FQU%3D&t=4d5b0474&ps=13740610&shp=a5d48078&shcp=81f88b70&idc=maliva,Ykz,https://v16-webapp-prime.tiktok.com/video/tos/alisg/tos-alisg-ve-37c813-sg/o8IouZQgS6ALMIRiJFjeE8eVfaGICCDI6g5Ob4/?a=1988&bti=ODszNWYuMDE6&ch=0&cr=3&dr=0&lr=all&cd=0%7C0%7C0%7C&cv=1&br=786&bt=393&cs=0&ds=3&ft=4fUEKMUm8Zmo09Uv5I4jVzOmZpWrKsd.&mime_type=video_mp4&qs=0&rc=OWQ4aTs3OzQ1ZTs7NjY6ZUBpM2k7Z2s5cm07dzMzNzczM0AtMl41YDYuXl8xMTQ1Ni1iYSMwcV8wMmQ0anBgLS1kMTZzcw%3D%3D&btag=e00088000&expire=1752942859&l=20250718003337E8252316C9C9A41BD52E&ply_type=2&policy=2&signature=334bb629c1bd28307eaa47df88061462&tk=tt_chain_token,https://www.tiktok.com/the_ykz_/video/7455862535695207686,,1568,9,102,26300,myketowers‚myke‚lykemike‚lykemiike‚jovenleyenda‚youngking‚4,myketowers‚myke‚lykemike‚lykemiike‚jovenleyenda‚youngking‚4,,,,"No Filter Slim-soft touch,trái tim x4 ảnh v3",
zeeschuimer-export-tiktok.com-2025-07-18T17_45_41.302Z.csv,7448921181148728608,7448921181148728608,jovenlandia,Jovenlandia,2261,30000,54,https://p16-sign-va.tiktokcdn.com/tos-maliva-avt-0068/caa73e017a21ad8987bd42496a6c8302~tplv-tiktokx-cropcenter:100:100.jpeg?dr=14579&refresh_token=fd48fc7d&x-expires=1752940800&x-signature=t3Pas7FVa%2FOo%2FxTFZPrw4ZePzK4%3D&t=4d5b0474&ps=13740610&shp=a5d48078&shcp=81f88b70&idc=maliva,Alsina en su programa de onda cero le da caña al gobierno.  #PedroSánchez #GobiernoCorrupto #PolíticaEspaña #ActualidadPolítica #Corrupción #NoticiasEspaña #OpiniónPública #Alsina #PedroYSuMujer #DebatePolítico #NoticiasVirales #EspañaHoy #TendenciasTikTok #LibertadDeExpresión #EscándaloPolítico #GobiernoEnCrisis #PedroSánchezNews #PeriodismoCrítico #TiktokEspaña #VerdadesPolíticas #CrisisDeGobierno #NoticiasDeHoy #EspañaViral #PolíticaActual #TrendingEspaña #psoe #begoña #sanchez ,Mon Dec 16 2024,1734337128,no,no,sonido original,7448921284898999073,https://v77.tiktokcdn.com/0a846472325fa467b2a66ead33494f25/687a77f8/video/tos/useast2a/tos-useast2a-v-2370-euttp/okTvGerroIpeIn4fXAOgLEBfIWT8EApKCGXAD0/?a=1233&bti=ODszNWYuMDE6&ch=0&cr=0&dr=0&er=0&lr=default&cd=0%7C0%7C0%7C0&br=250&bt=125&ds=5&ft=.NpOcInz7Thm0ywKXq8Zmo&mime_type=audio_mpeg&qs=13&rc=ank2dnQ5cnd4dzMzZjU8M0Bpank2dnQ5cnd4dzMzZjU8M0BmaC9uMmRjMWNgLS1kMWNzYSNmaC9uMmRjMWNgLS1kMWNzcw%3D%3D&vvpl=1&l=20250718003337E8252316C9C9A41BD52E&btag=e00050000&cc=13,https://p16-sign-va.tiktokcdn.com/tos-maliva-avt-0068/caa73e017a21ad8987bd42496a6c8302~tplv-tiktokx-cropcenter:1080:1080.jpeg?dr=14579&refresh_token=e38ed072&x-expires=1752940800&x-signature=aMBUuyfUTwlJwJM7nAU5hyN4tfI%3D&t=4d5b0474&ps=13740610&shp=a5d48078&shcp=81f88b70&idc=maliva,Jovenlandia,https://v16-webapp-prime.tiktok.com/video/tos/useast2a/tos-useast2a-ve-0068c001-euttp/oYDrEEkgfI4vtFzIre9f6uQolcLoEjgFfOQ7AG/?a=1988&bti=ODszNWYuMDE6&ch=0&cr=3&dr=0&lr=all&cd=0%7C0%7C0%7C&cv=1&br=602&bt=301&cs=0&ds=3&ft=4fUEKMUm8Zmo09Uv5I4jVzOmZpWrKsd.&mime_type=video_mp4&qs=0&rc=ZGllOWk3aGRkOGZpN2c1NUBpM292Z2w5cnV3dzMzZjczM0BjLjA1YDY0X2MxYjEvYi4vYSNucGIuMmRjc2NgLS1kMWNzcw%3D%3D&btag=e00090000&expire=1752942968&l=20250718003337E8252316C9C9A41BD52E&ply_type=2&policy=2&signature=73ff82b29c4231435206964927d090c5&tk=tt_chain_token,https://www.tiktok.com/jovenlandia/video/7448921181148728608,,7740,365,532,80800,pedrosánchez‚gobiernocorrupto‚políticaespaña‚actualidadpolítica‚corrupción‚noticiasespaña‚opiniónpública‚alsina‚pedroysumujer‚debatepolítico‚noticiasvirales‚españahoy‚tendenciastiktok‚libertaddeexpresión‚escándalopolítico‚gobiernoencrisis‚pedrosáncheznews‚periodismocrítico‚tiktokespaña‚verdadespolíticas‚crisisdegobierno‚noticiasdehoy‚españaviral‚políticaactual‚trendingespaña‚psoe‚begoña‚sanchez,pedrosánchez‚gobiernocorrupto‚políticaespaña‚actualidadpolítica‚corrupción‚noticiasespaña‚opiniónpública‚alsina‚pedroysumujer‚debatepolítico‚noticiasvirales‚españahoy‚tendenciastiktok‚libertaddeexpresión‚escándalopolítico‚gobiernoencrisis‚pedrosáncheznews‚periodismocrítico‚tiktokespaña‚verdadespolíticas‚crisisdegobierno‚noticiasdehoy‚españaviral‚políticaactual‚trendingespaña‚psoe‚begoña‚sanchez,,,Alsina destroza a la secta del PSOE que defiende al presidente y a su mujer. ¿Estás de acuerdo con esta intervención en onda cero?,"No Filter Slim-soft touch,trái tim x4 ảnh v3",
zeeschuimer-export-tiktok.com-2025-07-18T17_45_41.302Z.csv,7410200301740870918,7410200301740870918,lesthera5,LestherGonzalez,9304,114900,148,https://p16-sign-va.tiktokcdn.com/tos-maliva-avt-0068/0381ad562b3f60e1407c0fdb36fe3059~tplv-tiktokx-cropcenter:100:100.jpeg?dr=14579&refresh_token=c5257272&x-expires=1752940800&x-signature=a9fP5NMS9qTIt3a7YHetZQP03Ow%3D&t=4d5b0474&ps=13740610&shp=a5d48078&shcp=81f88b70&idc=maliva,#alegrateJoven,Tue Sep 03 2024,1725321717,no,no,sonido original,7410200354821327621,https://v77.tiktokcdn.com/a940ece59b1228223d0f2c2d51ab17e3/687a77b3/video/tos/useast2a/tos-useast2a-v-27dcd7/owFHfAEm1CHuBU6AE66lGJoBJosfIwpAUamQID/?a=1233&bti=ODszNWYuMDE6&ch=0&cr=0&dr=0&er=0&lr=default&cd=0%7C0%7C0%7C0&br=250&bt=125&ds=5&ft=.NpOcInz7Thm0ywKXq8Zmo&mime_type=audio_mpeg&qs=13&rc=amRtcXc5cng4dTMzNzU8M0BpamRtcXc5cng4dTMzNzU8M0A2Yl4zMmRrMF9gLS1kMTZzYSM2Yl4zMmRrMF9gLS1kMTZzcw%3D%3D&vvpl=1&l=20250718003337E8252316C9C9A41BD52E&btag=e00050000&cc=13,https://p16-sign-va.tiktokcdn.com/tos-maliva-avt-0068/0381ad562b3f60e1407c0fdb36fe3059~tplv-tiktokx-cropcenter:1080:1080.jpeg?dr=14579&refresh_token=a6000a18&x-expires=1752940800&x-signature=oqXA6EIJDd6cpjqlm9boi16Knwo%3D&t=4d5b0474&ps=13740610&shp=a5d48078&shcp=81f88b70&idc=maliva,LestherGonzalez,https://v16-webapp-prime.tiktok.com/video/tos/maliva/tos-maliva-ve-0068c801-us/oUUgWA6GJSQpDiEN3rifCCgYzUDxfwICjLB9If/?a=1988&bti=ODszNWYuMDE6&ch=0&cr=3&dr=0&lr=all&cd=0%7C0%7C0%7C&cv=1&br=2358&bt=1179&cs=0&ds=3&ft=4fUEKMUm8Zmo09Uv5I4jVzOmZpWrKsd.&mime_type=video_mp4&qs=0&rc=NDQ8Zjw4aTdoNGlpaDpkaEBpM21pOHc5cnk3dTMzNzczM0A0NF8tLV4zNi8xXl80YmJfYSNsaS0uMmRzc19gLS1kMTZzcw%3D%3D&btag=e00090000&expire=1752942899&l=20250718003337E8252316C9C9A41BD52E&ply_type=2&policy=2&signature=0e71e0a772fb7bf33ebe7e184a6194dd&tk=tt_chain_token,https://www.tiktok.com/lesthera5/video/7410200301740870918,,3944,172,44,61700,alegratejoven,alegratejoven,,,joven sigue adelante ,"No Filter Slim-soft touch,trái tim x4 ảnh v3",
zeeschuimer-export-tiktok.com-2025-07-18T17_45_41.302Z.csv,7514005897882995989,7514005897882995989,ivarbenz,Ivan AB,248,23500,64,https://p16-sign-va.tiktokcdn.com/tos-maliva-avt-0068/203c1c4348da1ba0156db2e16b630316~tplv-tiktokx-cropcenter:100:100.jpeg?dr=14579&refresh_token=0e4d54ca&x-expires=1752940800&x-signature=gGdys1WBZw76SPabYfxy7pUmn7s%3D&t=4d5b0474&ps=13740610&shp=a5d48078&shcp=81f88b70&idc=maliva,Jóvenes   #viral #jovenes #señora ,Mon Jun 09 2025,1749490841,no,no,sonido original,7514005951423531793,https://v77.tiktokcdn.com/f11276860dc42ac45c7a84bd4032dc75/687a7775/video/tos/alisg/tos-alisg-v-27dcd7/o4rcxaJEvcnEiARi3lB7cAYmbAUAHBHHCGAuE/?a=1233&bti=ODszNWYuMDE6&ch=0&cr=0&dr=0&er=0&lr=default&cd=0%7C0%7C0%7C0&br=250&bt=125&ds=5&ft=.NpOcInz7Thm0ywKXq8Zmo&mime_type=audio_mpeg&qs=13&rc=amh1OXU5cjlrNDMzODU8NEBpamh1OXU5cjlrNDMzODU8NEBnMGxiMmRrbTBhLS1kMS1zYSNnMGxiMmRrbTBhLS1kMS1zcw%3D%3D&vvpl=1&l=20250718003337E8252316C9C9A41BD52E&btag=e00078000&cc=13,https://p16-sign-va.tiktokcdn.com/tos-maliva-avt-0068/203c1c4348da1ba0156db2e16b630316~tplv-tiktokx-cropcenter:1080:1080.jpeg?dr=14579&refresh_token=bee60a78&x-expires=1752940800&x-signature=ApDJjX9vxkshbZtIvN1ANHCDNds%3D&t=4d5b0474&ps=13740610&shp=a5d48078&shcp=81f88b70&idc=maliva,Ivan AB,https://v16-webapp-prime.tiktok.com/video/tos/alisg/tos-alisg-pve-0037c001/oUIGwnEHkBiABbGeFAe3LfAQQfIXWDHLGGHhZR/?a=1988&bti=ODszNWYuMDE6&ch=0&cr=3&dr=0&lr=all&cd=0%7C0%7C0%7C&cv=1&br=2604&bt=1302&cs=0&ds=2&ft=4fUEKMUm8Zmo09Uv5I4jVzOmZpWrKsd.&mime_type=video_mp4&qs=0&rc=cnF8b2hsc2d3SkBwaHIxaDFybndmODZpZWU7PDo1OGg5NTxnM0BpanE0cnM5cnNrNDMzODczNEBjRl5Nc3FePmJKYSNvYF90aHFmOiMxMDMxMC40Xl4xXjUzLi0yYSNvcDA0MmRjazBhLS1kMTFzcw%3D%3D&btag=e000b8000&expire=1752942836&l=20250718003337E8252316C9C9A41BD52E&ply_type=2&policy=2&signature=5e021c0b670d46e8703b94d9509de3aa&tk=tt_chain_token,https://www.tiktok.com/ivarbenz/video/7514005897882995989,,8718,91,654,239500,viral‚jovenes‚señora,Viral‚jovenes‚señora,,,,"No Filter Slim-soft touch,trái tim x4 ảnh v3",
zeeschuimer-export-tiktok.com-2025-07-18T17_45_41.302Z.csv,7502504192687279365,7502504192687279365,amsoul0010,amsoul,80,80,76,https://p16-sign-va.tiktokcdn.com/tos-maliva-avt-0068/5c06215699c0ce0263c8289dc1bf3955~tplv-tiktokx-cropcenter:100:100.jpeg?dr=14579&refresh_token=ae9c33b3&x-expires=1752940800&x-signature=Kn%2Bt%2F8Z%2FMMY9HYNltRVK0g%2BDetY%3D&t=4d5b0474&ps=13740610&shp=a5d48078&shcp=81f88b70&idc=maliva,Myke Towers - Joven Leyenda #Myketowers  #EasyMoneyBaby #Girl #YK #Youngking #LYKEMIKE #MIRENMEAHORA #REYALNACER  #JOVENLEYENDA,Fri May 09 2025,1746812917,no,no,JOVEN LEYENDA,6953864324368566273,https://sf16-ies-music-va.tiktokcdn.com/obj/tos-useast2a-ve-2774/607174e3ca1944f0a22f8f3d5ec938a8,https://p16-amd-va.tiktokcdn.com/img/tos-useast2a-v-2774/86c3e85e2ba24699a6d3a6ca35caf654~c5_720x720.jpeg,Myke Towers,https://v16-webapp-prime.tiktok.com/video/tos/useast2a/tos-useast2a-pve-0068/oIGGfIIAfRYelLqS3IQeg0AXkvKoJtAjeAgPAK/?a=1988&bti=ODszNWYuMDE6&ch=0&cr=3&dr=0&lr=all&cd=0%7C0%7C0%7C&cv=1&br=742&bt=371&cs=0&ds=3&ft=4fUEKMUm8Zmo09Uv5I4jVzOmZpWrKsd.&mime_type=video_mp4&qs=0&rc=ZTZmZjU8PGdkNTxlOGc3aUBpM3duZmw5cnY2MzMzNzgzM0AvMTMtX2E0NS0xYDIzYC0zYSNxa2ExMmRrc2NhLS1kLzZzcw%3D%3D&btag=e00090000&expire=1752942878&l=20250718003337E8252316C9C9A41BD52E&ply_type=2&policy=2&signature=147e8c806e1e61b8d0d0835066f63e54&tk=tt_chain_token,https://www.tiktok.com/amsoul0010/video/7502504192687279365,,280,0,18,5456,myketowers‚easymoneybaby‚girl‚yk‚youngking‚lykemike‚mirenmeahora‚reyalnacer‚jovenleyenda,myketowers‚easymoneybaby‚girl‚yk‚youngking‚lykemike‚mirenmeahora‚reyalnacer‚jovenleyenda,,,,"No Filter Slim-soft touch,trái tim x4 ảnh v3",
zeeschuimer-export-tiktok.com-2025-07-18T17_45_41.302Z.csv,7191161224762002730,7191161224762002730,vortex.hz,vortex,100300,10800,247,https://p16-sign-va.tiktokcdn.com/tos-maliva-avt-0068/aa57ca86c9ef83134d294383cecf3a90~tplv-tiktokx-cropcenter:100:100.jpeg?dr=14579&refresh_token=9bfd3482&x-expires=1752940800&x-signature=JAn7ZN%2BGiV%2FjeD3jTsRhSLzhMkw%3D&t=4d5b0474&ps=13740610&shp=a5d48078&shcp=81f88b70&idc=maliva,Ran into the legend in Stockholm! #stockholm #sweden #yunglean ,Sat Jan 21 2023,1674322706,no,no,Ginseng Strip 2002,6997999797663714054,https://sf16-ies-music-va.tiktokcdn.com/obj/tos-useast2a-ve-2774/owSDLQGU4rHnGCZRAXgBEbDkeaFz1CeMieA65I,https://p16-amd-va.tiktokcdn.com/img/tos-useast2a-v-2774/o8fzAxqIWAa9YWPxWAeYeAf1eHZ5YrFgAIfUAF~c5_720x720.jpeg,Yung Lean,https://v16-webapp-prime.tiktok.com/video/tos/maliva/tos-maliva-ve-0068c799-us/3a2ee0887494477a8c21c37c9209a33b/?a=1988&bti=ODszNWYuMDE6&ch=0&cr=3&dr=0&lr=all&cd=0%7C0%7C0%7C&cv=1&br=5562&bt=2781&cs=0&ds=3&ft=4fUEKMUm8Zmo0kUv5I4jVpfBDpWrKsd.&mime_type=video_mp4&qs=0&rc=aTU8Mzk3PDw8NjU4ODRoOkBpajw3czY6ZjY1aTMzZzczNEAxLy00LTJgXl4xMWM2MWFhYSMxcC4ycjRnLTNgLS1kMS9zcw%3D%3D&btag=e000b0000&expire=1752942834&l=20250718003341E8252316C9C9A41BD69F&ply_type=2&policy=2&signature=d0483b344a85a9c5a2d3f834de5b0940&tk=tt_chain_token,https://www.tiktok.com/vortex.hz/video/7191161224762002730,,3100000,10200,58600,33200000,stockholm‚sweden‚yunglean,stockholm‚sweden‚yunglean,,,Yung Lean?‚Yung Lean?,"natural,COM CHIEU,Dandelion 46,motion blur makeup,lashes,hehe l2z,Rylee9R,star hairpin,idol bluesky",
zeeschuimer-export-tiktok.com-2025-07-18T17_45_41.302Z.csv,7364853626369576199,7364853626369576199,jovenesng,Jóvenes Nueva Generación,1627,108,73,https://p16-sign-va.tiktokcdn.com/tos-maliva-avt-0068/58c591775171fa1d1ce5451db967810f~tplv-tiktokx-cropcenter:100:100.jpeg?dr=14579&refresh_token=0fdf38a7&x-expires=1752940800&x-signature=WWhbBFU%2Fp7xf01QNM5bivpTITZk%3D&t=4d5b0474&ps=13740610&shp=a5d48078&shcp=81f88b70&idc=maliva,⚠️AVISO IMPORTANTE ⚠️ 😮😳😕 Te esperamos este sábado para nuestra REUNIÓN DE JÓVENES  ¡no faltes toda la info en el video! ☺️🥳 #jovenescristianos #cristianos #viral #fyp #somosng #jesus #sábado #reels #tiktokcristiano #jovenescristianos #hijosdedios ,Fri May 03 2024,1714763617,no,no,sonido original,7364853663200561936,https://v58.tiktokcdn.com/video/tos/alisg/tos-alisg-v-27dcd7/ogBAA2b1OOzEfAYAyABpOExSoGNEiuiwAb8KBc/?a=1233&bti=ODszNWYuMDE6&ch=0&cr=0&dr=0&er=0&lr=default&cd=0%7C0%7C0%7C0&br=250&bt=125&ds=5&ft=.NpOcInz7Tht0ywKXq8Zmo&mime_type=audio_mpeg&qs=13&rc=anVqOmw5cnJtcjMzODU8NEBpanVqOmw5cnJtcjMzODU8NEAtcDQ0MmRzYm5gLS1kMS1zYSMtcDQ0MmRzYm5gLS1kMS1zcw%3D%3D&vvpl=1&l=20250718003341E8252316C9C9A41BD69F&VExpiration=1752856439&VSignature=MA5_I-nedRA7cgA2nEHXkw&btag=e00078000&cc=14,https://p16-sign-va.tiktokcdn.com/tos-maliva-avt-0068/58c591775171fa1d1ce5451db967810f~tplv-tiktokx-cropcenter:1080:1080.jpeg?dr=14579&refresh_token=0e19784b&x-expires=1752940800&x-signature=tT6uEnT1hxlDFunqZiurnNdhJ4M%3D&t=4d5b0474&ps=13740610&shp=a5d48078&shcp=81f88b70&idc=maliva,Jóvenes Nueva Generación,https://v16-webapp-prime.tiktok.com/video/tos/alisg/tos-alisg-pve-0037c001/oUCEpHFNzIDIzqQActUgfqE6mxEXRPfBUDmTUB/?a=1988&bti=ODszNWYuMDE6&ch=0&cr=3&dr=0&lr=all&cd=0%7C0%7C0%7C&cv=1&br=3078&bt=1539&cs=0&ds=3&ft=4fUEKMUm8Zmo0kUv5I4jVpfBDpWrKsd.&mime_type=video_mp4&qs=0&rc=PGVmODQ4ZGQ6NDo8OzM0NEBpam14b285cmZtcjMzODczNEA2NmFhMy1fXl8xYjFfXzJjYSNqZ19iMmRzYm5gLS1kMTFzcw%3D%3D&btag=e000b8000&expire=1752942839&l=20250718003341E8252316C9C9A41BD69F&ply_type=2&policy=2&signature=17983f7455cbfd9c05c882547aff8b65&tk=tt_chain_token,https://www.tiktok.com/jovenesng/video/7364853626369576199,,758,6,434,22400,jovenescristianos‚cristianos‚viral‚fyp‚somosng‚jesus‚sábado‚reels‚tiktokcristiano‚jovenescristianos‚hijosdedios,jovenescristianos‚cristianos‚Viral‚fyp‚somosng‚jesus‚sábado‚reels‚tiktokcristiano‚hijosdedios,,,,"Dandelion 46,motion blur makeup,natural,COM CHIEU,star hairpin,idol bluesky,lashes,hehe l2z,Rylee9R",
zeeschuimer-export-tiktok.com-2025-07-18T17_45_41.302Z.csv,7508357114058902789,7508357114058902789,iglededios,Iglesia de Dios,278,0,6,https://p77-sign-va.tiktokcdn.com/tos-maliva-avt-0068/3fc943963e8105c973e853018e5b111e~tplv-tiktokx-cropcenter:100:100.jpeg?dr=14579&refresh_token=a6600a3e&x-expires=1752940800&x-signature=5eWPIffJrW7mTJb6WomLhJ%2BIDrg%3D&t=4d5b0474&ps=13740610&shp=a5d48078&shcp=81f88b70&idc=maliva,Que esperas para invitar a alguien?❤️‍🔥 #jovenes #cristo #jovenescristianos #amor #amigos ,Sun May 25 2025,1748175627,no,no,Alaba - Live,7317792747347019778,https://sf16-ies-music-va.tiktokcdn.com/obj/tos-useast2a-ve-2774/oonI1FrNngOJFEMMgaFfDCAKXOydDmIXz1Deaf,https://p16-amd-va.tiktokcdn.com/img/tos-useast2a-v-2774/oYOtBboQVECFNAyojPXzsfAgegEhsBDBmEpZAF~c5_720x720.jpeg,Evan Craft & Intimidad Worship,https://v16-webapp-prime.tiktok.com/video/tos/useast2a/tos-useast2a-ve-0068c001/ooFpXCgoMAklB7ZQEqAwcRSBJEzfEsjuE1eQID/?a=1988&bti=ODszNWYuMDE6&ch=0&cr=3&dr=0&lr=all&cd=0%7C0%7C0%7C&cv=1&br=2892&bt=1446&cs=0&ds=3&ft=4fUEKMUm8Zmo0kUv5I4jVpfBDpWrKsd.&mime_type=video_mp4&qs=0&rc=aGRoNjZoNjU2OjY2NjNoZkBpM3c6O285cnBqMzMzNzczM0AtNjUyNi00NmIxNC4wM2EwYSNzMi9hMmRjaG1hLS1kMTZzcw%3D%3D&btag=e000b8000&expire=1752942837&l=20250718003341E8252316C9C9A41BD69F&ply_type=2&policy=2&signature=ba0d3d16113b43fad2fabb1146899e27&tk=tt_chain_token,https://www.tiktok.com/iglededios/video/7508357114058902789,,6745,18,1882,105800,jovenes‚cristo‚jovenescristianos‚amor‚amigos,jovenes‚cristo‚jovenescristianos‚Amor‚Amigos,,,,"natural,COM CHIEU,Dandelion 46,motion blur makeup,lashes,hehe l2z,Rylee9R,star hairpin,idol bluesky",
zeeschuimer-export-tiktok.com-2025-07-18T17_45_41.302Z.csv,7441236128780356895,7441236128780356895,steph.sparkles,Steph Sparkles,1076,68500,1054,https://p16-sign-va.tiktokcdn.com/tos-maliva-avt-0068/907c72c9d1bc3e5a9d212424fccb04ef~tplv-tiktokx-cropcenter:100:100.jpeg?dr=14579&refresh_token=868f6cbd&x-expires=1752940800&x-signature=dMaQu0lATYBYS%2FgKhgw4d79XQms%3D&t=4d5b0474&ps=13740610&shp=a5d48078&shcp=81f88b70&idc=maliva,I mean‚ i thought it was supposed to be “for my own good”‚ but i dont know how. #spankingisabusive #childhoodtrauma #genx ,Mon Nov 25 2024,1732547821,no,no,You Don't Own Me (feat. G-Eazy),6716340411087980546,https://sf16-ies-music-va.tiktokcdn.com/obj/tos-useast2a-ve-2774/fd67f02fd69b4474ba4849bf7909cd3d,https://p16-amd-va.tiktokcdn.com/img/tos-useast2a-v-2774/o4oc5VhsUEzcWpXAiyewsmB0iSPABAkADEvPAL~c5_720x720.jpeg,SAYGRACE,https://v16-webapp-prime.tiktok.com/video/tos/maliva/tos-maliva-ve-0068c799-us/oAIEEQi6IlcoAEBzoipxfijs1kxC3iDAqokQA7/?a=1988&bti=ODszNWYuMDE6&ch=0&cr=3&dr=0&lr=all&cd=0%7C0%7C0%7C&cv=1&br=2170&bt=1085&cs=0&ds=3&ft=4fUEKMUm8Zmo0kUv5I4jVpfBDpWrKsd.&mime_type=video_mp4&qs=0&rc=PDg0OzY1OTc0OjkzZjpoOUBpajVsZWs5cnU8dzMzaTczNEBiNC8yLTNfXy4xYC00NWAzYSNuZTBoMmRzMS9gLS1kMTJzcw%3D%3D&btag=e00088000&expire=1752942851&l=20250718003341E8252316C9C9A41BD69F&ply_type=2&policy=2&signature=060c53203d1fc0146875572f150fea7c&tk=tt_chain_token,https://www.tiktok.com/steph.sparkles/video/7441236128780356895,,48,28,5,1269,spankingisabusive‚childhoodtrauma‚genx,spankingisabusive‚childhoodtrauma‚genx,,,Oh yes‚ a real juvenile delinquent right there.,"Dandelion 46,motion blur makeup,natural,COM CHIEU,star hairpin,idol bluesky,lashes,hehe l2z,Rylee9R",
zeeschuimer-export-tiktok.com-2025-07-18T17_45_41.302Z.csv,7349741720461954309,7349741720461954309,musicaaa_urbanaaa,ᴍúsɪᴄᴀ ᴜʀʙᴀɴᴀ,33800,72,153,https://p16-sign-va.tiktokcdn.com/tos-maliva-avt-0068/11683c5fa3ad26bbbcc9af1331be8a23~tplv-tiktokx-cropcenter:100:100.jpeg?dr=14579&refresh_token=086ac1b1&x-expires=1752940800&x-signature=pIuGXQhR6fAV7uX3t%2BJBUKcHGDo%3D&t=4d5b0474&ps=13740610&shp=a5d48078&shcp=81f88b70&idc=maliva,𝕮𝕺𝕹𝕯𝕰𝕹𝕬𝕯𝕺 𝕬𝕷 𝕰𝖃𝕴𝕿𝕺 | 💙🌎 #jovenleyenda #parati #fyp #verso #blessd #elbendito #medallo #sisabe #colombia #condenadoalexito #barrioantioquia ,Sun Mar 24 2024,1711245099,no,no,sonido original,7349741747498388230,https://v58.tiktokcdn.com/video/tos/useast2a/tos-useast2a-v-27dcd7/oMmcWASDLChhR3UFEAA4tEIioCUfffFg8TIzHx/?a=1233&bti=ODszNWYuMDE6&ch=0&cr=0&dr=0&er=0&lr=default&cd=0%7C0%7C0%7C0&br=250&bt=125&ds=5&ft=.NpOcInz7Tht0ywKXq8Zmo&mime_type=audio_mpeg&qs=13&rc=ajs7cWo5cmZycTMzNzU8M0Bpajs7cWo5cmZycTMzNzU8M0BtaGVsMmRjYnNgLS1kMTZzYSNtaGVsMmRjYnNgLS1kMTZzcw%3D%3D&vvpl=1&l=20250718003341E8252316C9C9A41BD69F&VExpiration=1752856488&VSignature=a08BF9lKfWuvR_s0LrNOnQ&btag=e00050000&cc=14,https://p16-sign-va.tiktokcdn.com/tos-maliva-avt-0068/11683c5fa3ad26bbbcc9af1331be8a23~tplv-tiktokx-cropcenter:1080:1080.jpeg?dr=14579&refresh_token=c273ae1a&x-expires=1752940800&x-signature=fmEMARc9PD%2FVc95pIfnewH9Sgfo%3D&t=4d5b0474&ps=13740610&shp=a5d48078&shcp=81f88b70&idc=maliva,ᴍúsɪᴄᴀ ᴜʀʙᴀɴᴀ,https://v16-webapp-prime.tiktok.com/video/tos/maliva/tos-maliva-ve-0068c801-us/owWzfAt9wkgsCIIXnfLeFEAkuhxauMQfGTGtRF/?a=1988&bti=ODszNWYuMDE6&ch=0&cr=3&dr=0&lr=all&cd=0%7C0%7C0%7C&cv=1&br=2400&bt=1200&cs=0&ds=3&ft=4fUEKMUm8Zmo0kUv5I4jVpfBDpWrKsd.&mime_type=video_mp4&qs=0&rc=Zmk2Ojk8ZTg0OGg8ZzM8O0BpM3E4dHU5cmpycTMzNzczM0BgXjFgXmIzNjExYi40NmMtYSMwYWxjMmRrX3NgLS1kMTZzcw%3D%3D&btag=e00090000&expire=1752942888&l=20250718003341E8252316C9C9A41BD69F&ply_type=2&policy=2&signature=91319325dcae736ff94016c4865d332e&tk=tt_chain_token,https://www.tiktok.com/musicaaa_urbanaaa/video/7349741720461954309,,7096,30,415,95800,jovenleyenda‚parati‚fyp‚verso‚blessd‚elbendito‚medallo‚sisabe‚colombia‚condenadoalexito‚barrioantioquia,jovenleyenda‚parati‚fyp‚verso‚blessd‚elbendito‚medallo‚sisabe‚colombia‚condenadoalexito‚barrioantioquia,,,,"star hairpin,idol bluesky,lashes,hehe l2z,Rylee9R,Dandelion 46,motion blur makeup,natural,COM CHIEU",
zeeschuimer-export-tiktok.com-2025-07-18T17_45_41.302Z.csv,7217945151585471749,7217945151585471749,2yhos,yhos2,4304,7,22,https://p16-sign-va.tiktokcdn.com/tos-maliva-avt-0068/86bc4bb43beadfd8de77f1e52e4f028e~tplv-tiktokx-cropcenter:100:100.jpeg?dr=14579&refresh_token=49dd902a&x-expires=1752940800&x-signature=YeA%2B8AxhthrCuPD9MpbgqqFlaUs%3D&t=4d5b0474&ps=13740610&shp=a5d48078&shcp=81f88b70&idc=maliva,#dutches #netherlands #panama #boquete #chiriquic4💚❤️  #krissandlissane #holandesasenpanama ,Mon Apr 03 2023,1680558819,no,no,Sadeness,6921518204611364866,https://sf16-ies-music-va.tiktokcdn.com/obj/tos-useast2a-ve-2774/oALWAGZoLMBtS1vFDhux1fOcYwiyBABMzIdsli,https://p16-amd-va.tiktokcdn.com/img/tos-useast2a-v-2774/o8A6ZvQAEijrAYAuvWKIA1hUBAqWqT4s0vEki~c5_720x720.jpeg,Enigma,,https://www.tiktok.com/2yhos/video/7217945151585471749,,4766,174,458,193100,dutches‚netherlands‚panama‚boquete‚chiriquic4💚❤️‚krissandlissane‚holandesasenpanama,dutches‚netherlands‚panama‚boquete‚chiriquic4💚❤️‚krissandlissane‚holandesasenpanama,,,Caeran!- de la justicia divina no se salvaran- cada vez salen evidencias‚ tiempo al tiempo @sesinos ‚HOLANDESAS @SESINAD@S,"natural,COM CHIEU,Dandelion 46,motion blur makeup,lashes,hehe l2z,Rylee9R,star hairpin,idol bluesky",
zeeschuimer-export-tiktok.com-2025-07-18T17_45_41.302Z.csv,7525357761643678998,7525357761643678998,gaviravox,Manolo Gavira,4331,200,117,https://p16-sign-useast2a.tiktokcdn.com/tos-useast2a-avt-0068-euttp/b6eaa02aa652798e5289cae91b545aa6~tplv-tiktokx-cropcenter:100:100.jpeg?dr=14579&refresh_token=07fb8b1e&x-expires=1752940800&x-signature=q8i%2BxB3jtI9LhXRYGnfIZRXSCcI%3D&t=4d5b0474&ps=13740610&shp=a5d48078&shcp=81f88b70&idc=maliva,Los jóvenes andaluces no llegan a fin de mes‚ no pueden emanciparse y se sienten abandonados por las instituciones. Mientras tanto‚ los menas reciben ayudas y tienen prioridad en el empleo y la vivienda. PP y PSOE están pagando a los de fuera lo que niegan a los de dentro.,Thu Jul 10 2025,1752133900,no,no,sonido original,7525357780153142039,https://v58.tiktokcdn.com/video/tos/no1a/tos-no1a-v-2370-no/oAdcRQBjhBWItIevGrLIAQGfQvJmNRwMI1eeQc/?a=1233&bti=ODszNWYuMDE6&ch=0&cr=0&dr=0&er=0&lr=default&cd=0%7C0%7C0%7C0&br=250&bt=125&ft=.NpOcInz7Tht0ywKXq8Zmo&mime_type=audio_mpeg&qs=6&rc=ZjM0ODM2OWk2Nmc0aWVpZUBpajt3b3Q5cjZxNDMzbzU8NUAwMjRgMC01Xl8xYGExMDAuYSNlcG9yMmRzL2thLS1kMTFzcw%3D%3D&vvpl=1&l=20250718003341E8252316C9C9A41BD69F&VExpiration=1752856536&VSignature=2uuvbJNnGcA0e_IJMbeHBg&btag=e00090000&cc=14,https://p16-sign-useast2a.tiktokcdn.com/tos-useast2a-avt-0068-euttp/b6eaa02aa652798e5289cae91b545aa6~tplv-tiktokx-cropcenter:1080:1080.jpeg?dr=14579&refresh_token=6903aa23&x-expires=1752940800&x-signature=r98E9ZryGL%2FtGiLAZVKarxm933Q%3D&t=4d5b0474&ps=13740610&shp=a5d48078&shcp=81f88b70&idc=maliva,Manolo Gavira,https://v16-webapp-prime.tiktok.com/video/tos/no1a/tos-no1a-ve-0068c001-no/oEevGeTXRIHQIScvFghALGfvQiGbAfDKhWJPgh/?a=1988&bti=ODszNWYuMDE6&ch=0&cr=3&dr=0&lr=all&cd=0%7C0%7C0%7C&cv=1&br=1142&bt=571&cs=0&ds=3&ft=4fUEKMUm8Zmo0kUv5I4jVpfBDpWrKsd.&mime_type=video_mp4&qs=0&rc=PGdmOTo0OGY7Ozw1Omc7ZEBpanEzcW45cmxwNDMzbzczNUA0Xi1iMV9gNTAxLTQyXy8wYSNmMHJsMmRzc2thLS1kMTFzcw%3D%3D&btag=e00090000&expire=1752942936&l=20250718003341E8252316C9C9A41BD69F&ply_type=2&policy=2&signature=4517d1b8388b7aa2288835603d99958b&tk=tt_chain_token,https://www.tiktok.com/gaviravox/video/7525357761643678998,,114,3,6,550,,,,,,"star hairpin,idol bluesky,lashes,hehe l2z,Rylee9R,Dandelion 46,motion blur makeup,natural,COM CHIEU",
zeeschuimer-export-tiktok.com-2025-07-18T17_45_41.302Z.csv,7398337970358537477,7398337970358537477,joaco_noblee,joaco_noble,24300,106000,100,https://p16-sign-va.tiktokcdn.com/tos-maliva-avt-0068/311c39bd3256f9f35bf98aa7f5ed7680~tplv-tiktokx-cropcenter:100:100.jpeg?dr=14579&refresh_token=7602ac52&x-expires=1752940800&x-signature=iMU%2FLiWbEMbbRmsAP700R1jJT%2BA%3D&t=4d5b0474&ps=13740610&shp=a5d48078&shcp=81f88b70&idc=maliva,🤩🙌🏽 #parati #fyp #viral #futbol #video #foryou #juveniles ,Fri Aug 02 2024,1722559795,no,no,Esta Cabron,6707503703894525954,https://sf16-ies-music-va.tiktokcdn.com/obj/tos-useast2a-ve-2774/oQ8uQQkacDC5a8q7eGF8BZndXtTgVBAzYMfNME,https://p16-amd-va.tiktokcdn.com/img/tos-useast2a-v-2774/oAAfjiXLB58sPBzGERaAJ3AlDNiW5z5owAAMEb~c5_720x720.jpeg,Ñejo & Gotay,https://v16-webapp-prime.tiktok.com/video/tos/useast2a/tos-useast2a-pve-0068/ooMgktiEIgozdWVf3LiksI6CSUVCQCAzBAhIQ9/?a=1988&bti=ODszNWYuMDE6&ch=0&cr=3&dr=0&lr=all&cd=0%7C0%7C0%7C&cv=1&br=3482&bt=1741&cs=0&ds=3&ft=4fUEKMUm8Zmo0kUv5I4jVpfBDpWrKsd.&mime_type=video_mp4&qs=0&rc=O2U6ZWdmPDY4OzM8ZDg0ZUBpMzc7d3c5cmg1dDMzNzczM0AzMDEuM2EzXy0xYzJhYmM1YSM2MmxtMmRzaWpgLS1kMTZzcw%3D%3D&btag=e00088000&expire=1752942880&l=20250718003341E8252316C9C9A41BD69F&ply_type=2&policy=2&signature=55501341fa152cd36a473a7dda7d28b2&tk=tt_chain_token,https://www.tiktok.com/joaco_noblee/video/7398337970358537477,,193000,1215,23000,2000000,parati‚fyp‚viral‚futbol‚video‚foryou‚juveniles,parati‚fyp‚Viral‚futbol‚video‚foryou‚juveniles,,,,"Dandelion 46,motion blur makeup,natural,COM CHIEU,star hairpin,idol bluesky,lashes,hehe l2z,Rylee9R",
zeeschuimer-export-tiktok.com-2025-07-18T17_45_41.302Z.csv,7276281096310902021,7276281096310902021,nacho_falsetto_,Nacho_Falsetto_,15700,40300,490,https://p16-sign-va.tiktokcdn.com/tos-maliva-avt-0068/adbeced2722e25bf65f68f9e4023ca91~tplv-tiktokx-cropcenter:100:100.jpeg?dr=14579&refresh_token=715ab2bd&x-expires=1752940800&x-signature=sGsfPwctJdsRsMgpvNm6JNf2cLs%3D&t=4d5b0474&ps=13740610&shp=a5d48078&shcp=81f88b70&idc=maliva,#losmildiasdeallende ,Fri Sep 08 2023,1694141214,no,no,sonido original,7276281118617520902,https://v58.tiktokcdn.com/video/tos/useast2a/tos-useast2a-v-27dcd7/owesIPCJCgAILHT2ADfkbA6E1hxne8ZsoSkFoo/?a=1233&bti=ODszNWYuMDE6&ch=0&cr=0&dr=0&er=0&lr=default&cd=0%7C0%7C0%7C0&br=250&bt=125&ds=5&ft=.NpOcInz7Tht0ywKXq8Zmo&mime_type=audio_mpeg&qs=13&rc=andrbzk6Zjs7bTMzNzU8M0Bpandrbzk6Zjs7bTMzNzU8M0BhMWZjcjRfanFgLS1kMTZzYSNhMWZjcjRfanFgLS1kMTZzcw%3D%3D&vvpl=1&l=20250718003341E8252316C9C9A41BD69F&VExpiration=1752856452&VSignature=-tGBafSY5vJu9grBFfLm3A&btag=e00048000&cc=14,https://p16-sign-va.tiktokcdn.com/tos-maliva-avt-0068/adbeced2722e25bf65f68f9e4023ca91~tplv-tiktokx-cropcenter:1080:1080.jpeg?dr=14579&refresh_token=a7e1cf2c&x-expires=1752940800&x-signature=CJQqQhHUm9%2F%2FvFfeBsVS1uShfUM%3D&t=4d5b0474&ps=13740610&shp=a5d48078&shcp=81f88b70&idc=maliva,Nacho_Falsetto_,https://webapp-sg.tiktok.com/b016e76fff59f84397baa7835130b24a/687bc904/kmoat/mps/logo/v2/r/p/v09044g40000cjt8k63c77uanb5flflg/e239ee57a89e45418359ea90bd95c98b/cb31d614ba60d3245a06bb38c3485007/mp4/main.mp4?a=1988&bti=ODszNWYuMDE6&ch=0&cr=3&dr=0&lr=all&cd=0%7C0%7C0%7C&cv=1&br=0&bt=0&cs=0&ds=2&eid=1286&ft=piBE5MUm8Zmo0kUv5I4jVpfBDpWrKsd.&mime_type=video_mp4&qs=0&rc=cnF8b2hsc2d3SkBwaHIxaDFybndmZTw4ZzNkPDY0OGg7Omg8NUBpamlpZWQ6Zjk7bTMzNzczM0BjRl5Nc3FePmJKYSNvYF90aHFmOiM1YDZfNmIyNTExNl4yYjBiYSNpaTJrcjQwaHFgLS1kMTZzcw%3D%3D&btag=e00088000&definition=480p&du=30&item_id=7276281096310902021&l=20250718003341E8252316C9C9A41BD69F&logo_type=tiktok_m&ply_type=2&policy=eyJ2bSI6MiwiY2siOiJ0dF9jaGFpbl90b2tlbiJ9&user_text=nacho_falsetto_,https://www.tiktok.com/nacho_falsetto_/video/7276281096310902021,,395,46,174,22400,losmildiasdeallende,losmildiasdeallende,,,Difundan este discurso de Allende para que los jóvenes entiendan porque La Gente pidió la intervención de las FFAA                 ,"idol bluesky,lashes,hehe l2z,Rylee9R,star hairpin,motion blur makeup,natural,COM CHIEU,Dandelion 46",
zeeschuimer-export-tiktok.com-2025-07-18T17_45_41.302Z.csv,7188137993725562117,7188137993725562117,_lirycsdeiv,_lirycsdeiv,43700,48600,188,https://p77-sign-va.tiktokcdn.com/tos-maliva-avt-0068/b1fb0cbd898e33b4fa7d35fed5426d7a~tplv-tiktokx-cropcenter:100:100.jpeg?dr=14579&refresh_token=20c7c82a&x-expires=1752940800&x-signature=bqKCi%2FWIdmQN%2BMK5th7LwWhnZZc%3D&t=4d5b0474&ps=13740610&shp=a5d48078&shcp=81f88b70&idc=maliva,#videazo #jovenleyenda #leyenda #likemike #myketowerss #towersmyke #miguelitotorres #myketowers #kokimaki #lirycsdrill #lirycs #parati #fyp #viral #viral_video #temazo #omg #editslirycs #editslirycsdrill #Edit #editvideo #videoedit #videoclip #editskoki #kokimakilirycs ,Fri Jan 13 2023,1673618800,no,no,sonido original,7188138022154570502,https://v77.tiktokcdn.com/1f8c3b8a2dd77ee48715e998ef44d802/687a7775/video/tos/useast2a/tos-useast2a-v-27dcd7/844c89a26801487f981cf8ef70cdf3ec/?a=1233&bti=ODszNWYuMDE6&ch=0&cr=0&dr=0&er=0&lr=default&cd=0%7C0%7C0%7C0&br=250&bt=125&ds=5&ft=.NpOcInz7Tht0ywKXq8Zmo&mime_type=audio_mpeg&qs=13&rc=M3k2bzQ6ZnhwaTMzNzU8M0BpM3k2bzQ6ZnhwaTMzNzU8M0BtLWg2cjQwXi1gLS1kMTZzYSNtLWg2cjQwXi1gLS1kMTZzcw%3D%3D&vvpl=1&l=20250718003341E8252316C9C9A41BD69F&btag=e00078000&cc=13,https://p77-sign-va.tiktokcdn.com/tos-maliva-avt-0068/b1fb0cbd898e33b4fa7d35fed5426d7a~tplv-tiktokx-cropcenter:1080:1080.jpeg?dr=14579&refresh_token=d0997e19&x-expires=1752940800&x-signature=rAQ1bje2gracxyPY7iaAidwPrxQ%3D&t=4d5b0474&ps=13740610&shp=a5d48078&shcp=81f88b70&idc=maliva,_lirycsdeiv,https://v16-webapp-prime.tiktok.com/video/tos/useast2a/tos-useast2a-pve-0068/oYBmBfAIkzxL4MCHZoCcAWXlIt87J4ghvYUJLQ/?a=1988&bti=ODszNWYuMDE6&ch=0&cr=3&dr=0&lr=all&cd=0%7C0%7C0%7C&cv=1&br=2296&bt=1148&cs=0&ds=3&ft=4fUEKMUm8Zmo0kUv5I4jVpfBDpWrKsd.&mime_type=video_mp4&qs=0&rc=cnF8b2hsc2d3SkBwaHIxaDFybndmNzY0M2Q4ZWc6NWdoNjtkNEBpM3ZscTQ6ZndwaTMzNzczM0BjRl5Nc3FePmJKYSNvYF90aHFmOiMtYl4xXzQvNTYxNC40YWJgYSNnXy4xcjRvNC1gLS1kMTZzcw%3D%3D&btag=e000b8000&expire=1752942837&l=20250718003341E8252316C9C9A41BD69F&ply_type=2&policy=2&signature=6f0940102350ecfb01e99fecd9a549c0&tk=tt_chain_token,https://www.tiktok.com/_lirycsdeiv/video/7188137993725562117,,130800,83,3820,1400000,videazo‚jovenleyenda‚leyenda‚likemike‚myketowerss‚towersmyke‚miguelitotorres‚myketowers‚kokimaki‚lirycsdrill‚lirycs‚parati‚fyp‚viral‚viral_video‚temazo‚omg‚editslirycs‚editslirycsdrill‚edit‚editvideo‚videoedit‚videoclip‚editskoki‚kokimakilirycs,videazo‚jovenleyenda‚leyenda‚likemike‚myketowerss‚towersmyke‚miguelitotorres‚myketowers‚kokimaki‚lirycsdrill‚lirycs‚parati‚fyp‚Viral‚viral_video‚temazo‚omg‚editslirycs‚editslirycsdrill‚Edit‚editvideo‚videoedit‚videoclip‚editskoki‚kokimakilirycs,,,,"star hairpin,idol bluesky,lashes,hehe l2z,Rylee9R,Dandelion 46,motion blur makeup,natural,COM CHIEU",
zeeschuimer-export-tiktok.com-2025-07-18T17_45_41.302Z.csv,7525641727244291346,7525641727244291346,joven.andales,@Joven Andales,95,1439,28,https://p16-sign-sg.tiktokcdn.com/tos-alisg-avt-0068/7f87683e1c20342f2e4f92ce4dbd05f9~tplv-tiktokx-cropcenter:100:100.jpeg?dr=14579&refresh_token=dfba8c02&x-expires=1752940800&x-signature=KYn7cX6QsOx0QgrU3ERyi5j8aFg%3D&t=4d5b0474&ps=13740610&shp=a5d48078&shcp=81f88b70&idc=maliva,,Fri Jul 11 2025,1752200014,no,no,original sound - Baroy Salaño,6847737144090413826,https://v58.tiktokcdn.com/video/tos/alisg/tos-alisg-v-27dcd7/f88e263d170d47bf993b18549916996a/?a=1233&bti=ODszNWYuMDE6&ch=0&cr=0&dr=0&er=0&lr=default&cd=0%7C0%7C0%7C0&br=218&bt=109&ds=5&ft=.NpOcInz7Tht0ywKXq8Zmo&mime_type=audio_mp4&qs=13&rc=M3d3eXNwaWgzdjMzNzU8M0BpM3d3eXNwaWgzdjMzNzU8M0Byai40XjFjbTFfLS0uMTRzYSNyai40XjFjbTFfLS0uMTRzcw%3D%3D&vvpl=1&l=20250718003341E8252316C9C9A41BD69F&VExpiration=1752856444&VSignature=NDzA4dVPPXYeAQ-4IycYyg&btag=e00078000&cc=14,https://p16-sign-va.tiktokcdn.com/tos-maliva-avt-0068/0c3f78a2a786cdd806c5c1854d10dffa~tplv-tiktokx-cropcenter:1080:1080.jpeg?dr=14579&refresh_token=57a63dff&x-expires=1752940800&x-signature=dAMotEEd%2BhJiNjEwVDoVXKuYr4I%3D&t=4d5b0474&ps=13740610&shp=a5d48078&shcp=81f88b70&idc=maliva,Baroy Salaño,https://v16-webapp-prime.tiktok.com/video/tos/alisg/tos-alisg-pve-0037c001/octRDEgjIGoQMIE1EBwKMUFCfcpGcBfHy9AMLq/?a=1988&bti=ODszNWYuMDE6&ch=0&cr=3&dr=0&lr=all&cd=0%7C0%7C0%7C&cv=1&br=2342&bt=1171&cs=0&ds=3&ft=4fUEKMUm8Zmo0kUv5I4jVpfBDpWrKsd.&mime_type=video_mp4&qs=0&rc=NGQ1aTo0OWQ4MzVnZzc0N0BpamZmcXM5cnQ6NDMzODczNEAtMzFfLTFhXy8xYDJjNl9gYSNobHAuMmRrMmxhLS1kMTFzcw%3D%3D&btag=e000b8000&expire=1752942837&l=20250718003341E8252316C9C9A41BD69F&ply_type=2&policy=2&signature=23531afb8c95ba7c20e5f62a9a3bd338&tk=tt_chain_token,https://www.tiktok.com/joven.andales/video/7525641727244291346,,2,1,0,50,,,,,,"natural,COM CHIEU,Dandelion 46,motion blur makeup,lashes,hehe l2z,Rylee9R,star hairpin,idol bluesky",
zeeschuimer-export-tiktok.com-2025-07-18T17_45_41.302Z.csv,7525509088013208845,7525509088013208845,maico19921,black panter,495,24000,31,https://p16-sign-va.tiktokcdn.com/tos-maliva-avt-0068/7353363151523921963~tplv-tiktokx-cropcenter:100:100.jpeg?dr=14579&refresh_token=0e5738dc&x-expires=1752940800&x-signature=jCjwYwhAOhr0EIc6iQFbZUr%2BPoY%3D&t=4d5b0474&ps=13740610&shp=a5d48078&shcp=81f88b70&idc=maliva,Jóvenes los voy ha grabar. Pa eso vienen ? #risa ,Thu Jul 10 2025,1752169138,no,no,sonido original,7494656721454287671,https://v58.tiktokcdn.com/video/tos/useast2a/tos-useast2a-v-27dcd7/o4vUoE4DQyABB6AFfAoJBAC4IpEGTAIelYEA5J/?a=1233&bti=ODszNWYuMDE6&ch=0&cr=0&dr=0&er=0&lr=default&cd=0%7C0%7C0%7C0&br=250&bt=125&ds=5&ft=.NpOcInz7Tht0ywKXq8Zmo&mime_type=audio_mpeg&qs=13&rc=M3M1O3Y5cjk4MzMzNzU8M0BpM3M1O3Y5cjk4MzMzNzU8M0BiLWxeMmQ0cS5hLS1kMTZzYSNiLWxeMmQ0cS5hLS1kMTZzcw%3D%3D&vvpl=1&l=20250718003341E8252316C9C9A41BD69F&VExpiration=1752856481&VSignature=1MOqUI6aYwg31bxnK5eNBw&btag=e00050000&cc=14,https://p16-sign-va.tiktokcdn.com/tos-maliva-avt-0068/395d70fd37a0615420538db72c22e535~tplv-tiktokx-cropcenter:1080:1080.jpeg?dr=14579&refresh_token=265e53fc&x-expires=1752940800&x-signature=Ge6qSdVazGWAPZC5JU1iJO%2FH%2BLo%3D&t=4d5b0474&ps=13740610&shp=a5d48078&shcp=81f88b70&idc=maliva,jóvenes  para eso vienen,https://v16-webapp-prime.tiktok.com/video/tos/maliva/tos-maliva-ve-0068c799-us/oIgRfLhdfFMMOZGDReez4IAAIc9twv9TVGVAGX/?a=1988&bti=ODszNWYuMDE6&ch=0&cr=3&dr=0&lr=all&cd=0%7C0%7C0%7C&cv=1&br=4026&bt=2013&cs=0&ds=3&ft=4fUEKMUm8Zmo0kUv5I4jVpfBDpWrKsd.&mime_type=video_mp4&qs=0&rc=ZTpnOzs1Zzk2PDM2ZjZlOEBpM21zcHk5cmR5NDMzZzczNEA1XjUxLi5gX2IxYDVjMjMzYSMzXm5fMmRjaWthLS1kMS9zcw%3D%3D&btag=e000b0000&expire=1752942835&l=20250718003341E8252316C9C9A41BD69F&ply_type=2&policy=2&signature=1779df480f3cb1a0114f8fd2a1a47ee2&tk=tt_chain_token,https://www.tiktok.com/maico19921/video/7525509088013208845,,6835,225,3236,598600,risa,risa,,,,"hehe l2z,Rylee9R,star hairpin,idol bluesky,lashes,COM CHIEU,Dandelion 46,motion blur makeup,natural",
zeeschuimer-export-tiktok.com-2025-07-18T17_45_41.302Z.csv,7254968771004140806,7254968771004140806,xavitvec,xavitvec,45000,4147,1040,https://p16-sign-va.tiktokcdn.com/tos-maliva-avt-0068/7c04edde2ab1edfd8279413b4c3ac1b3~tplv-tiktokx-cropcenter:100:100.jpeg?dr=14579&refresh_token=c1d92943&x-expires=1752940800&x-signature=TGIfZeKEqII0VoNsD%2BGpCyepESs%3D&t=4d5b0474&ps=13740610&shp=a5d48078&shcp=81f88b70&idc=maliva,Jovenes captados teniendo 🙊🙈en la #aeroviaguayaquil 🚠#guayaquil #jovenes ,Wed Jul 12 2023,1689179052,no,no,nintendo wii (mii channel) song,7055593201247193090,,https://p77-sign-va.tiktokcdn.com/tos-useast2a-v-2774/3ea389db02d1461996545ff44ab62c85~c5_720x720.jpeg?lk3s=08d74b56&x-expires=1752791622&x-signature=uhhuEgpUJvFOKuOw18A0zVqL22I%3D,julie on the internet,https://v16-webapp-prime.tiktok.com/video/tos/maliva/tos-maliva-ve-0068c801-us/oMpY6uNDtUQrrI7kAAgIR0f8ibeNF0EJBnYBQP/?a=1988&bti=ODszNWYuMDE6&ch=0&cr=3&dr=0&lr=all&cd=0%7C0%7C0%7C&cv=1&br=2256&bt=1128&cs=0&ds=3&ft=4fUEKMUm8Zmo0kUv5I4jVpfBDpWrKsd.&mime_type=video_mp4&qs=0&rc=Ozo4NWg7ZTc6M2RkNGY8ZkBpM29qNmQ6Zm9nbDMzNzczM0A2YGNjYGFjXi8xYDNhYDQ0YSNqY3E1cjQwM2tgLS1kMTZzcw%3D%3D&btag=e00088000&expire=1752942854&l=20250718003341E8252316C9C9A41BD69F&ply_type=2&policy=2&signature=bda197f6eb3bb394588ed7255b382164&tk=tt_chain_token,https://www.tiktok.com/xavitvec/video/7254968771004140806,,12000,320,551,2800000,aeroviaguayaquil‚guayaquil‚jovenes,aeroviaguayaquil‚guayaquil‚jovenes,,,,"Dandelion 46,motion blur makeup,natural,COM CHIEU,star hairpin,idol bluesky,lashes,hehe l2z,Rylee9R",
zeeschuimer-export-tiktok.com-2025-07-18T17_45_41.302Z.csv,7526108249360207111,7526108249360207111,joven.andales,@Joven Andales,95,1439,28,https://p16-sign-sg.tiktokcdn.com/tos-alisg-avt-0068/7f87683e1c20342f2e4f92ce4dbd05f9~tplv-tiktokx-cropcenter:100:100.jpeg?dr=14579&refresh_token=dfba8c02&x-expires=1752940800&x-signature=KYn7cX6QsOx0QgrU3ERyi5j8aFg%3D&t=4d5b0474&ps=13740610&shp=a5d48078&shcp=81f88b70&idc=maliva,,Sat Jul 12 2025,1752308632,no,no,original sound - lip sync lyrics,7462936594845076240,https://v58.tiktokcdn.com/video/tos/alisg/tos-alisg-v-27dcd7/oYCIgEXEG79q1CreAIeUEvAAQLGnAPDo3e8T4R/?a=1233&bti=ODszNWYuMDE6&ch=0&cr=0&dr=0&er=0&lr=default&cd=0%7C0%7C0%7C0&br=250&bt=125&ds=5&ft=.NpOcInz7Tht0ywKXq8Zmo&mime_type=audio_mpeg&qs=13&rc=M3hwbnk5cmx0eDMzODU8NEBpM3hwbnk5cmx0eDMzODU8NEByZHMuMmRzbjVgLS1kMS1zYSNyZHMuMmRzbjVgLS1kMS1zcw%3D%3D&vvpl=1&l=20250718003341E8252316C9C9A41BD69F&VExpiration=1752856446&VSignature=oJRhbNanjb49WW36qHiW9Q&btag=e00078000&cc=14,https://p16-sign-sg.tiktokcdn.com/tos-alisg-avt-0068/0ab9a47cd7a8a7937562e5cfa0d3a8d4~tplv-tiktokx-cropcenter:1080:1080.jpeg?dr=14579&refresh_token=f2d8b571&x-expires=1752940800&x-signature=eXq0ihMHPjlxlljSO0SdUhz1mz0%3D&t=4d5b0474&ps=13740610&shp=a5d48078&shcp=81f88b70&idc=maliva,iya gerero,https://v16-webapp-prime.tiktok.com/video/tos/alisg/tos-alisg-pve-0037c001/okFDqeIIQDAQF75eDNLokvjvezc4SIAvGCDjgU/?a=1988&bti=ODszNWYuMDE6&ch=0&cr=3&dr=0&lr=all&cd=0%7C0%7C0%7C&cv=1&br=2712&bt=1356&cs=0&ds=3&ft=4fUEKMUm8Zmo0kUv5I4jVpfBDpWrKsd.&mime_type=video_mp4&qs=0&rc=OjxoZ2g1ODY1NjZkOGU2NkBpanRydm85cjM0NDMzODczNEBgYDNjNmA2NS4xYC5eYS9jYSNrazQyMmRra21hLS1kMTFzcw%3D%3D&btag=e000b8000&expire=1752942837&l=20250718003341E8252316C9C9A41BD69F&ply_type=2&policy=2&signature=4132aae9eafce3e454d2f169a4aa1ddd&tk=tt_chain_token,https://www.tiktok.com/joven.andales/video/7526108249360207111,,3,0,1,42,,,,,,"lashes,hehe l2z,Rylee9R,star hairpin,idol bluesky,natural,COM CHIEU,Dandelion 46,motion blur makeup",
zeeschuimer-export-tiktok.com-2025-07-18T17_45_41.302Z.csv,7522671773205269768,7522671773205269768,joven.andales,@Joven Andales,95,1439,28,https://p16-sign-sg.tiktokcdn.com/tos-alisg-avt-0068/7f87683e1c20342f2e4f92ce4dbd05f9~tplv-tiktokx-cropcenter:100:100.jpeg?dr=14579&refresh_token=dfba8c02&x-expires=1752940800&x-signature=KYn7cX6QsOx0QgrU3ERyi5j8aFg%3D&t=4d5b0474&ps=13740610&shp=a5d48078&shcp=81f88b70&idc=maliva,,Thu Jul 03 2025,1751508521,no,no,som original,7496270483244256005,https://v58.tiktokcdn.com/video/tos/useast2a/tos-useast2a-v-27dcd7/oYlCE9FWAZJVFwuIBADCEpC1JOoQGBAUABEefH/?a=1233&bti=ODszNWYuMDE6&ch=0&cr=0&dr=0&er=0&lr=default&cd=0%7C0%7C0%7C0&br=250&bt=125&ds=5&ft=.NpOcInz7Tht0ywKXq8Zmo&mime_type=audio_mpeg&qs=13&rc=ampybXQ5cm80MzMzNzU8M0BpampybXQ5cm80MzMzNzU8M0ByMjRnMmRjaDFhLS1kMTZzYSNyMjRnMmRjaDFhLS1kMTZzcw%3D%3D&vvpl=1&l=20250718003341E8252316C9C9A41BD69F&VExpiration=1752856436&VSignature=y85kvOkyQapoh-AhvaNlQw&btag=e00070000&cc=14,https://p77-sign-va.tiktokcdn.com/tos-maliva-avt-0068/3d5c845be714edd5c26371441cb6014a~tplv-tiktokx-cropcenter:1080:1080.jpeg?dr=14579&refresh_token=6734420e&x-expires=1752940800&x-signature=YjTmBd5SQA5%2FfB9Nhc70YFHPb0s%3D&t=4d5b0474&ps=13740610&shp=a5d48078&shcp=81f88b70&idc=maliva,Stefany Gusmão,https://v16-webapp-prime.tiktok.com/video/tos/alisg/tos-alisg-pve-0037c001/o04GAFfBuIzyII0Cu56YlM2vlAiAZiLFiQBtEw/?a=1988&bti=ODszNWYuMDE6&ch=0&cr=3&dr=0&lr=all&cd=0%7C0%7C0%7C&cv=1&br=1422&bt=711&cs=0&ds=3&ft=4fUEKMUm8Zmo0kUv5I4jVpfBDpWrKsd.&mime_type=video_mp4&qs=0&rc=M2hpPDs1M2k8MzY3ZTo2NkBpM3BuNG05cnB4NDMzODczNEBfYGBeXmIyXjIxYl8zNWBjYSNgZWRrMmRzX2ZhLS1kMWBzcw%3D%3D&btag=e000b0000&expire=1752942834&l=20250718003341E8252316C9C9A41BD69F&ply_type=2&policy=2&signature=c0b2125ac96a792550b87858f3e68b27&tk=tt_chain_token,https://www.tiktok.com/joven.andales/video/7522671773205269768,,1,0,0,51,,,,,,"Dandelion 46,motion blur makeup,natural,COM CHIEU,Rylee9R,star hairpin,idol bluesky,lashes,hehe l2z",
zeeschuimer-export-tiktok.com-2025-07-18T17_45_41.302Z.csv,7514849151595613458,7514849151595613458,joven.andales,@Joven Andales,95,1439,28,https://p16-sign-sg.tiktokcdn.com/tos-alisg-avt-0068/7f87683e1c20342f2e4f92ce4dbd05f9~tplv-tiktokx-cropcenter:100:100.jpeg?dr=14579&refresh_token=dfba8c02&x-expires=1752940800&x-signature=KYn7cX6QsOx0QgrU3ERyi5j8aFg%3D&t=4d5b0474&ps=13740610&shp=a5d48078&shcp=81f88b70&idc=maliva,,Thu Jun 12 2025,1749687175,no,no,som original,7467724702809590534,https://v58.tiktokcdn.com/video/tos/useast2a/tos-useast2a-v-27dcd7/ogrUBoAFTF9iCBJA9nyUJfQAAEICfB8DIFYClV/?a=1233&bti=ODszNWYuMDE6&ch=0&cr=0&dr=0&er=0&lr=default&cd=0%7C0%7C0%7C0&br=250&bt=125&ds=5&ft=.NpOcInz7Tht0ywKXq8Zmo&mime_type=audio_mpeg&qs=13&rc=anh1cnM5cjhleDMzNzU8M0Bpanh1cnM5cjhleDMzNzU8M0A1cTQxMmQ0LWVgLS1kMTZzYSM1cTQxMmQ0LWVgLS1kMTZzcw%3D%3D&vvpl=1&l=20250718003341E8252316C9C9A41BD69F&VExpiration=1752856450&VSignature=jowxzz-y6tGVm-faEsZSoA&btag=e00078000&cc=14,https://p16-sign-va.tiktokcdn.com/tos-maliva-avt-0068/4ffb5f207c9bfef9012c8042f617b025~tplv-tiktokx-cropcenter:1080:1080.jpeg?dr=14579&refresh_token=e313a9e7&x-expires=1752940800&x-signature=0vrbRrWBrg7Y7fMxwQE0FQSaPac%3D&t=4d5b0474&ps=13740610&shp=a5d48078&shcp=81f88b70&idc=maliva,Carreta furacão 🌪️,https://v16-webapp-prime.tiktok.com/video/tos/alisg/tos-alisg-pve-0037c001/o8j2Iq4M2BA4G4Ey9Qi7AI0QNCAwnApJEPfYKi/?a=1988&bti=ODszNWYuMDE6&ch=0&cr=3&dr=0&lr=all&cd=0%7C0%7C0%7C&cv=1&br=5284&bt=2642&cs=0&ds=3&ft=4fUEKMUm8Zmo0kUv5I4jVpfBDpWrKsd.&mime_type=video_mp4&qs=0&rc=NDM8Njc5Omc8ZDw5aDw4NEBpMzp2aHU5cnU0NDMzODczNEAzMS8yNWExXjIxXy8uMmA2YSNwLi4zMmRjajJhLS1kMTFzcw%3D%3D&btag=e000b8000&expire=1752942837&l=20250718003341E8252316C9C9A41BD69F&ply_type=2&policy=2&signature=f3792bd3520834012ceaced3c5e4be80&tk=tt_chain_token,https://www.tiktok.com/joven.andales/video/7514849151595613458,,4,0,0,78,,,,,,"idol bluesky,lashes,hehe l2z,Rylee9R,star hairpin,motion blur makeup,natural,COM CHIEU,Dandelion 46",
zeeschuimer-export-tiktok.com-2025-07-18T17_45_41.302Z.csv,7291448035916238085,7291448035916238085,libertank,libertank💡,7621,145,940,https://p16-sign-va.tiktokcdn.com/tos-maliva-avt-0068/7334025378628452358~tplv-tiktokx-cropcenter:100:100.jpeg?dr=14579&refresh_token=0e1daf62&x-expires=1752940800&x-signature=b5CJrgqhyURwvF3mVbTwmJvRcrs%3D&t=4d5b0474&ps=13740610&shp=a5d48078&shcp=81f88b70&idc=maliva,“Jóvenes en paz”‚ ¿Ustedes qué opinan? 🧐🕊️ #Colombia #paz #jovenes #Petro #Gobierno,Thu Oct 19 2023,1697672543,no,no,sonido original,7291448190348020486,https://v58.tiktokcdn.com/video/tos/useast2a/tos-useast2a-v-27dcd7/o8bf2GDJMBB8DDEIAILA5ACdhf2QwlVrnUJgDB/?a=1233&bti=ODszNWYuMDE6&ch=0&cr=0&dr=0&er=0&lr=default&cd=0%7C0%7C0%7C0&br=250&bt=125&ds=5&ft=.NpOcInz7Tht0ywKXq8Zmo&mime_type=audio_mpeg&qs=13&rc=M2o5d2g6ZjM5bjMzNzU8M0BpM2o5d2g6ZjM5bjMzNzU8M0BlX2BjcjRvb2xgLS1kMTZzYSNlX2BjcjRvb2xgLS1kMTZzcw%3D%3D&vvpl=1&l=20250718003341E8252316C9C9A41BD69F&VExpiration=1752856528&VSignature=LVF1bZpsxSUW_2ImZFXxRg&btag=e00050000&cc=14,https://p16-sign-va.tiktokcdn.com/tos-maliva-avt-0068/7334025378628452358~tplv-tiktokx-cropcenter:1080:1080.jpeg?dr=14579&refresh_token=1e413d35&x-expires=1752940800&x-signature=%2FBPt%2B7m8lJMLu8CFC%2BhPfAyUJSU%3D&t=4d5b0474&ps=13740610&shp=a5d48078&shcp=81f88b70&idc=maliva,libertank💡,https://v16-webapp-prime.tiktok.com/video/tos/maliva/tos-maliva-ve-68c800-us/oYgglOvDA9RngI6QgBelA2pnQMJjXBeybGMEMM/?a=1988&bti=ODszNWYuMDE6&ch=0&cr=3&dr=0&lr=all&cd=0%7C0%7C0%7C&cv=1&br=1776&bt=888&cs=0&ds=3&ft=4fUEKMUm8Zmo0kUv5I4jVpfBDpWrKsd.&mime_type=video_mp4&qs=0&rc=MzZkaWg1aTY4NGhkZjg5OEBpM2pocTk6ZnM5bjMzNzczM0BfY140M2JgX2IxNjQ0YTQvYSMwYGowcjRfa2xgLS1kMTZzcw%3D%3D&btag=e00090000&expire=1752942928&l=20250718003341E8252316C9C9A41BD69F&ply_type=2&policy=2&signature=419a28d016e724ba26c30364d99a208c&tk=tt_chain_token,https://www.tiktok.com/libertank/video/7291448035916238085,,2730,556,933,52500,colombia‚paz‚jovenes‚petro‚gobierno,colombia‚paz‚jovenes‚petro‚gobierno,,,,"idol bluesky,lashes,hehe l2z,Rylee9R,star hairpin,motion blur makeup,natural,COM CHIEU,Dandelion 46",
zeeschuimer-export-tiktok.com-2025-07-18T17_45_41.302Z.csv,7481110964297911558,7481110964297911558,limonada_times,Limonada Times,121,49500,20,https://p16-sign-va.tiktokcdn.com/tos-maliva-avt-0068/7fd06017db974d1b2004d3069905cd40~tplv-tiktokx-cropcenter:100:100.jpeg?dr=14579&refresh_token=329c02d4&x-expires=1752940800&x-signature=F736LxbA1mDTQjVeXHT%2B0ZjaXkA%3D&t=4d5b0474&ps=13740610&shp=a5d48078&shcp=81f88b70&idc=maliva,#salvadorallende #joven #universidad #pueblo #revolucion #discurso #luchapopular ,Thu Mar 13 2025,1741831892,no,no,sonido original,7481110987714661125,https://v58.tiktokcdn.com/video/tos/useast2a/tos-useast2a-v-27dcd7/ocaAigBiEEA2DEAoodK6M9ERCxPrBfMAktYz6S/?a=1233&bti=ODszNWYuMDE6&ch=0&cr=0&dr=0&er=0&lr=default&cd=0%7C0%7C0%7C0&br=250&bt=125&ds=5&ft=.NpOcInz7Tht0ywKXq8Zmo&mime_type=audio_mpeg&qs=13&rc=amY7aHA5cm82eTMzNzU8M0BpamY7aHA5cm82eTMzNzU8M0BsNWdoMmRzcTZgLS1kMTZzYSNsNWdoMmRzcTZgLS1kMTZzcw%3D%3D&vvpl=1&l=20250718003341E8252316C9C9A41BD69F&VExpiration=1752856475&VSignature=css7Jaze_flpRxp_HCCLeg&btag=e00048000&cc=14,https://p16-sign-va.tiktokcdn.com/tos-maliva-avt-0068/7fd06017db974d1b2004d3069905cd40~tplv-tiktokx-cropcenter:1080:1080.jpeg?dr=14579&refresh_token=c0634c43&x-expires=1752940800&x-signature=m82I6yIGqNoe9eQ2XRvsOmOikC8%3D&t=4d5b0474&ps=13740610&shp=a5d48078&shcp=81f88b70&idc=maliva,Limonada Times,https://v16-webapp-prime.tiktok.com/video/tos/maliva/tos-maliva-ve-68c800-us/oIBSXk7jEAx6iIimuvIPCO3g6eCARoUzQXAFiz/?a=1988&bti=ODszNWYuMDE6&ch=0&cr=3&dr=0&lr=all&cd=0%7C0%7C0%7C&cv=1&br=1642&bt=821&cs=0&ds=3&ft=4fUEKMUm8Zmo0kUv5I4jVpfBDpWrKsd.&mime_type=video_mp4&qs=0&rc=PGU0ZGdmNDNnOjNpMzYzM0BpM25ldnE5cjY2eTMzNzczM0AvMjQwYmNfXzIxNmEtXl4yYSMtL3BfMmRrcTZgLS1kMTZzcw%3D%3D&btag=e00088000&expire=1752942875&l=20250718003341E8252316C9C9A41BD69F&ply_type=2&policy=2&signature=d5dbb42dd5196bcee91957060438e9e8&tk=tt_chain_token,https://www.tiktok.com/limonada_times/video/7481110964297911558,,31,0,0,587,salvadorallende‚joven‚universidad‚pueblo‚revolucion‚discurso‚luchapopular,salvadorallende‚joven‚universidad‚pueblo‚revolucion‚discurso‚luchapopular,,,palabras que  me cambiaron  la vida ...‚la juventud debe   entender su   obligacion de ser  joven ‚y si es   estudiante ‚darse cuenta  que hay otros  jóvenes ‚que como el  tienen los mismos   años ‚pero que no son   estudiantes ‚y si es   universitario   con mayor razón ‚mirar al joven   campesino  o al joven   obrero ‚y tener un   lenguaje de   juventud ‚no un lenguaje   solo de ‚estudiantes   universitarios‚ para  universitarios‚la revolución   no pasa por   la   universidad ‚y esto hay que   entenderlo ‚la revolución   pasa por  las grandes  masas ‚la revolución   la hacen   los pueblos ‚la revolución   la hacen‚  esencialmente   los trabajadores ‚porque ser   joven   y no ser  revoluciónario‚es una   contradicción   hasta biologica ,"Rylee9R,star hairpin,idol bluesky,lashes,hehe l2z,Dandelion 46,motion blur makeup,natural,COM CHIEU",
zeeschuimer-export-tiktok.com-2025-07-18T17_45_41.302Z.csv,7514849868393811208,7514849868393811208,joven.andales,@Joven Andales,95,1439,28,https://p16-sign-sg.tiktokcdn.com/tos-alisg-avt-0068/7f87683e1c20342f2e4f92ce4dbd05f9~tplv-tiktokx-cropcenter:100:100.jpeg?dr=14579&refresh_token=dfba8c02&x-expires=1752940800&x-signature=KYn7cX6QsOx0QgrU3ERyi5j8aFg%3D&t=4d5b0474&ps=13740610&shp=a5d48078&shcp=81f88b70&idc=maliva,,Thu Jun 12 2025,1749687340,no,no,original sound,7431005509731371806,https://v58.tiktokcdn.com/video/tos/maliva/tos-maliva-v-27dcd7c799-us/okUIXNEAVyCFAEDPA1JchIffAxDmEBAEhAEn5g/?a=1233&bti=ODszNWYuMDE6&ch=0&cr=0&dr=0&er=0&lr=default&cd=0%7C0%7C0%7C0&br=250&bt=125&ds=5&ft=.NpOcInz7Tht0ywKXq8Zmo&mime_type=audio_mpeg&qs=13&rc=M3Y1aWo5cm02djMzaTU8NEBpM3Y1aWo5cm02djMzaTU8NEAtL21yMmRjbGRgLS1kMTJzYSMtL21yMmRjbGRgLS1kMTJzcw%3D%3D&vvpl=1&l=20250718003341E8252316C9C9A41BD69F&VExpiration=1752856482&VSignature=EMbZKMR0Qo2rMsOAkkQx5Q&btag=e00050000&cc=14,https://p16-sign-va.tiktokcdn.com/tos-maliva-avt-0068/267e05793397405d7d0b19e503ebbca4~tplv-tiktokx-cropcenter:1080:1080.jpeg?dr=14579&refresh_token=e6b6bfb5&x-expires=1752940800&x-signature=FGE4PhwULpSUJmrvT4GRjkSpKRU%3D&t=4d5b0474&ps=13740610&shp=a5d48078&shcp=81f88b70&idc=maliva,🧍🏾‍♀️🧍🏾‍♀️,https://v16-webapp-prime.tiktok.com/video/tos/alisg/tos-alisg-pve-0037c001/oIvTfADSNHhBDFRroAfstQUEgIqKBZFEDKzhEm/?a=1988&bti=ODszNWYuMDE6&ch=0&cr=3&dr=0&lr=all&cd=0%7C0%7C0%7C&cv=1&br=4380&bt=2190&cs=0&ds=3&ft=4fUEKMUm8Zmo0kUv5I4jVpfBDpWrKsd.&mime_type=video_mp4&qs=0&rc=Zzw3OTtmM2doODc4OGZpOEBpanlxNnM5cnU0NDMzODczNEAuYy82Ly9fNTQxLl42NWA0YSMzMzNkMmQ0ajJhLS1kMTFzcw%3D%3D&btag=e000b0000&expire=1752942833&l=20250718003341E8252316C9C9A41BD69F&ply_type=2&policy=2&signature=f2071aa2ee4f26a6629894e713170dde&tk=tt_chain_token,https://www.tiktok.com/joven.andales/video/7514849868393811208,,2,0,0,58,,,,,,"idol bluesky,lashes,hehe l2z,Rylee9R,star hairpin,motion blur makeup,natural,COM CHIEU,Dandelion 46",
zeeschuimer-export-tiktok.com-2025-07-18T17_45_41.302Z.csv,7514242264957242632,7514242264957242632,joven.andales,@Joven Andales,95,1439,28,https://p16-sign-sg.tiktokcdn.com/tos-alisg-avt-0068/7f87683e1c20342f2e4f92ce4dbd05f9~tplv-tiktokx-cropcenter:100:100.jpeg?dr=14579&refresh_token=dfba8c02&x-expires=1752940800&x-signature=KYn7cX6QsOx0QgrU3ERyi5j8aFg%3D&t=4d5b0474&ps=13740610&shp=a5d48078&shcp=81f88b70&idc=maliva,,Tue Jun 10 2025,1749545868,no,no,original sound - Mark Anthony Edaño,7497556066067237648,https://v58.tiktokcdn.com/video/tos/alisg/tos-alisg-v-27dcd7/o4xMC7XiAXEdAEWEUAi0BqABw7o2AAS4flBKnw/?a=1233&bti=ODszNWYuMDE6&ch=0&cr=0&dr=0&er=0&lr=default&cd=0%7C0%7C0%7C0&br=250&bt=125&ds=5&ft=.NpOcInz7Tht0ywKXq8Zmo&mime_type=audio_mpeg&qs=13&rc=amtwb2o5cjRkMzMzODU8NEBpamtwb2o5cjRkMzMzODU8NEBxY29xMmRjazNhLS1kMS1zYSNxY29xMmRjazNhLS1kMS1zcw%3D%3D&vvpl=1&l=20250718003341E8252316C9C9A41BD69F&VExpiration=1752856437&VSignature=avKesbB8gz1bKYAh5X4_Wg&btag=e00078000&cc=14,https://p16-sign-sg.tiktokcdn.com/tos-alisg-avt-0068/ce3644468f245a64549ac0d27476dcfa~tplv-tiktokx-cropcenter:1080:1080.jpeg?dr=14579&refresh_token=f73506fc&x-expires=1752940800&x-signature=mzbJq%2BOH65QxtoSeB0kAWFtLW80%3D&t=4d5b0474&ps=13740610&shp=a5d48078&shcp=81f88b70&idc=maliva,Mark Anthony Edaño,https://v16-webapp-prime.tiktok.com/video/tos/alisg/tos-alisg-pve-0037c001/oA1Ez9fRIRlIoHjCzHIDfD8jN4AFQdfADYdQED/?a=1988&bti=ODszNWYuMDE6&ch=0&cr=3&dr=0&lr=all&cd=0%7C0%7C0%7C&cv=1&br=3732&bt=1866&cs=0&ds=3&ft=4fUEKMUm8Zmo0kUv5I4jVpfBDpWrKsd.&mime_type=video_mp4&qs=0&rc=OzozNzplZjw7aGY8NThmNUBpM206O2w5cnh5NDMzODczNEA2MTZjXjYtXzIxY18zMi1hYSNyc2NoMmQ0MzBhLS1kMTFzcw%3D%3D&btag=e000b8000&expire=1752942837&l=20250718003341E8252316C9C9A41BD69F&ply_type=2&policy=2&signature=4027b9c8dd764c7a84ed0f6a634d730e&tk=tt_chain_token,https://www.tiktok.com/joven.andales/video/7514242264957242632,,4,0,0,56,,,,,,"star hairpin,idol bluesky,lashes,hehe l2z,Rylee9R,Dandelion 46,motion blur makeup,natural,COM CHIEU",
zeeschuimer-export-tiktok.com-2025-07-18T17_45_41.302Z.csv,7517638533469850936,7517638533469850936,jovenal.tb,Jovenal Tb,154,1473,270,https://p16-sign-va.tiktokcdn.com/tos-maliva-avt-0068/0ca735b5499be4d8c571b8c385190004~tplv-tiktokx-cropcenter:100:100.jpeg?dr=14579&refresh_token=97a024c7&x-expires=1752940800&x-signature=NJSRcfI837vnvNf2VO5aoSFE1wM%3D&t=4d5b0474&ps=13740610&shp=a5d48078&shcp=81f88b70&idc=maliva,,Thu Jun 19 2025,1750336623,no,no,som original,7517638541385796358,https://v58.tiktokcdn.com/video/tos/useast2a/tos-useast2a-v-27dcd7/oUXIEkcF4BBHBxAGAgi8gE0ABKJoUAQKEMfIUi/?a=1233&bti=ODszNWYuMDE6&ch=0&cr=0&dr=0&er=0&lr=default&cd=0%7C0%7C0%7C0&br=250&bt=125&ds=5&ft=.NpOcInz7Tht0ywKXq8Zmo&mime_type=audio_mpeg&qs=13&rc=M25qdnY5cnYzNDMzNzU8M0BpM25qdnY5cnYzNDMzNzU8M0BiZjYvMmRjNV5hLS1kMTZzYSNiZjYvMmRjNV5hLS1kMTZzcw%3D%3D&vvpl=1&l=20250718003341E8252316C9C9A41BD69F&VExpiration=1752856443&VSignature=8rIOF4Q0ONkeE5bjQ1CUpQ&btag=e00078000&cc=14,https://p77-sign-va.tiktokcdn.com/tos-maliva-avt-0068/0ca735b5499be4d8c571b8c385190004~tplv-tiktokx-cropcenter:1080:1080.jpeg?dr=14579&refresh_token=a0c06019&x-expires=1752940800&x-signature=CoEfWhQE270Z4YciAqx9FoXv56w%3D&t=4d5b0474&ps=13740610&shp=a5d48078&shcp=81f88b70&idc=maliva,Jovenal Tb,https://v16-webapp-prime.tiktok.com/video/tos/useast2a/tos-useast2a-ve-0068c003/oQGGgfrZDBSoFHZEpoECA8QOVBJIXMpQ7fRjRA/?a=1988&bti=ODszNWYuMDE6&ch=0&cr=3&dr=0&lr=all&cd=0%7C0%7C0%7C&br=2350&bt=1175&cs=0&ds=3&ft=4fUEKMUm8Zmo0kUv5I4jVpfBDpWrKsd.&mime_type=video_mp4&qs=0&rc=NzM8OjtkMzRoMzwzNjg2M0BpM29tdXc5cnQzNDMzNzczM0BeXzExYWM0XjMxL19iNi8yYSNnNjJpMmRjNV5hLS1kMTZzcw%3D%3D&btag=e000b8000&expire=1752942843&l=20250718003341E8252316C9C9A41BD69F&ply_type=2&policy=2&signature=857794459e045cf2f2475ef53a73f302&tk=tt_chain_token,https://www.tiktok.com/jovenal.tb/video/7517638533469850936,,0,0,0,35,,,,,,"star hairpin,idol bluesky,lashes,hehe l2z,Rylee9R,Dandelion 46,motion blur makeup,natural,COM CHIEU",
zeeschuimer-export-tiktok.com-2025-07-18T17_45_41.302Z.csv,7381144419635858694,7381144419635858694,cumbionm,cumbion,10200,1551,127,https://p16-sign-va.tiktokcdn.com/tos-maliva-avt-0068/6dc79ac83a8bee92ca4f05809af51df9~tplv-tiktokx-cropcenter:100:100.jpeg?dr=14579&refresh_token=c4d89bfd&x-expires=1752940800&x-signature=dThV%2FXK8fidVzExmEmYcCKOzyTQ%3D&t=4d5b0474&ps=13740610&shp=a5d48078&shcp=81f88b70&idc=maliva,loco por ti-juveniles de la #cumbia,Sun Jun 16 2024,1718556759,no,no,sonido original - cumbion,7381148394352806662,https://v58.tiktokcdn.com/video/tos/useast2a/tos-useast2a-v-27dcd7/oU7wIkhCtBB1Ggq4A4izgEzONKBolAtNMwfGvi/?a=1233&bti=ODszNWYuMDE6&ch=0&cr=0&dr=0&er=0&lr=default&cd=0%7C0%7C0%7C0&br=250&bt=125&ft=.NpOcInz7Tht0ywKXq8Zmo&mime_type=audio_mpeg&qs=6&rc=ZWc2ODU8NmdnPDxkMzloOEBpajgzO205cnBrczMzNzU8M0AtYGI1XmIuNV4xMmBiYWExYSNkMDMuMmRzZGtgLS1kMTZzcw%3D%3D&vvpl=1&l=20250718003341E8252316C9C9A41BD69F&VExpiration=1752856482&VSignature=bxpRuxkqtiwSWb8l0rxkjw&btag=e00090000&cc=14,https://p16-sign-va.tiktokcdn.com/tos-maliva-avt-0068/6dc79ac83a8bee92ca4f05809af51df9~tplv-tiktokx-cropcenter:1080:1080.jpeg?dr=14579&refresh_token=98ebc565&x-expires=1752940800&x-signature=qyp68PGHEgCCGzChxC4hWV%2BfeC0%3D&t=4d5b0474&ps=13740610&shp=a5d48078&shcp=81f88b70&idc=maliva,cumbion,https://v16-webapp-prime.tiktok.com/video/tos/maliva/tos-maliva-ve-68c800-us/o41vriqMMISMEuC2OC3idZeiEhBQAxAlfgfsQw/?a=1988&bti=ODszNWYuMDE6&ch=0&cr=3&dr=0&lr=all&cd=0%7C0%7C0%7C&cv=1&br=3476&bt=1738&cs=0&ds=3&ft=4fUEKMUm8Zmo0kUv5I4jVpfBDpWrKsd.&mime_type=video_mp4&qs=0&rc=NGczZzs4N2g7OmlnNGZkZUBpM285ZnA5cmlrczMzNzgzM0A1Ll40YWIvXzQxLy4tY14xYSNpXzEtMmRzY2tgLS1kLzZzcw%3D%3D&btag=e00090000&expire=1752942881&l=20250718003341E8252316C9C9A41BD69F&ply_type=2&policy=2&signature=5af72fb0d082b18b31e7fefc91729407&tk=tt_chain_token,https://www.tiktok.com/cumbionm/video/7381144419635858694,,216,8,7,10200,cumbia,cumbia,,,,"star hairpin,idol bluesky,lashes,hehe l2z,Rylee9R,Dandelion 46,motion blur makeup,natural,COM CHIEU",
zeeschuimer-export-tiktok.com-2025-07-18T17_45_41.302Z.csv,7500556650470886674,7500556650470886674,joveneslan,JóvenesLAN_TlapaGro,15,98,21,https://p16-sign-sg.tiktokcdn.com/tos-alisg-avt-0068/e737eb5a061f001eb344190e56e0de72~tplv-tiktokx-cropcenter:100:100.jpeg?dr=14579&refresh_token=8134f91c&x-expires=1752940800&x-signature=po40Gp5Qb6YSd7I9U2f6mCLe5nQ%3D&t=4d5b0474&ps=13740610&shp=a5d48078&shcp=81f88b70&idc=maliva,Tarde de conexión 🥰 #cristo #cristianos #alabanza #hagamosviralajesus #jesus #iglesia #jesus #juegos ,Sun May 04 2025,1746359435,no,no,sonido original,7500556668745665297,https://v77.tiktokcdn.com/8b59f97e2ff9e8039cbfd51b95935500/687a7772/video/tos/alisg/tos-alisg-v-27dcd7/o8BXAoAGEAICFEiKIfEVK18Ampb36wFMACBAi0/?a=1233&bti=ODszNWYuMDE6&ch=0&cr=0&dr=0&er=0&lr=default&cd=0%7C0%7C0%7C0&br=250&bt=125&ds=5&ft=.NpOcInz7Tht0ywKXq8Zmo&mime_type=audio_mpeg&qs=13&rc=ajhuNnY5cjZvMzMzODU8NEBpajhuNnY5cjZvMzMzODU8NEBvZC0uMmRjNl9hLS1kMS1zYSNvZC0uMmRjNl9hLS1kMS1zcw%3D%3D&vvpl=1&l=20250718003341E8252316C9C9A41BD69F&btag=e00070000&cc=13,https://p16-sign-sg.tiktokcdn.com/tos-alisg-avt-0068/e737eb5a061f001eb344190e56e0de72~tplv-tiktokx-cropcenter:1080:1080.jpeg?dr=14579&refresh_token=e6900ed5&x-expires=1752940800&x-signature=vSq51u6WPLh4PLYfPfK35Aq5ZA8%3D&t=4d5b0474&ps=13740610&shp=a5d48078&shcp=81f88b70&idc=maliva,JóvenesLAN_TlapaGro,https://webapp-sg.tiktok.com/664d2e5bc626901eff4a4910de075b99/687bc8f2/kmoat/mps/logo/v2/r/p/v14044g50000d0bl8e7og65gh7qk4v30/2d7e65a45a624539849c7527ea3b5182/d139e09fa21ab15ca850a892b84c0e7b/mp4/main.mp4?a=1988&bti=ODszNWYuMDE6&ch=0&cr=3&dr=0&lr=all&cd=0%7C0%7C0%7C&br=0&bt=0&cs=0&ds=3&eid=1286&ft=piBE5MUm8Zmo0kUv5I4jVpfBDpWrKsd.&mime_type=video_mp4&qs=0&rc=cnF8b2hsc2d3SkBwaHIxaDFybndmNTRlZDo4Zjc8ODVkNzhoZ0BpM3luOmo5cmhvMzMzODczNEBjRl5Nc3FePmJKYSNvYF90aHFmOiM1MjBiLzQ2NTAxMzJeMzQvYSMwMW5lMmQ0NV9hLS1kMTFzcw%3D%3D&btag=e000b0000&definition=720p&du=13&item_id=7500556650470886674&l=20250718003341E8252316C9C9A41BD69F&logo_type=tiktok_m&ply_type=2&policy=eyJ2bSI6MiwiY2siOiJ0dF9jaGFpbl90b2tlbiJ9&user_text=joveneslan,https://www.tiktok.com/joveneslan/video/7500556650470886674,,41,0,0,618,cristo‚cristianos‚alabanza‚hagamosviralajesus‚jesus‚iglesia‚jesus‚juegos,cristo‚cristianos‚alabanza‚hagamosviralajesus‚jesus‚iglesia‚juegos,,,,"Dandelion 46,motion blur makeup,natural,COM CHIEU,Rylee9R,star hairpin,idol bluesky,lashes,hehe l2z",
zeeschuimer-export-tiktok.com-2025-07-18T17_45_41.302Z.csv,7518076144277687557,7518076144277687557,jovenal.tb,Jovenal Tb,154,1473,270,https://p16-sign-va.tiktokcdn.com/tos-maliva-avt-0068/0ca735b5499be4d8c571b8c385190004~tplv-tiktokx-cropcenter:100:100.jpeg?dr=14579&refresh_token=97a024c7&x-expires=1752940800&x-signature=NJSRcfI837vnvNf2VO5aoSFE1wM%3D&t=4d5b0474&ps=13740610&shp=a5d48078&shcp=81f88b70&idc=maliva,,Fri Jun 20 2025,1750438514,no,no,som original,7518076127169088312,https://v58.tiktokcdn.com/video/tos/useast2a/tos-useast2a-v-27dcd7/oUPVVSaDcdQ7CUSAMWBlkYklSiAAFBniEEDAN/?a=1233&bti=ODszNWYuMDE6&ch=0&cr=0&dr=0&er=0&lr=default&cd=0%7C0%7C0%7C0&br=250&bt=125&ds=5&ft=.NpOcInz7Tht0ywKXq8Zmo&mime_type=audio_mpeg&qs=13&rc=ajZvc3U5cndzNDMzNzU8M0BpajZvc3U5cndzNDMzNzU8M0AuXi5mMmQ0MV5hLS1kMTZzYSMuXi5mMmQ0MV5hLS1kMTZzcw%3D%3D&vvpl=1&l=20250718003341E8252316C9C9A41BD69F&VExpiration=1752856434&VSignature=rgIASAaVWOPhhNPvdihpyg&btag=e00070000&cc=14,https://p77-sign-va.tiktokcdn.com/tos-maliva-avt-0068/0ca735b5499be4d8c571b8c385190004~tplv-tiktokx-cropcenter:1080:1080.jpeg?dr=14579&refresh_token=a0c06019&x-expires=1752940800&x-signature=CoEfWhQE270Z4YciAqx9FoXv56w%3D&t=4d5b0474&ps=13740610&shp=a5d48078&shcp=81f88b70&idc=maliva,Jovenal Tb,https://v16-webapp-prime.tiktok.com/video/tos/useast2a/tos-useast2a-pve-0068/osejIITfoWP9dBfVU3CvEmy3gQLoCQAyqPGSBI/?a=1988&bti=ODszNWYuMDE6&ch=0&cr=3&dr=0&lr=all&cd=0%7C0%7C0%7C&br=1354&bt=677&cs=0&ds=3&ft=4fUEKMUm8Zmo0kUv5I4jVpfBDpWrKsd.&mime_type=video_mp4&qs=0&rc=cnF8b2hsc2d3SkBwaHIxaDFybndmNGk3ZTxoNDs5NDs7MzY2aEBpM247eW85cnNzNDMzNzczM0BjRl5Nc3FePmJKYSNvYF90aHFmOiMuLl9fNmFfNmExYjUwMTVjYSNocnJrMmRzMV5hLS1kMTZzcw%3D%3D&btag=e000b0000&expire=1752942834&l=20250718003341E8252316C9C9A41BD69F&ply_type=2&policy=2&signature=21626f371680e450ee60cceaa1eca94d&tk=tt_chain_token,https://www.tiktok.com/jovenal.tb/video/7518076144277687557,,0,0,0,45,,,,,,"COM CHIEU,Dandelion 46,motion blur makeup,natural,hehe l2z,Rylee9R,star hairpin,idol bluesky,lashes",
zeeschuimer-export-tiktok.com-2025-07-18T17_45_41.302Z.csv,7521285082540248325,7521285082540248325,jovenal.tb,Jovenal Tb,154,1473,270,https://p16-sign-va.tiktokcdn.com/tos-maliva-avt-0068/0ca735b5499be4d8c571b8c385190004~tplv-tiktokx-cropcenter:100:100.jpeg?dr=14579&refresh_token=97a024c7&x-expires=1752940800&x-signature=NJSRcfI837vnvNf2VO5aoSFE1wM%3D&t=4d5b0474&ps=13740610&shp=a5d48078&shcp=81f88b70&idc=maliva,#dueto com @mymeme2538 ,Sun Jun 29 2025,1751185656,yes,no,เสียงต้นฉบับ - mymeme2538,7515687119323941649,https://v58.tiktokcdn.com/video/tos/alisg/tos-alisg-v-27dcd7/owEANoJUJBRACgJzuZECBFEBWFDHXTA0lfedZQ/?a=1233&bti=ODszNWYuMDE6&ch=0&cr=0&dr=0&er=0&lr=default&cd=0%7C0%7C0%7C0&br=250&bt=125&ds=5&ft=.NpOcInz7Tht0ywKXq8Zmo&mime_type=audio_mpeg&qs=13&rc=M2VsaHE5cjprNDMzODU8NEBpM2VsaHE5cjprNDMzODU8NEBzNmE2MmRjXzNhLS1kMS1zYSNzNmE2MmRjXzNhLS1kMS1zcw%3D%3D&vvpl=1&l=20250718003341E8252316C9C9A41BD69F&VExpiration=1752856437&VSignature=I7gEecV0uHjXn8nzNsoqWA&btag=e00078000&cc=14,https://p16-sign-useast2a.tiktokcdn.com/tos-useast2a-avt-0068-aiso/b6cbbd26864c89ec212e7060b69e7fff~tplv-tiktokx-cropcenter:1080:1080.jpeg?dr=14579&refresh_token=ece876ed&x-expires=1752940800&x-signature=4PXcX%2B9teCYP5XYg%2FKIvRjATRHU%3D&t=4d5b0474&ps=13740610&shp=a5d48078&shcp=81f88b70&idc=maliva,mymeme2538,https://v16-webapp-prime.tiktok.com/video/tos/useast2a/tos-useast2a-ve-0068c002/okBZAeyYCF7CLEPgQoEDxPfEIswRQjSFBJBmER/?a=1988&bti=ODszNWYuMDE6&ch=0&cr=3&dr=0&lr=all&cd=0%7C0%7C0%7C&br=1456&bt=728&cs=0&ds=3&ft=4fUEKMUm8Zmo0kUv5I4jVpfBDpWrKsd.&mime_type=video_mp4&qs=0&rc=cnF8b2hsc2d3SkBwaHIxaDFybndmZDdkZDs1NWlnOjQ4aWk0aUBpM3M3cnI5cnNpNDMzNzczM0BjRl5Nc3FePmJKYSNvYF90aHFmOiNeLi41Mi8xX2IxL2AvMTIuYSMuMWlmMmRrZWRhLS1kMTZzcw%3D%3D&btag=e000b8000&expire=1752942837&l=20250718003341E8252316C9C9A41BD69F&ply_type=2&policy=2&signature=2b29d1443bb47e5da2cf71695868aeac&tk=tt_chain_token,https://www.tiktok.com/jovenal.tb/video/7521285082540248325,,6,0,0,206,dueto,dueto,,,,"COM CHIEU,Dandelion 46,motion blur makeup,natural,hehe l2z,Rylee9R,star hairpin,idol bluesky,lashes",
zeeschuimer-export-tiktok.com-2025-07-18T17_45_41.302Z.csv,7146030804370607386,7146030804370607386,jovenandales,Joven Andales yoww,235,1008,29,https://p16-sign-useast2a.tiktokcdn.com/tos-useast2a-avt-0068-giso/9b28aea43dea732c4f84b827672554ba~tplv-tiktokx-cropcenter:100:100.jpeg?dr=14579&refresh_token=941c2392&x-expires=1752940800&x-signature=GVHXQ6nh%2F6G60Er61iGEtt1N77s%3D&t=4d5b0474&ps=13740610&shp=a5d48078&shcp=81f88b70&idc=maliva,,Thu Sep 22 2022,1663814964,no,no,Malakas,6946697201179461634,,https://p77-sign-va.tiktokcdn.com/tos-useast2a-v-2774/578d9155e711449e87eca567cbca465a~c5_720x720.jpeg?lk3s=08d74b56&x-expires=1752791622&x-signature=Est1umQxeHp5bmBCKaKG7Wj4QhY%3D,Halfwaylook,https://v16-webapp-prime.tiktok.com/video/tos/useast2a/tos-useast2a-pve-0037-aiso/2be553656a7f45d4b85e32ec33dbad83/?a=1988&bti=ODszNWYuMDE6&ch=0&cr=3&dr=0&lr=all&cd=0%7C0%7C0%7C&br=2134&bt=1067&cs=0&ds=3&ft=4fUEKMUm8Zmo0kUv5I4jVpfBDpWrKsd.&mime_type=video_mp4&qs=0&rc=NDlnPGZpMzwzO2g1ZTZoPEBpM2Z1NWQ6Zjp2ZjMzZjgzM0AtXzAtM181XjQxNV8yMGBfYSMtNHFzcjRnaGlgLS1kL2Nzcw%3D%3D&btag=e000b8000&expire=1752942837&l=20250718003341E8252316C9C9A41BD69F&ply_type=2&policy=2&signature=31508e6293950fd9a5d68489661fc1ce&tk=tt_chain_token,https://www.tiktok.com/jovenandales/video/7146030804370607386,,21,2,0,173,,,,,,"hehe l2z,Rylee9R,star hairpin,idol bluesky,lashes,COM CHIEU,Dandelion 46,motion blur makeup,natural",
zeeschuimer-export-tiktok.com-2025-07-18T17_45_41.302Z.csv,7517872070986960135,7517872070986960135,joven.andales,@Joven Andales,95,1439,28,https://p16-sign-sg.tiktokcdn.com/tos-alisg-avt-0068/7f87683e1c20342f2e4f92ce4dbd05f9~tplv-tiktokx-cropcenter:100:100.jpeg?dr=14579&refresh_token=dfba8c02&x-expires=1752940800&x-signature=KYn7cX6QsOx0QgrU3ERyi5j8aFg%3D&t=4d5b0474&ps=13740610&shp=a5d48078&shcp=81f88b70&idc=maliva,,Fri Jun 20 2025,1750390999,no,no,original sound - Baroy Salaño,6847737144090413826,https://v58.tiktokcdn.com/video/tos/alisg/tos-alisg-v-27dcd7/f88e263d170d47bf993b18549916996a/?a=1233&bti=ODszNWYuMDE6&ch=0&cr=0&dr=0&er=0&lr=default&cd=0%7C0%7C0%7C0&br=218&bt=109&ds=5&ft=.NpOcInz7Tht0ywKXq8Zmo&mime_type=audio_mp4&qs=13&rc=M3d3eXNwaWgzdjMzNzU8M0BpM3d3eXNwaWgzdjMzNzU8M0Byai40XjFjbTFfLS0uMTRzYSNyai40XjFjbTFfLS0uMTRzcw%3D%3D&vvpl=1&l=20250718003341E8252316C9C9A41BD69F&VExpiration=1752856444&VSignature=NDzA4dVPPXYeAQ-4IycYyg&btag=e00078000&cc=14,https://p16-sign-va.tiktokcdn.com/tos-maliva-avt-0068/0c3f78a2a786cdd806c5c1854d10dffa~tplv-tiktokx-cropcenter:1080:1080.jpeg?dr=14579&refresh_token=57a63dff&x-expires=1752940800&x-signature=dAMotEEd%2BhJiNjEwVDoVXKuYr4I%3D&t=4d5b0474&ps=13740610&shp=a5d48078&shcp=81f88b70&idc=maliva,Baroy Salaño,https://v16-webapp-prime.tiktok.com/video/tos/alisg/tos-alisg-pve-0037c001/oIu7iqQoIEU02iBBN2oEUDNBVELgUfxfgAGF1R/?a=1988&bti=ODszNWYuMDE6&ch=0&cr=3&dr=0&lr=all&cd=0%7C0%7C0%7C&cv=1&br=2268&bt=1134&cs=0&ds=3&ft=4fUEKMUm8Zmo0kUv5I4jVpfBDpWrKsd.&mime_type=video_mp4&qs=0&rc=OGkzOGZpaWk1PDtnOWczZ0BpM248bm85cmhnNDMzODczNEAyXmJhNGNfXzMxYTRjNDIvYSNocjAuMmRzZV5hLS1kMTFzcw%3D%3D&btag=e000b0000&expire=1752942834&l=20250718003341E8252316C9C9A41BD69F&ply_type=2&policy=2&signature=87c248c9f84e0bb759c38fa333925ea0&tk=tt_chain_token,https://www.tiktok.com/joven.andales/video/7517872070986960135,,3,0,0,119,,,,,,"Dandelion 46,motion blur makeup,natural,COM CHIEU,Rylee9R,star hairpin,idol bluesky,lashes,hehe l2z",
zeeschuimer-export-tiktok.com-2025-07-18T17_45_41.302Z.csv,7516910607619214614,7516910607619214614,marshall_walter.1985,gon.new,10600,0,40,https://p16-sign-va.tiktokcdn.com/tos-maliva-avt-0068/6f3bf7db448628495829641c964ffd6d~tplv-tiktokx-cropcenter:100:100.jpeg?dr=14579&refresh_token=c8e39af4&x-expires=1752940800&x-signature=E%2Fy1OWSYu7mBtWgmBKsz9Evdocw%3D&t=4d5b0474&ps=13740610&shp=a5d48078&shcp=81f88b70&idc=maliva,#fpy #foryouu #crime #court #courtroom,Tue Jun 17 2025,1750167143,no,no,original sound - gon.new,7516910639858453270,https://v58.tiktokcdn.com/video/tos/no1a/tos-no1a-v-2370-no/ogr6b0GJfBAoQnB1Kn1RcvMwbiEDLKvB5yiICr/?a=1233&bti=ODszNWYuMDE6&ch=0&cr=0&dr=0&er=0&lr=default&cd=0%7C0%7C0%7C0&br=250&bt=125&ft=.NpOcInz7Thp0ywKXq8Zmo&mime_type=audio_mpeg&qs=6&rc=Nzk0ODw0NmgzOmczPDk7PEBpamVpc3Q5cnRwNDMzbzU8NUAuXzZeYGE2XjYxMy00MWJgYSNpZ29rMmRzcDVhLS1kMTFzcw%3D%3D&vvpl=1&l=202507180033458BC4AC1747C1591D5EBF&VExpiration=1752856497&VSignature=J83iAvA7wqEZ6rsr_xcR7w&btag=e00090000&cc=14,https://p16-sign-va.tiktokcdn.com/tos-maliva-avt-0068/6f3bf7db448628495829641c964ffd6d~tplv-tiktokx-cropcenter:1080:1080.jpeg?dr=14579&refresh_token=21fc6694&x-expires=1752940800&x-signature=UCms5ywPEWcTSaLH4VmOTgeelQM%3D&t=4d5b0474&ps=13740610&shp=a5d48078&shcp=81f88b70&idc=maliva,gon.new,https://v16-webapp-prime.tiktok.com/video/tos/no1a/tos-no1a-ve-0068-no/oQciU1gUfAQWe4KlgDVoWTB23EFkFCy7zWVIkq/?a=1988&bti=ODszNWYuMDE6&ch=0&cr=3&dr=0&lr=all&cd=0%7C0%7C0%7C&br=2484&bt=1242&cs=0&ds=3&ft=4fUEKMUm8Zmo0FUv5I4jVCfXDpWrKsd.&mime_type=video_mp4&qs=0&rc=Ozk4aDM6NTVkOTNkOWU3PEBpanRzdG85cjhwNDMzbzgzNUA1YWIwNmI1XzIxXzUuY2JeYSNxb21gMmQ0cDVhLS1kLzFzcw%3D%3D&btag=e00090000&expire=1752942897&l=202507180033458BC4AC1747C1591D5EBF&ply_type=2&policy=2&signature=8d9c5d41939a92d361df3c8c2b3c5d77&tk=tt_chain_token,https://www.tiktok.com/marshall_walter.1985/video/7516910607619214614,,38,6,0,1265,fpy‚foryouu‚crime‚court‚courtroom,fpy‚foryouu‚crime‚court‚courtroom,,,,"4K ULTRA HD,Less Barbie Pink",
zeeschuimer-export-tiktok.com-2025-07-18T17_45_41.302Z.csv,7517662921627847954,7517662921627847954,alexissolsol,Alexis Solsol,555,15900,68,https://p16-sign-va.tiktokcdn.com/tos-maliva-avt-0068/f3f9acd272ac6f79f515bf1b63faef79~tplv-tiktokx-cropcenter:100:100.jpeg?dr=14579&refresh_token=efc476ae&x-expires=1752940800&x-signature=LH1pwZojor6fI%2Bu9cRbHrc9RVQg%3D&t=4d5b0474&ps=13740610&shp=a5d48078&shcp=81f88b70&idc=maliva,#jovenes #fyp #tendencia #obrero #obra ,Thu Jun 19 2025,1750342300,no,no,sonido original,7494656721454287671,https://v77.tiktokcdn.com/064b7053bb11f8ac9011dbe18d0308fe/687a77a5/video/tos/useast2a/tos-useast2a-v-27dcd7/o4vUoE4DQyABB6AFfAoJBAC4IpEGTAIelYEA5J/?a=1233&bti=ODszNWYuMDE6&ch=0&cr=0&dr=0&er=0&lr=default&cd=0%7C0%7C0%7C0&br=250&bt=125&ds=5&ft=.NpOcInz7Thp0ywKXq8Zmo&mime_type=audio_mpeg&qs=13&rc=M3M1O3Y5cjk4MzMzNzU8M0BpM3M1O3Y5cjk4MzMzNzU8M0BiLWxeMmQ0cS5hLS1kMTZzYSNiLWxeMmQ0cS5hLS1kMTZzcw%3D%3D&vvpl=1&l=202507180033458BC4AC1747C1591D5EBF&btag=e00050000&cc=13,https://p16-sign-va.tiktokcdn.com/tos-maliva-avt-0068/395d70fd37a0615420538db72c22e535~tplv-tiktokx-cropcenter:1080:1080.jpeg?dr=14579&refresh_token=265e53fc&x-expires=1752940800&x-signature=Ge6qSdVazGWAPZC5JU1iJO%2FH%2BLo%3D&t=4d5b0474&ps=13740610&shp=a5d48078&shcp=81f88b70&idc=maliva,jóvenes  para eso vienen,https://v16-webapp-prime.tiktok.com/video/tos/alisg/tos-alisg-pve-0037c001/oUfB7pHABgBEMBguhZDKUoIeVQKkqVRGBFcESw/?a=1988&bti=ODszNWYuMDE6&ch=0&cr=3&dr=0&lr=all&cd=0%7C0%7C0%7C&cv=1&br=3378&bt=1689&cs=0&ds=3&ft=4fUEKMUm8Zmo0FUv5I4jVCfXDpWrKsd.&mime_type=video_mp4&qs=0&rc=Mzc2aDY3N2doNDQ3NzU0NUBpMzg1cGo5cjQ0NDMzODczNEAzL2AwMjE1XmAxYS1iNi5fYSM0Li1vMmRzZl5hLS1kMTFzcw%3D%3D&btag=e000b8000&expire=1752942846&l=202507180033458BC4AC1747C1591D5EBF&ply_type=2&policy=2&signature=37e461b037b5842bd26909f94fb05ce6&tk=tt_chain_token,https://www.tiktok.com/alexissolsol/video/7517662921627847954,,80,13,58,19900,jovenes‚fyp‚tendencia‚obrero‚obra,jovenes‚fyp‚tendencia‚obrero‚obra,,,,"Less Barbie Pink,4K ULTRA HD",
zeeschuimer-export-tiktok.com-2025-07-18T17_45_41.302Z.csv,7513534760380108037,7513534760380108037,natychavez2710,Natalia,80,312,54,https://p16-sign-va.tiktokcdn.com/tos-maliva-avt-0068/c89033a7b4fa2eebad3ff5da197bf905~tplv-tiktokx-cropcenter:100:100.jpeg?dr=14579&refresh_token=6ac2214b&x-expires=1752940800&x-signature=N0d78iUo%2BEf8EVBNsT1EulRUv5Q%3D&t=4d5b0474&ps=13740610&shp=a5d48078&shcp=81f88b70&idc=maliva,La Octava y la novena de Los Andes #creatorsearchinsight #apoyo #compañeros #pasion #football  #juveniles #afa #clublosandes #Estadio #Argentina #fútbolargentino ,Sun Jun 08 2025,1749381140,no,no,Si No Estas Vs Ya No Más - Remix,7294388511649597441,,https://p77-sign-va.tiktokcdn.com/tos-useast2a-v-2774/oQXPeAbKdFQ9DAZAQexdBz0Cgx18IPeAa3YAIM~c5_720x720.jpeg?lk3s=08d74b56&x-expires=1752791626&x-signature=xRqSWqDrA1fNXFTz%2FUP%2BjmJ8B9w%3D,Nico Manriquez & Agus Maidana & Nacho Radesca,https://v16-webapp-prime.tiktok.com/video/tos/useast2a/tos-useast2a-ve-0068c002/oMQjkCMfI0i3VkgLA9BFzdirWBOIoAyIo6cHEC/?a=1988&bti=ODszNWYuMDE6&ch=0&cr=3&dr=0&lr=all&cd=0%7C0%7C0%7C&cv=1&br=4028&bt=2014&cs=0&ds=3&ft=4fUEKMUm8Zmo0FUv5I4jVCfXDpWrKsd.&mime_type=video_mp4&qs=0&rc=ZjxkZGc7OTlpaDs7PGVpM0BpMzZxPGw5cjRwNDMzNzczM0BjYGBeNTYtXmExYV81NjY0YSMzNDRoMmRjcS9hLS1kMTZzcw%3D%3D&btag=e00088000&expire=1752942855&l=202507180033458BC4AC1747C1591D5EBF&ply_type=2&policy=2&signature=a44eaf83a451b7a7c84ad177e39c7773&tk=tt_chain_token,https://www.tiktok.com/natychavez2710/video/7513534760380108037,,287,1,18,10200,creatorsearchinsight‚apoyo‚compañeros‚pasion‚football‚juveniles‚afa‚clublosandes‚estadio‚argentina‚fútbolargentino,creatorsearchinsight‚apoyo‚compañeros‚pasion‚football‚juveniles‚afa‚clublosandes‚estadio‚argentina‚fútbolargentino,,,La Octava División recibiendo a la novena!  @ClubLosAndes‚Estadio Eduardo Gallardon,"Less Barbie Pink,4K ULTRA HD",
zeeschuimer-export-tiktok.com-2025-07-18T17_45_41.302Z.csv,7524683311239810309,7524683311239810309,jovenal.tb,Jovenal Tb,154,1473,270,https://p77-sign-va.tiktokcdn.com/tos-maliva-avt-0068/0ca735b5499be4d8c571b8c385190004~tplv-tiktokx-cropcenter:100:100.jpeg?dr=14579&refresh_token=e86914c5&x-expires=1752940800&x-signature=XLjsXsq25HgTsw1xWhT8EQ%2F9Iog%3D&t=4d5b0474&ps=13740610&shp=a5d48078&shcp=81f88b70&idc=maliva,,Tue Jul 08 2025,1751976864,no,no,som original,7524683291318323974,https://v58.tiktokcdn.com/video/tos/useast2a/tos-useast2a-v-27dcd7/oEteQbDAAEoAFBcurJfBJ7iW67BICQUWCEB8xE/?a=1233&bti=ODszNWYuMDE6&ch=0&cr=0&dr=0&er=0&lr=default&cd=0%7C0%7C0%7C0&br=250&bt=125&ds=5&ft=.NpOcInz7Thp0ywKXq8Zmo&mime_type=audio_mpeg&qs=13&rc=MzRzeXc5cjtqNDMzNzU8M0BpMzRzeXc5cjtqNDMzNzU8M0BybGZyMmRra2phLS1kMTZzYSNybGZyMmRra2phLS1kMTZzcw%3D%3D&vvpl=1&l=202507180033458BC4AC1747C1591D5EBF&VExpiration=1752856441&VSignature=eP6_kRBIL6cqer-QNC3oQw&btag=e00078000&cc=14,https://p77-sign-va.tiktokcdn.com/tos-maliva-avt-0068/0ca735b5499be4d8c571b8c385190004~tplv-tiktokx-cropcenter:1080:1080.jpeg?dr=14579&refresh_token=a0c06019&x-expires=1752940800&x-signature=CoEfWhQE270Z4YciAqx9FoXv56w%3D&t=4d5b0474&ps=13740610&shp=a5d48078&shcp=81f88b70&idc=maliva,Jovenal Tb,https://webapp-va.tiktok.com/b25a86153e788432683f8d5f24446795/687bc8f9/kmoat/mps/logo/v2/r/p/v09044g40000d1mgn7fog65pjtulern0/4fe8c317af1948c583d0c9b34f2d4c5e/0f403284db7dd0aac8a99a03d1dffc21/mp4/main.mp4?a=1988&bti=ODszNWYuMDE6&ch=0&cr=3&dr=0&lr=all&cd=0%7C0%7C0%7C&cv=1&br=0&bt=0&cs=0&ds=3&ft=piBEGMUm8Zmo0FUv5I4jVCfXDpWrKsd.&mime_type=video_mp4&qs=0&rc=cnF8b2hsc2d3SkBwaHIxaDFybndmaGZnaTY8MzY4OzxpOjY7aUBpM3Vvd3M5cjpqNDMzNzczM0BjRl5Nc3FePmJKYSNvYF90aHFmOiMyMS8xX2BhNWAxLl4uYGIxYSNrYnJnMmRja2phLS1kMTZzcw%3D%3D&btag=e000b8000&definition=720p&du=15&item_id=7524683311239810309&l=202507180033458BC4AC1747C1591D5EBF&logo_type=tiktok&ply_type=2&policy=eyJ2bSI6MiwiY2siOiJ0dF9jaGFpbl90b2tlbiJ9&user_text=jovenal.tb,https://www.tiktok.com/jovenal.tb/video/7524683311239810309,,3,0,0,114,,,,,,"Less Barbie Pink,4K ULTRA HD",
zeeschuimer-export-tiktok.com-2025-07-18T17_45_41.302Z.csv,7285767416683040031,7285767416683040031,farahhaiti40,FARAH COLLECTION,103600,1075,606,https://p16-sign-va.tiktokcdn.com/tos-maliva-avt-0068/8be862d8fbbc1dd6dadc7e9527877cc4~tplv-tiktokx-cropcenter:100:100.jpeg?dr=14579&refresh_token=72392e7f&x-expires=1752940800&x-signature=FztXvqH7sh%2Bpxa%2Fhuxb67f21%2BQI%3D&t=4d5b0474&ps=13740610&shp=a5d48078&shcp=81f88b70&idc=maliva,lanmò Jovenel Moïse Martelly paret devan juge #haiti #foryou #fyp #viralvideo #viral #michelmartelly #jovenelmoïse #parenn #selazenanchita #viraltiktok ,Tue Oct 03 2023,1696349948,no,no,son original,7285772747681106718,https://v58.tiktokcdn.com/video/tos/maliva/tos-maliva-v-27dcd7c799-us/oIblmNJBUenHixTDfD8OvQArEoAhQABuEaAVoC/?a=1233&bti=ODszNWYuMDE6&ch=0&cr=0&dr=0&er=0&lr=default&cd=0%7C0%7C0%7C0&br=250&bt=125&ds=5&ft=.NpOcInz7Thp0ywKXq8Zmo&mime_type=audio_mpeg&qs=13&rc=M3A1NWU6ZmU3bjMzaTU8NEBpM3A1NWU6ZmU3bjMzaTU8NEBpMzBpcjRvNGJgLS1kMTJzYSNpMzBpcjRvNGJgLS1kMTJzcw%3D%3D&vvpl=1&l=202507180033458BC4AC1747C1591D5EBF&VExpiration=1752856582&VSignature=iY7hdI8PxCaJrfytWtJUag&btag=e00050000&cc=14,https://p16-sign-va.tiktokcdn.com/tos-maliva-avt-0068/8be862d8fbbc1dd6dadc7e9527877cc4~tplv-tiktokx-cropcenter:1080:1080.jpeg?dr=14579&refresh_token=be1ca513&x-expires=1752940800&x-signature=uaev4%2FxscgInYlnMglDvDbse8FI%3D&t=4d5b0474&ps=13740610&shp=a5d48078&shcp=81f88b70&idc=maliva,FARAH COLLECTION,https://v16-webapp-prime.tiktok.com/video/tos/maliva/tos-maliva-ve-0068c799-us/o4gwtwsDDsgyHIhlALBRRfY82bRsHeEVEnEBAc/?a=1988&bti=ODszNWYuMDE6&ch=0&cr=3&dr=0&lr=all&cd=0%7C0%7C0%7C&cv=1&br=1902&bt=951&cs=0&ds=3&ft=4fUEKMUm8Zmo0FUv5I4jVCfXDpWrKsd.&mime_type=video_mp4&qs=0&rc=aGc6ODQ7ZTw6NzM3OWQ2N0BpamZqZzs6ZmU2bjMzaTczNEA0NjEwYzMtNV4xL2EwMjJjYSNkYmUucjQwamJgLS1kMTJzcw%3D%3D&btag=e00090000&expire=1752942982&l=202507180033458BC4AC1747C1591D5EBF&ply_type=2&policy=2&signature=77a27ed8d6e118e889a8c84bfe55f4b5&tk=tt_chain_token,https://www.tiktok.com/farahhaiti40/video/7285767416683040031,,174,32,29,16600,haiti‚foryou‚fyp‚viralvideo‚viral‚michelmartelly‚jovenelmoïse‚parenn‚selazenanchita‚viraltiktok,haiti‚foryou‚fyp‚viralvideo‚Viral‚michelmartelly‚jovenelmoïse‚parenn‚selazenanchita‚viraltiktok,,,Jodi an Martelly paret devan juge nan Kad Anket sou lanmò   Jovenel Moïse  anpil moun di Martelly se te parenn Jovenel ,"Less Barbie Pink,4K ULTRA HD",
zeeschuimer-export-tiktok.com-2025-07-18T17_45_41.302Z.csv,7395322614144601377,7395322614144601377,cusmesunny,Cusme_Sunny,6392,2,32,https://p16-common-sign-useastred.tiktokcdn-eu.com/tos-useast2a-avt-0068-euttp/40303b72cebdfc99abb02189f987401b~tplv-tiktokx-cropcenter:100:100.jpeg?dr=14579&refresh_token=4c7b10aa&x-expires=1752940800&x-signature=Ucm44luE9lEO5j8%2BiwBHFM%2F%2FnKM%3D&t=4d5b0474&ps=13740610&shp=a5d48078&shcp=81f88b70&idc=maliva,That day I met a French teenager on the street #handsome #handsomeboy #streetstyle #youth ,Wed Jul 24 2024,1721857733,no,no,original sound,7395322670365035297,https://v58.tiktokcdn.com/video/tos/useast2a/tos-useast2a-v-2370-euttp/o81dsAAfmCD0DNihBmFEQbDOUoCJi4AEEifkPX/?a=1233&bti=ODszNWYuMDE6&ch=0&cr=0&dr=0&er=0&lr=default&cd=0%7C0%7C0%7C0&br=250&bt=125&ds=5&ft=.NpOcInz7Thp0ywKXq8Zmo&mime_type=audio_mpeg&qs=13&rc=ajk4cG05cm1xdDMzZjU8M0Bpajk4cG05cm1xdDMzZjU8M0BzMWo1MmRrYWRgLS1kMWNzYSNzMWo1MmRrYWRgLS1kMWNzcw%3D%3D&vvpl=1&l=202507180033458BC4AC1747C1591D5EBF&VExpiration=1752856498&VSignature=CsrS2MHfHr-EhxhSKg7JUQ&btag=e00050000&cc=14,https://p16-common-sign-useastred.tiktokcdn-eu.com/tos-useast2a-avt-0068-euttp/40303b72cebdfc99abb02189f987401b~tplv-tiktokx-cropcenter:1080:1080.jpeg?dr=14579&refresh_token=5ccd24ce&x-expires=1752940800&x-signature=GRqDO%2B4XaDIUeCdgiotEAjHsNgA%3D&t=4d5b0474&ps=13740610&shp=a5d48078&shcp=81f88b70&idc=maliva,Cusme_Sunny,https://v16-webapp-prime.tiktok.com/video/tos/useast2a/tos-useast2a-ve-0068c001-euttp/o8uTOPEVGi5w280iB0QQ3FVqIziBArPFQZAvE/?a=1988&bti=ODszNWYuMDE6&ch=0&cr=3&dr=0&lr=all&cd=0%7C0%7C0%7C&cv=1&br=3440&bt=1720&cs=0&ds=3&ft=4fUEKMUm8Zmo0FUv5I4jVCfXDpWrKsd.&mime_type=video_mp4&qs=0&rc=NWhkOGZoNzc6Zjk3OzU0ZEBpM29sNm05cjlxdDMzZjczM0AwMDEyMTZfNjYxYzNeLzVgYSNlanJrMmRrYGRgLS1kMWNzcw%3D%3D&btag=e00090000&expire=1752942898&l=202507180033458BC4AC1747C1591D5EBF&ply_type=2&policy=2&signature=80f5ecf9ddb570dd96b41e7b3c71aad8&tk=tt_chain_token,https://www.tiktok.com/cusmesunny/video/7395322614144601377,,26100,219,1102,714000,handsome‚handsomeboy‚streetstyle‚youth,handsome‚handsomeboy‚streetstyle‚youth,,,,"4K ULTRA HD,Less Barbie Pink",
zeeschuimer-export-tiktok.com-2025-07-18T17_45_41.302Z.csv,7514861655751150904,7514861655751150904,edward.bermeo0,Edward Bermeo,299,2,10,https://p16-sign-va.tiktokcdn.com/tos-maliva-avt-0068/afc4f0dfbbd1c6cf2817bfa79adc8e52~tplv-tiktokx-cropcenter:100:100.jpeg?dr=14579&refresh_token=616c8009&x-expires=1752940800&x-signature=kmd0q1MD8tEIHnvsXVqxqoltNlk%3D&t=4d5b0474&ps=13740610&shp=a5d48078&shcp=81f88b70&idc=maliva,Pausas Activas  #sst  #pausasactivas  #jovenes  #construccion ,Thu Jun 12 2025,1749690084,no,no,sonido original,7494656721454287671,https://v77.tiktokcdn.com/064b7053bb11f8ac9011dbe18d0308fe/687a77a5/video/tos/useast2a/tos-useast2a-v-27dcd7/o4vUoE4DQyABB6AFfAoJBAC4IpEGTAIelYEA5J/?a=1233&bti=ODszNWYuMDE6&ch=0&cr=0&dr=0&er=0&lr=default&cd=0%7C0%7C0%7C0&br=250&bt=125&ds=5&ft=.NpOcInz7Thp0ywKXq8Zmo&mime_type=audio_mpeg&qs=13&rc=M3M1O3Y5cjk4MzMzNzU8M0BpM3M1O3Y5cjk4MzMzNzU8M0BiLWxeMmQ0cS5hLS1kMTZzYSNiLWxeMmQ0cS5hLS1kMTZzcw%3D%3D&vvpl=1&l=202507180033458BC4AC1747C1591D5EBF&btag=e00050000&cc=13,https://p16-sign-va.tiktokcdn.com/tos-maliva-avt-0068/395d70fd37a0615420538db72c22e535~tplv-tiktokx-cropcenter:1080:1080.jpeg?dr=14579&refresh_token=265e53fc&x-expires=1752940800&x-signature=Ge6qSdVazGWAPZC5JU1iJO%2FH%2BLo%3D&t=4d5b0474&ps=13740610&shp=a5d48078&shcp=81f88b70&idc=maliva,jóvenes  para eso vienen,https://v16-webapp-prime.tiktok.com/video/tos/useast2a/tos-useast2a-pve-0068/oEIGhKgkXJPIREeTrfeFF1iAIKkbyPOQNAeLG7/?a=1988&bti=ODszNWYuMDE6&ch=0&cr=3&dr=0&lr=all&cd=0%7C0%7C0%7C&cv=1&br=2620&bt=1310&cs=0&ds=3&ft=4fUEKMUm8Zmo0FUv5I4jVCfXDpWrKsd.&mime_type=video_mp4&qs=0&rc=Z2ZpOGVlNDRkOWZlZTQ1PEBpam08ZnM5cms1NDMzNzczM0AyLTAzYTBjX2AxMzZeLV8vYSNzbm4vMmRzNDJhLS1kMTZzcw%3D%3D&btag=e00088000&expire=1752942867&l=202507180033458BC4AC1747C1591D5EBF&ply_type=2&policy=2&signature=a3b0d2260b27e2867fa9f076f5cc701a&tk=tt_chain_token,https://www.tiktok.com/edward.bermeo0/video/7514861655751150904,,81,6,22,41200,sst‚pausasactivas‚jovenes‚construccion,sst‚pausasactivas‚jovenes‚construccion,,,,"Less Barbie Pink,4K ULTRA HD",
zeeschuimer-export-tiktok.com-2025-07-18T17_45_41.302Z.csv,7295401637076602117,7295401637076602117,.tutup,🐿️⃟⚥вᴜᴙᴏᴎᴀᴎ💕ᴹᴬᴻᵀᴬᴺᭃ᭄🇨🇳,2114,9015,145,https://p16-sign-sg.tiktokcdn.com/tos-alisg-avt-0068/4b324a6eaaa39c8c25cd71f76e1e3da6~tplv-tiktokx-cropcenter:100:100.jpeg?dr=14579&refresh_token=01ef3a19&x-expires=1752940800&x-signature=DkMbKy6h0QrGGHqf98u4kMQyIHQ%3D&t=4d5b0474&ps=13740610&shp=a5d48078&shcp=81f88b70&idc=maliva,#CapCut ,Sun Oct 29 2023,1698593062,no,no,suara asli - Junio Landes,7295401654659238662,https://v58.tiktokcdn.com/video/tos/useast2a/tos-useast2a-v-27dcd7/oMBFJSMmWAfTfe8wAmFQJEwQlzqIIkA8AUPedQ/?a=1233&bti=ODszNWYuMDE6&ch=0&cr=0&dr=0&er=0&lr=default&cd=0%7C0%7C0%7C0&br=250&bt=125&ds=5&ft=.NpOcInz7Thp0ywKXq8Zmo&mime_type=audio_mpeg&qs=13&rc=M2lkZXA5cmQ6bjMzNzU8M0BpM2lkZXA5cmQ6bjMzNzU8M0BobHFiMmRjZnNgLS1kMTZzYSNobHFiMmRjZnNgLS1kMTZzcw%3D%3D&vvpl=1&l=202507180033458BC4AC1747C1591D5EBF&VExpiration=1752856450&VSignature=QMGYZTKO2dAfWHteGBMVvw&btag=e00078000&cc=14,https://p16-sign-sg.tiktokcdn.com/tos-alisg-avt-0068/4b324a6eaaa39c8c25cd71f76e1e3da6~tplv-tiktokx-cropcenter:1080:1080.jpeg?dr=14579&refresh_token=365b1a66&x-expires=1752940800&x-signature=EQ%2FYMTjENRHOzEwxKz%2F%2BMIeT54c%3D&t=4d5b0474&ps=13740610&shp=a5d48078&shcp=81f88b70&idc=maliva,🐿️⃟⚥вᴜᴙᴏᴎᴀᴎ💕ᴹᴬᴻᵀᴬᴺᭃ᭄🇨🇳,https://v16-webapp-prime.tiktok.com/video/tos/maliva/tos-maliva-ve-0068c801-us/oc8UeoGzRYMfA5lQ9fWIjg4CF0mWQAEePQxkEA/?a=1988&bti=ODszNWYuMDE6&ch=0&cr=3&dr=0&lr=all&cd=0%7C0%7C0%7C&br=518&bt=259&cs=0&ds=3&ft=4fUEKMUm8Zmo0FUv5I4jVCfXDpWrKsd.&mime_type=video_mp4&qs=0&rc=NTs4ZWc0NmdnNjQ1NjUzZEBpajcza3E5cjc6bjMzNzczM0BiMi5eMjE0NmExMDMyLTQzYSMzaGBkMmRjZnNgLS1kMTZzcw%3D%3D&btag=e000b8000&expire=1752942850&l=202507180033458BC4AC1747C1591D5EBF&ply_type=2&policy=2&signature=f160008bfe92b3006c1a60b37cb9b265&tk=tt_chain_token,https://www.tiktok.com/.tutup/video/7295401637076602117,,24,0,0,255,capcut,CapCut,,,,"Less Barbie Pink,4K ULTRA HD",
zeeschuimer-export-tiktok.com-2025-07-18T17_45_41.302Z.csv,7527486652948712710,7527486652948712710,bader_the_man,Bader TheMan 🔱,651900,115,844,https://p16-sign-va.tiktokcdn.com/tos-maliva-avt-0068/388bc3aa98ff3cbcb555dd89c19c80ba~tplv-tiktokx-cropcenter:100:100.jpeg?dr=14579&refresh_token=37b7dbdb&x-expires=1752940800&x-signature=yEEAg5TMdt2Qnkbue8uA02nDCwU%3D&t=4d5b0474&ps=13740610&shp=a5d48078&shcp=81f88b70&idc=maliva,Si me agarró a mordidas la japomami 😂 #bader #ligue #seduccion #daygame,Wed Jul 16 2025,1752629568,no,no,original sound - Bader TheMan 🔱,7527486701104466693,https://v58.tiktokcdn.com/video/tos/useast2a/tos-useast2a-v-27dcd7/o8BCLi3Pic2UUhHM2KQoNSnClhaBA89CnIARQ/?a=1233&bti=ODszNWYuMDE6&ch=0&cr=0&dr=0&er=0&lr=default&cd=0%7C0%7C0%7C0&br=250&bt=125&ft=.NpOcInz7Thp0ywKXq8Zmo&mime_type=audio_mpeg&qs=6&rc=ZDY4PDM2ODQ6NTg4NGc2aUBpM3A1c3c5cmtqNDMzNzU8M0AtMGI2NS8vXy0xY2FfMTY1YSNyY3EzMmQ0L29hLS1kMTZzcw%3D%3D&vvpl=1&l=202507180033458BC4AC1747C1591D5EBF&VExpiration=1752856567&VSignature=HVGhNzqIANjuIzSK8sEdXg&btag=e00090000&cc=14,https://p16-sign-va.tiktokcdn.com/tos-maliva-avt-0068/388bc3aa98ff3cbcb555dd89c19c80ba~tplv-tiktokx-cropcenter:1080:1080.jpeg?dr=14579&refresh_token=b86614b1&x-expires=1752940800&x-signature=qWp6JathawfRdURueiWbHD7Wyxw%3D&t=4d5b0474&ps=13740610&shp=a5d48078&shcp=81f88b70&idc=maliva,Bader TheMan 🔱,,https://www.tiktok.com/bader_the_man/video/7527486652948712710,,192800,1146,6046,3400000,bader‚ligue‚seduccion‚daygame,bader‚ligue‚seduccion‚daygame,,,,"Less Barbie Pink,4K ULTRA HD",
zeeschuimer-export-tiktok.com-2025-07-18T17_45_41.302Z.csv,7468016331422502149,7468016331422502149,casting.peru04,Casting PERU,801,26,7,https://p16-sign-va.tiktokcdn.com/tos-maliva-avt-0068/42ed6d1c04e7d366432ce10a5c74e79c~tplv-tiktokx-cropcenter:100:100.jpeg?dr=14579&refresh_token=d49ed973&x-expires=1752940800&x-signature=azJazd877wex6Q04yFA1WY8pWxM%3D&t=4d5b0474&ps=13740610&shp=a5d48078&shcp=81f88b70&idc=maliva,#casting #peru🇵🇪 #telegram  #adolescentes #tionacho ,Wed Feb 05 2025,1738783057,no,no,sonido original,7468016349085403910,https://v77.tiktokcdn.com/9bcb7acc5a68b6e636dcd6b5e913ed7b/687a7785/video/tos/useast2a/tos-useast2a-v-27dcd7/oQbnOHlEACAeAJLjQEFkouJDTfSvGV7EBUBCjE/?a=1233&bti=ODszNWYuMDE6&ch=0&cr=0&dr=0&er=0&lr=default&cd=0%7C0%7C0%7C0&br=250&bt=125&ds=5&ft=.NpOcInz7Thp0ywKXq8Zmo&mime_type=audio_mpeg&qs=13&rc=M2lqbng5cm51eDMzNzU8M0BpM2lqbng5cm51eDMzNzU8M0BmYWRhMmRzZmVgLS1kMTZzYSNmYWRhMmRzZmVgLS1kMTZzcw%3D%3D&vvpl=1&l=202507180033458BC4AC1747C1591D5EBF&btag=e00078000&cc=13,https://p16-sign-va.tiktokcdn.com/tos-maliva-avt-0068/42ed6d1c04e7d366432ce10a5c74e79c~tplv-tiktokx-cropcenter:1080:1080.jpeg?dr=14579&refresh_token=50606d8a&x-expires=1752940800&x-signature=R1DK%2FZ81%2FBFjjeFSt0F2YXNF5iA%3D&t=4d5b0474&ps=13740610&shp=a5d48078&shcp=81f88b70&idc=maliva,Casting PERU,https://webapp-va.tiktok.com/ea7e62d7fcba21ec122c456e1a876af0/687bc905/kmoat/mps/logo/v2/r/p/v09044g40000cuhrht7og65ocmcdr5d0/2a14f8707f1c49a7bc25946d29038e62/5630bd525ce4ce0c72128a4c5299a1dc/mp4/main.mp4?a=1988&bti=ODszNWYuMDE6&ch=0&cr=3&dr=0&lr=all&cd=0%7C0%7C0%7C&br=0&bt=0&cs=0&ds=3&eid=1286&ft=piBEGMUm8Zmo0FUv5I4jVCfXDpWrKsd.&mime_type=video_mp4&qs=0&rc=cnF8b2hsc2d3SkBwaHIxaDFybndmNWg2PGc3OGY6PGZpMzs3ZEBpMzhncHI5cnd1eDMzNzczM0BjRl5Nc3FePmJKYSNvYF90aHFmOiMzNS0vMzYvX14xLjQ0Yy4vYSNhb2BgMmQ0ZWVgLS1kMTZzcw%3D%3D&btag=e000b8000&definition=720p&du=28&item_id=7468016331422502149&l=202507180033458BC4AC1747C1591D5EBF&logo_type=tiktok_m&ply_type=2&policy=eyJ2bSI6MiwiY2siOiJ0dF9jaGFpbl90b2tlbiJ9&user_text=casting.peru04,https://www.tiktok.com/casting.peru04/video/7468016331422502149,,448,60,21,50300,casting‚peru🇵🇪‚telegram‚adolescentes‚tionacho,casting‚peru🇵🇪‚telegram‚adolescentes‚tionacho,,,,"Less Barbie Pink,4K ULTRA HD",
zeeschuimer-export-tiktok.com-2025-07-18T17_45_41.302Z.csv,7149129785703222533,7149129785703222533,andres_candela07,andres_Candela07,67700,90,137,https://p16-sign-va.tiktokcdn.com/tos-maliva-avt-0068/ecf28fab9cb0729fb5ecb64a1758607f~tplv-tiktokx-cropcenter:100:100.jpeg?dr=14579&refresh_token=2c418a50&x-expires=1752940800&x-signature=LMCMdiGyOqLzZ8HAoyDS09E3d%2FE%3D&t=4d5b0474&ps=13740610&shp=a5d48078&shcp=81f88b70&idc=maliva,Se 3nd3monio en la selva del dariel #motivacion #religion #reflexiones #drama #andresfelipeorozcogarcia #tiktok #andrescandela98,Fri Sep 30 2022,1664536497,no,no,sonido original,7149129817656085253,https://v58.tiktokcdn.com/video/tos/useast2a/tos-useast2a-v-27dcd7/c50c01a5a031404cb5019f9361ea060c/?a=1233&bti=ODszNWYuMDE6&ch=0&cr=0&dr=0&er=0&lr=default&cd=0%7C0%7C0%7C0&br=254&bt=127&ds=5&ft=.NpOcInz7Thp0ywKXq8Zmo&mime_type=video_mp4&qs=13&rc=ank3bGk6ZmZmZjMzNzU8M0Bpank3bGk6ZmZmZjMzNzU8M0BjNGVjcjRvc29gLS1kMTZzYSNjNGVjcjRvc29gLS1kMTZzcw%3D%3D&vvpl=1&l=202507180033458BC4AC1747C1591D5EBF&VExpiration=1752856456&VSignature=HLcLmMvo06yB2JMD5mv-NQ&btag=e00048000&cc=14,https://p16-sign-va.tiktokcdn.com/tos-maliva-avt-0068/ecf28fab9cb0729fb5ecb64a1758607f~tplv-tiktokx-cropcenter:1080:1080.jpeg?dr=14579&refresh_token=6f319526&x-expires=1752940800&x-signature=kxPhITcS0zutH3wcbku1VejZWOU%3D&t=4d5b0474&ps=13740610&shp=a5d48078&shcp=81f88b70&idc=maliva,andres_Candela07,https://v16-webapp-prime.tiktok.com/video/tos/maliva/tos-maliva-ve-0068c801-us/d352bb6ac104461f9148121ba67c26aa/?a=1988&bti=ODszNWYuMDE6&ch=0&cr=3&dr=0&lr=all&cd=0%7C0%7C0%7C&cv=1&br=2142&bt=1071&cs=0&ds=3&ft=4fUEKMUm8Zmo0FUv5I4jVCfXDpWrKsd.&mime_type=video_mp4&qs=0&rc=OTtlZDM3OztoPGdoOTw8O0BpanlydTs6ZnJmZjMzNzczM0AwYDEuMC9iNWAxMTFeNGEzYSMuM29gcjRvcm9gLS1kMTZzcw%3D%3D&btag=e00088000&expire=1752942856&l=202507180033458BC4AC1747C1591D5EBF&ply_type=2&policy=2&signature=de78cf13676c63bfecadf20f27ce6ce2&tk=tt_chain_token,https://www.tiktok.com/andres_candela07/video/7149129785703222533,,34300,1560,1567,4200000,motivacion‚religion‚reflexiones‚drama‚andresfelipeorozcogarcia‚tiktok‚andrescandela98,motivacion‚religion‚reflexiones‚drama‚andresfelipeorozcogarcia‚tiktok‚andrescandela98,,,,"Less Barbie Pink,4K ULTRA HD",
zeeschuimer-export-tiktok.com-2025-07-18T17_45_41.302Z.csv,7526107972800548119,7526107972800548119,soypatriota,Soy Patriota 🇪🇸,47400,3340,280,https://p77-sign-va.tiktokcdn.com/tos-maliva-avt-0068/200525ff1e0a2ca5b718d8980134a208~tplv-tiktokx-cropcenter:100:100.jpeg?dr=14579&refresh_token=8ad362bd&x-expires=1752940800&x-signature=jEyr40kR4yxLcNSA2PKnnZ2IScw%3D&t=4d5b0474&ps=13740610&shp=a5d48078&shcp=81f88b70&idc=maliva,#viral #jovenes #españa #politica #parati #fyp #vox #pedrosanchez ,Sat Jul 12 2025,1752308571,no,no,sonido original,7526107948036033302,https://v58.tiktokcdn.com/video/tos/no1a/tos-no1a-v-2370-no/ooAAQEAuyx0BbY3G8IiVAiOKEC1B0w2ylEfB1h/?a=1233&bti=ODszNWYuMDE6&ch=0&cr=0&dr=0&er=0&lr=default&cd=0%7C0%7C0%7C0&br=250&bt=125&ds=5&ft=.NpOcInz7Thp0ywKXq8Zmo&mime_type=audio_mpeg&qs=13&rc=ajRxaWs5cnE0NDMzbzU8NUBpajRxaWs5cnE0NDMzbzU8NUBhXzFuMmRjam1hLS1kMTFzYSNhXzFuMmRjam1hLS1kMTFzcw%3D%3D&vvpl=1&l=202507180033458BC4AC1747C1591D5EBF&VExpiration=1752856443&VSignature=h-NYVPNT2E684l2z6bPBJQ&btag=e00078000&cc=14,https://p77-sign-va.tiktokcdn.com/tos-maliva-avt-0068/200525ff1e0a2ca5b718d8980134a208~tplv-tiktokx-cropcenter:1080:1080.jpeg?dr=14579&refresh_token=351b52f0&x-expires=1752940800&x-signature=maT1FTzw7LtUVubW2nFtOSEhiE0%3D&t=4d5b0474&ps=13740610&shp=a5d48078&shcp=81f88b70&idc=maliva,Soy Patriota 🇪🇸,https://webapp-i18n.tiktok.com/9f71220e8cbe93383116e909148279a2/687bc8fb/kmoat/mps/logo/v3/r/p/v24044gl0000d1p1mg7og65p0v9er180/d99b2debc4354d7597dd11ed93ce5e65/e18bb79c93f21f847c89df4ae7437334/mp4/main.mp4?a=1988&bti=ODszNWYuMDE6&ch=0&cr=3&dr=0&lr=all&cd=0%7C0%7C0%7C&cv=1&br=0&bt=0&cs=0&ds=3&ft=4YBg3MUm8Zmo0FUv5I4jVCfXDpWrKsd.&mime_type=video_mp4&qs=0&rc=cnF8b2hsc2d3SkBwaHIxaDFybndmOGhoNmc0Zzo4Zzg3ZWdlPEBpMzRoeXM5cmo0NDMzbzczNUBjRl5Nc3FePmJKYSNvYF90aHFmOiMzMmA2Yi5hNjQxMGBiLzZhYSM1bzYtMmQ0am1hLS1kMTFzcw%3D%3D&btag=e000b8000&definition=720p&du=17&item_id=7526107972800548119&l=202507180033458BC4AC1747C1591D5EBF&logo_type=tiktok_creator&ply_type=2&policy=eyJ2bSI6MiwiY2siOiJ0dF9jaGFpbl90b2tlbiJ9&sign_params=item_id%2Cuser_text&user_text=soypatriota,https://www.tiktok.com/soypatriota/video/7526107972800548119,,161500,14500,22900,2500000,viral‚jovenes‚españa‚politica‚parati‚fyp‚vox‚pedrosanchez,Viral‚jovenes‚españa‚politica‚parati‚fyp‚vox‚pedrosanchez,,,,"Less Barbie Pink,4K ULTRA HD",
zeeschuimer-export-tiktok.com-2025-07-18T17_45_41.302Z.csv,7503970233879645445,7503970233879645445,eje.domicilios,EJE DOMICILIOS 🏍️,371,591,237,https://p16-sign-va.tiktokcdn.com/tos-maliva-avt-0068/a5ae145a068a4460c48dc77964c59dbd~tplv-tiktokx-cropcenter:100:100.jpeg?dr=14579&refresh_token=0a1b3a9b&x-expires=1752940800&x-signature=Shm%2FCU8U4Hq8HzD1TlPh9vpShUU%3D&t=4d5b0474&ps=13740610&shp=a5d48078&shcp=81f88b70&idc=maliva,viaducto de Pereira ,Tue May 13 2025,1747154225,no,no,sonido original,7503970219368221445,https://v58.tiktokcdn.com/video/tos/useast2a/tos-useast2a-v-27dcd7/oUeDCPeGSQcpTWQo71h8CRVuNCMEfIpALAAnQg/?a=1233&bti=ODszNWYuMDE6&ch=0&cr=0&dr=0&er=0&lr=default&cd=0%7C0%7C0%7C0&br=252&bt=126&ds=5&ft=.NpOcInz7Thp0ywKXq8Zmo&mime_type=audio_mpeg&qs=13&rc=ajhpZnE5cmZxMzMzNzU8M0BpajhpZnE5cmZxMzMzNzU8M0BjXzM0MmRzXmVhLS1kMTZzYSNjXzM0MmRzXmVhLS1kMTZzcw%3D%3D&vvpl=1&l=202507180033458BC4AC1747C1591D5EBF&VExpiration=1752856431&VSignature=A6YBPyd08oCjcOUV5PI_qA&btag=e00070000&cc=14,https://p16-sign-va.tiktokcdn.com/tos-maliva-avt-0068/a5ae145a068a4460c48dc77964c59dbd~tplv-tiktokx-cropcenter:1080:1080.jpeg?dr=14579&refresh_token=f8ad602c&x-expires=1752940800&x-signature=kVv9dD2PKyiZe2J81XKvVkvUHM0%3D&t=4d5b0474&ps=13740610&shp=a5d48078&shcp=81f88b70&idc=maliva,EJE DOMICILIOS 🏍️,https://v16-webapp-prime.tiktok.com/video/tos/useast2a/tos-useast2a-pve-0068/okoAIkxEADEGjQKBGwzBfFNpUBJHbEdNR3IfVQ/?a=1988&bti=ODszNWYuMDE6&ch=0&cr=3&dr=0&lr=all&cd=0%7C0%7C0%7C&cv=1&br=2086&bt=1043&cs=0&ds=3&ft=4fUEKMUm8Zmo0FUv5I4jVCfXDpWrKsd.&mime_type=video_mp4&qs=0&rc=OGY3aGY1ZTtpODpmPDg5OUBpM2t4ZW45cjlxMzMzNzczM0AyNjY0NGEvNl8xLzJeLzUwYSMwNGtnMmRzXmVhLS1kMTZzcw%3D%3D&btag=e000b0000&expire=1752942831&l=202507180033458BC4AC1747C1591D5EBF&ply_type=2&policy=2&signature=f7e258f86a05233e9b560eda9b82fcf9&tk=tt_chain_token,https://www.tiktok.com/eje.domicilios/video/7503970233879645445,,978,97,71,278900,,,,,11:36 am  13/05/25 ,"Less Barbie Pink,4K ULTRA HD",
zeeschuimer-export-tiktok.com-2025-07-18T17_45_41.302Z.csv,7525007268102802690,7525007268102802690,lasexta.noticias,laSexta Noticias,97600,4,612,https://p77-sign-va.tiktokcdn.com/tos-maliva-avt-0068/a19db6b8e5d0df8bf3eb33525c08e84e~tplv-tiktokx-cropcenter:100:100.jpeg?dr=14579&refresh_token=fc303764&x-expires=1752940800&x-signature=Xdj%2BZc%2Fwgn81KZG748LUMS6c7g8%3D&t=4d5b0474&ps=13740610&shp=a5d48078&shcp=81f88b70&idc=maliva,"🗣️ Rufián: ""Dicen que van a expulsar a 8 millones de extranjeros. ¿También a Lamine Yamal? ¿También a Nico Williams?"" ""No van a expulsar a nadie‚ sobre todo porque si expulsan a tanta gente al final va a tener que trabajar hasta Abascal""‚ ha añadido. 📲 Puedes seguir toda la información en laSexta y laSexta.com",Wed Jul 09 2025,1752052290,no,no,original sound - laSexta Noticias,7525007261044247318,https://v58.tiktokcdn.com/video/tos/no1a/tos-no1a-v-2370-no/oQkuJoGTbZOEUM89FCMFIoJfFpngHFIDOfkBCj/?a=1233&bti=ODszNWYuMDE6&ch=0&cr=0&dr=0&er=0&lr=default&cd=0%7C0%7C0%7C0&br=250&bt=125&ft=.NpOcInz7Thp0ywKXq8Zmo&mime_type=audio_mpeg&qs=6&rc=Ozo3OTtnM2U3NzZnZDg7aEBpMzttc245cms2NDMzbzU8NUA1NjA2LzMxNi0xMy9iNDBfYSMucm4xMmRjMWthLS1kMTFzcw%3D%3D&vvpl=1&l=202507180033458BC4AC1747C1591D5EBF&VExpiration=1752856483&VSignature=iqFHEXuGX_-eAJ_PY39U5Q&btag=e00088000&cc=14,https://p77-sign-va.tiktokcdn.com/tos-maliva-avt-0068/a19db6b8e5d0df8bf3eb33525c08e84e~tplv-tiktokx-cropcenter:1080:1080.jpeg?dr=14579&refresh_token=e366d314&x-expires=1752940800&x-signature=HDx0bKuagYzD7Qy1n2Ukadt50%2Bo%3D&t=4d5b0474&ps=13740610&shp=a5d48078&shcp=81f88b70&idc=maliva,laSexta Noticias,https://v16-webapp-prime.tiktok.com/video/tos/no1a/tos-no1a-ve-0068-no/oMdHIkEDEkfFYnbQMojuCeZElHFy9VAbliBwag/?a=1988&bti=ODszNWYuMDE6&ch=0&cr=3&dr=0&lr=all&cd=0%7C0%7C0%7C&cv=1&br=2008&bt=1004&cs=0&ds=3&ft=4fUEKMUm8Zmo0FUv5I4jVCfXDpWrKsd.&mime_type=video_mp4&qs=0&rc=NWk3N2VkZGRnZmc4ZDM0M0BpanhkOm05cnI2NDMzbzgzNUA0Xl42XjEtXzExMTU0MGNeYSNgbGptMmRrMGthLS1kLzFzcw%3D%3D&btag=e00088000&expire=1752942883&l=202507180033458BC4AC1747C1591D5EBF&ply_type=2&policy=2&signature=36508943f155f4c617ef0fa65ed1daab&tk=tt_chain_token,https://www.tiktok.com/lasexta.noticias/video/7525007268102802690,,687300,9935,63500,9100000,,,,,,"Less Barbie Pink,4K ULTRA HD",
zeeschuimer-export-tiktok.com-2025-07-18T17_45_41.302Z.csv,7514099405104975160,7514099405104975160,luissiapo19,Luisinho👑,327,28600,57,https://p16-sign-va.tiktokcdn.com/tos-maliva-avt-0068/666555f04f379f3d2a9093f98544951b~tplv-tiktokx-cropcenter:100:100.jpeg?dr=14579&refresh_token=e2c4aa03&x-expires=1752940800&x-signature=EEsCM4bs2v9AKdTOSavcx20G%2B8M%3D&t=4d5b0474&ps=13740610&shp=a5d48078&shcp=81f88b70&idc=maliva,jóvenes para eso vienen ...#sigueme_para_mas_videos_asi #sigueme_y_te_sigo #fypシ゚ #fyp #,Tue Jun 10 2025,1749512607,no,no,sonido original,7494656721454287671,https://v77.tiktokcdn.com/064b7053bb11f8ac9011dbe18d0308fe/687a77a5/video/tos/useast2a/tos-useast2a-v-27dcd7/o4vUoE4DQyABB6AFfAoJBAC4IpEGTAIelYEA5J/?a=1233&bti=ODszNWYuMDE6&ch=0&cr=0&dr=0&er=0&lr=default&cd=0%7C0%7C0%7C0&br=250&bt=125&ds=5&ft=.NpOcInz7Thp0ywKXq8Zmo&mime_type=audio_mpeg&qs=13&rc=M3M1O3Y5cjk4MzMzNzU8M0BpM3M1O3Y5cjk4MzMzNzU8M0BiLWxeMmQ0cS5hLS1kMTZzYSNiLWxeMmQ0cS5hLS1kMTZzcw%3D%3D&vvpl=1&l=202507180033458BC4AC1747C1591D5EBF&btag=e00050000&cc=13,https://p16-sign-va.tiktokcdn.com/tos-maliva-avt-0068/395d70fd37a0615420538db72c22e535~tplv-tiktokx-cropcenter:1080:1080.jpeg?dr=14579&refresh_token=265e53fc&x-expires=1752940800&x-signature=Ge6qSdVazGWAPZC5JU1iJO%2FH%2BLo%3D&t=4d5b0474&ps=13740610&shp=a5d48078&shcp=81f88b70&idc=maliva,jóvenes  para eso vienen,https://webapp-va.tiktok.com/debe5e178f4d756eca10c82fa7a24194/687bc8fa/kmoat/mps/logo/v3/r/p/v09044g40000d13n2jnog65suboc0hf0/7c034d334a1a488bb61af425a5f26303/14916a6be54fe329952617a2d64a5943/mp4/main.mp4?a=1988&bti=ODszNWYuMDE6&ch=0&cr=3&dr=0&lr=all&cd=0%7C0%7C0%7C&cv=1&br=0&bt=0&cs=0&ds=3&ft=piBEGMUm8Zmo0FUv5I4jVCfXDpWrKsd.&mime_type=video_mp4&qs=0&rc=cnF8b2hsc2d3SkBwaHIxaDFybndmNjY1ODg3ZDllO2RkNmc2ZkBpM2tmZXY5cm1xNDMzNzczM0BjRl5Nc3FePmJKYSNvYF90aHFmOiMtM2NeL2MuXzUxLjEwMS00YSNjLWxyMmRrLzBhLS1kMTZzcw%3D%3D&btag=e000b8000&definition=720p&du=16&item_id=7514099405104975160&l=202507180033458BC4AC1747C1591D5EBF&logo_type=tiktok_creator&ply_type=2&policy=eyJ2bSI6MiwiY2siOiJ0dF9jaGFpbl90b2tlbiJ9&sign_params=item_id%2Cuser_text&user_text=luissiapo19,https://www.tiktok.com/luissiapo19/video/7514099405104975160,,415,68,377,58100,sigueme_para_mas_videos_asi‚sigueme_y_te_sigo‚fypシ゚‚fyp,sigueme_para_mas_videos_asi‚sigueme_y_te_sigo‚fypシ゚‚fyp,,,,"Less Barbie Pink,4K ULTRA HD",
zeeschuimer-export-tiktok.com-2025-07-18T17_45_41.302Z.csv,7510835261031337221,7510835261031337221,teen8346,Teen,390500,5184,712,https://p16-sign-va.tiktokcdn.com/tos-maliva-avt-0068/6ccf0b9468f0da85ae64cbee29e516ea~tplv-tiktokx-cropcenter:100:100.jpeg?dr=14579&refresh_token=f9cd2423&x-expires=1752940800&x-signature=Q8jJjcgWorLxRf3xQYrIDNJ%2FjaY%3D&t=4d5b0474&ps=13740610&shp=a5d48078&shcp=81f88b70&idc=maliva,#creatorsearchinsights #fypシ゚viral🖤tiktok #parativiral #paratiiiiiiiiiiiiiiiiiiiiiiiiiiiiiiiiii💖 #fypシ゚ ,Sun Jun 01 2025,1748752614,no,no,La flaca,6709916336841033730,https://sf16-ies-music-va.tiktokcdn.com/obj/tos-useast2a-ve-2774/b9967a054b364ddea9c8b21a859182c1,https://p16-amd-va.tiktokcdn.com/img/tos-useast2a-v-2774/1251e14bd620414cb0597950716b552b~c5_720x720.jpeg,Jarabe De Palo,,https://www.tiktok.com/teen8346/video/7510835261031337221,,31300,627,1733,186000,creatorsearchinsights‚fypシ゚viral🖤tiktok‚parativiral‚paratiiiiiiiiiiiiiiiiiiiiiiiiiiiiiiiiii💖‚fypシ゚,creatorsearchinsights‚fypシ゚viral🖤tiktok‚parativiral‚paratiiiiiiiiiiiiiiiiiiiiiiiiiiiiiiiiii💖‚fypシ゚,,,,"Less Barbie Pink,4K ULTRA HD",
zeeschuimer-export-tiktok.com-2025-07-18T17_45_41.302Z.csv,7526296938640198934,7526296938640198934,dominguito.2,Domingo Cucharero Conde,11500,4999,695,https://p77-sign-va.tiktokcdn.com/tos-maliva-avt-0068/ff416abf4123a97408ea7852da1eb47c~tplv-tiktokx-cropcenter:100:100.jpeg?dr=14579&refresh_token=534bdf25&x-expires=1752940800&x-signature=sM9Ok3PTUxfvmN1vRXiwZbqgTLc%3D&t=4d5b0474&ps=13740610&shp=a5d48078&shcp=81f88b70&idc=maliva,,Sat Jul 12 2025,1752352565,no,no,sonido original,7526296937605090070,https://v58.tiktokcdn.com/video/tos/no1a/tos-no1a-v-2370-no/o0EiHhE2CizNB3ZFAxAL4YYgBzBEVFAayHlvA/?a=1233&bti=ODszNWYuMDE6&ch=0&cr=0&dr=0&er=0&lr=default&cd=0%7C0%7C0%7C0&br=252&bt=126&ds=5&ft=.NpOcInz7Thp0ywKXq8Zmo&mime_type=audio_mpeg&qs=13&rc=ajg1b3A5cmdmNDMzbzU8NUBpajg1b3A5cmdmNDMzbzU8NUBvLWNkMmRrYm1hLS1kMTFzYSNvLWNkMmRrYm1hLS1kMTFzcw%3D%3D&vvpl=1&l=202507180033458BC4AC1747C1591D5EBF&VExpiration=1752856434&VSignature=Hw4lbadv_DYmdA_FMGWBQQ&btag=e00070000&cc=14,https://p77-sign-va.tiktokcdn.com/tos-maliva-avt-0068/ff416abf4123a97408ea7852da1eb47c~tplv-tiktokx-cropcenter:1080:1080.jpeg?dr=14579&refresh_token=7b210fb1&x-expires=1752940800&x-signature=dkjos2L9dAPXIOTDl4YhQQ8iOYE%3D&t=4d5b0474&ps=13740610&shp=a5d48078&shcp=81f88b70&idc=maliva,Domingo Cucharero Conde,https://webapp-i18n.tiktok.com/a076e20a11587da1fdde885e04c087cc/687bc8f2/kmoat/mps/logo/v3/r/p/v24044gl0000d1pceavog65pbjh4jke0/31b1d77163a14e2cae0e9efbb5cf5b63/ecaeedfd669928de2b15f9ec875ebdb7/mp4/main.mp4?a=1988&bti=ODszNWYuMDE6&ch=0&cr=3&dr=0&lr=all&cd=0%7C0%7C0%7C&cv=1&br=0&bt=0&cs=0&ds=3&ft=4YBg3MUm8Zmo0FUv5I4jVCfXDpWrKsd.&mime_type=video_mp4&qs=0&rc=cnF8b2hsc2d3SkBwaHIxaDFybndmNmVpOGVoaGhmaDQ2NDo0NEBpM243bXM5cmRmNDMzbzczNUBjRl5Nc3FePmJKYSNvYF90aHFmOiMzMmBfYzYtXi8xXjM0YV8wYSNiZ2VfMmRzYm1hLS1kMTFzcw%3D%3D&btag=e000b0000&definition=720p&du=8&item_id=7526296938640198934&l=202507180033458BC4AC1747C1591D5EBF&logo_type=tiktok_creator&ply_type=2&policy=eyJ2bSI6MiwiY2siOiJ0dF9jaGFpbl90b2tlbiJ9&sign_params=item_id%2Cuser_text&user_text=dominguito.2,https://www.tiktok.com/dominguito.2/video/7526296938640198934,,22600,1256,1057,709000,,,,,🇪🇸 #Urgente | Los vecinos de Torre Pacheco han organizado patrullas nocturnas para evitar que las bandas magrebíes organizadas ataquen a los ciudadanos y sus propiedades.,"Less Barbie Pink,4K ULTRA HD",
zeeschuimer-export-tiktok.com-2025-07-18T17_45_41.302Z.csv,7516001000767917318,7516001000767917318,bader_the_man,Bader TheMan 🔱,651900,115,844,https://p16-sign-va.tiktokcdn.com/tos-maliva-avt-0068/388bc3aa98ff3cbcb555dd89c19c80ba~tplv-tiktokx-cropcenter:100:100.jpeg?dr=14579&refresh_token=37b7dbdb&x-expires=1752940800&x-signature=yEEAg5TMdt2Qnkbue8uA02nDCwU%3D&t=4d5b0474&ps=13740610&shp=a5d48078&shcp=81f88b70&idc=maliva,Yo con una alemana que me encontré fuera del oxxo después de un Panamá-Corea en el 2026: #bader #ligue #seduccion #daygame,Sun Jun 15 2025,1749955357,no,no,original sound - Bader TheMan 🔱,7516001029965236998,https://v58.tiktokcdn.com/video/tos/useast2a/tos-useast2a-v-27dcd7/o8C5XBmIuBixgPRfKo0Oik0yM9EtJBA9iMUAQq/?a=1233&bti=ODszNWYuMDE6&ch=0&cr=0&dr=0&er=0&lr=default&cd=0%7C0%7C0%7C0&br=250&bt=125&ft=.NpOcInz7Thp0ywKXq8Zmo&mime_type=audio_mpeg&qs=6&rc=ZDw5NWc0ZDQ4NGQ1OWlkZEBpMzVscm45cjs2NDMzNzU8M0AuYy8vXi41XjMxXjJfL2IvYSNrbmZwMmRzMzRhLS1kMTZzcw%3D%3D&vvpl=1&l=202507180033458BC4AC1747C1591D5EBF&VExpiration=1752856516&VSignature=j7OhQ9r78G5D3NegWEu9GA&btag=e00090000&cc=14,https://p16-sign-va.tiktokcdn.com/tos-maliva-avt-0068/388bc3aa98ff3cbcb555dd89c19c80ba~tplv-tiktokx-cropcenter:1080:1080.jpeg?dr=14579&refresh_token=b86614b1&x-expires=1752940800&x-signature=qWp6JathawfRdURueiWbHD7Wyxw%3D&t=4d5b0474&ps=13740610&shp=a5d48078&shcp=81f88b70&idc=maliva,Bader TheMan 🔱,,https://www.tiktok.com/bader_the_man/video/7516001000767917318,,489700,2216,25300,6300000,bader‚ligue‚seduccion‚daygame,bader‚ligue‚seduccion‚daygame,,,,"Less Barbie Pink,4K ULTRA HD",
zeeschuimer-export-tiktok.com-2025-07-18T17_45_41.302Z.csv,7431238754326580485,7431238754326580485,milagrossau1,LAMARACUCHA💃,297700,12700,1580,https://p16-sign-va.tiktokcdn.com/tos-maliva-avt-0068/f88eebdc589df6de4dff0c92217a2002~tplv-tiktokx-cropcenter:100:100.jpeg?dr=14579&refresh_token=7b5ddcd6&x-expires=1752940800&x-signature=iqCVreUiTQw3GHZgZtIfXakwfT0%3D&t=4d5b0474&ps=13740610&shp=a5d48078&shcp=81f88b70&idc=maliva,Como nos gustaaannn @Juan🤴 #maracaibo #parati #foryoupage #viraltiktok #fypシ゚viral #fyp #paratiiiiiiiiiiiiiiiiiiiiiiiiiiiiiii #merengue #salida #rumba ,Tue Oct 29 2024,1730220112,no,no,Dandole Remix - with Gocho & Jowell,6899754203447560193,https://sf16-ies-music-va.tiktokcdn.com/obj/tos-useast2a-ve-2774/97a0aad3fe0d420fa7dcee8668892d77,https://p16-amd-va.tiktokcdn.com/img/tos-useast2a-v-2774/o0naAAArAG8EEAPiGjAaiAMWqBDQYD6SgBERU~c5_720x720.jpeg,Omega & Gocho & Jowell,https://v16-webapp-prime.tiktok.com/video/tos/useast2a/tos-useast2a-pve-0068/owSRxIiAVHGN0yJwE7eIjkQIBfAtiBQNhBCnQE/?a=1988&bti=ODszNWYuMDE6&ch=0&cr=3&dr=0&lr=all&cd=0%7C0%7C0%7C&cv=1&br=3020&bt=1510&cs=0&ds=3&ft=4fUEKMUm8Zmo0FUv5I4jVCfXDpWrKsd.&mime_type=video_mp4&qs=0&rc=MzpkPDc7ZTs5NWg4O2k3aUBpM2dwaGs5cjdqdjMzNzczM0AwXzU0LS0yXzQxNjExMi01YSM2L24wMmRjcmRgLS1kMTZzcw%3D%3D&btag=e00088000&expire=1752942860&l=202507180033458BC4AC1747C1591D5EBF&ply_type=2&policy=2&signature=241bd68cefadb3864d441b3ab4ce8ea4&tk=tt_chain_token,https://www.tiktok.com/milagrossau1/video/7431238754326580485,,384400,2467,20100,9500000,maracaibo‚parati‚foryoupage‚viraltiktok‚fypシ゚viral‚fyp‚paratiiiiiiiiiiiiiiiiiiiiiiiiiiiiiii‚merengue‚salida‚rumba,maracaibo‚parati‚foryoupage‚viraltiktok‚fypシ゚viral‚fyp‚paratiiiiiiiiiiiiiiiiiiiiiiiiiiiiiii‚merengue‚salida‚rumba,,,X: los jovenes de ahora solo bailan choque     ‚Mi real y yo cuando ponen un merenguito de estos en la disco,"Less Barbie Pink,4K ULTRA HD",
zeeschuimer-export-tiktok.com-2025-07-18T17_45_41.302Z.csv,7525797553552755990,7525797553552755990,elespanolcom,EL ESPAÑOL 🦁,3500000,292,10200,https://p77-sign-va.tiktokcdn.com/tos-maliva-avt-0068/44dde37fa218bc2b9fa61fa48fd5f69d~tplv-tiktokx-cropcenter:100:100.jpeg?dr=14579&refresh_token=4ad5f9bb&x-expires=1752940800&x-signature=%2FeUmd%2F9ErwQuaIrtQwHBE7N1Pu0%3D&t=4d5b0474&ps=13740610&shp=a5d48078&shcp=81f88b70&idc=maliva,"🗣️ ""Pov: te mudas a Barcelona y tu calle se convierte en un desfile religioso""‚ comenta la chica en redes sociales. Este tipo de procesión tiene lugar durante la festividad de la Ashura. Los participantes se dan algunos golpes en el cuerpo para simbolizar y revivir las circunstancias históricas en condiciones de sufrimiento y tristeza. 📹 stryanna‚ lukkisbcn #barcelona #cataluña #españa #islam #chiismo",Fri Jul 11 2025,1752236294,no,no,sonido original,7525797536550308630,https://v58.tiktokcdn.com/video/tos/no1a/tos-no1a-v-2370-no/o8a0OABRECAiAB1KfKBwEmAiMIxEBZNCQAUEyA/?a=1233&bti=ODszNWYuMDE6&ch=0&cr=0&dr=0&er=0&lr=default&cd=0%7C0%7C0%7C0&br=250&bt=125&ds=5&ft=.NpOcInz7Thp0ywKXq8Zmo&mime_type=audio_mpeg&qs=13&rc=amdrOW85cjVqNDMzbzU8NUBpamdrOW85cjVqNDMzbzU8NUBgL2VeMmRjL2xhLS1kMTFzYSNgL2VeMmRjL2xhLS1kMTFzcw%3D%3D&vvpl=1&l=202507180033458BC4AC1747C1591D5EBF&VExpiration=1752856452&VSignature=Qv80hXqOwywycmiDxLciMg&btag=e00078000&cc=14,https://p77-sign-va.tiktokcdn.com/tos-maliva-avt-0068/44dde37fa218bc2b9fa61fa48fd5f69d~tplv-tiktokx-cropcenter:1080:1080.jpeg?dr=14579&refresh_token=ce62292c&x-expires=1752940800&x-signature=gbrORp7UOPmjS8ghSbgzE%2BhCr3s%3D&t=4d5b0474&ps=13740610&shp=a5d48078&shcp=81f88b70&idc=maliva,EL ESPAÑOL 🦁,https://v16-webapp-prime.tiktok.com/video/tos/no1a/tos-no1a-ve-0068c001-no/oozEGe9uQHoIIE4DIi1DfLOjFeAFgsgARrmQIs/?a=1988&bti=ODszNWYuMDE6&ch=0&cr=3&dr=0&lr=all&cd=0%7C0%7C0%7C&cv=1&br=4688&bt=2344&cs=0&ds=3&ft=4fUEKMUm8Zmo0FUv5I4jVCfXDpWrKsd.&mime_type=video_mp4&qs=0&rc=Ozw0aDQ2ZGc8ZmY1OGU7Z0Bpajdnd245cmlqNDMzbzczNUAuMzRfNmAxNWExXzJgYzI2YSMwcWQuMmRrLmxhLS1kMTFzcw%3D%3D&btag=e000b8000&expire=1752942852&l=202507180033458BC4AC1747C1591D5EBF&ply_type=2&policy=2&signature=9177fb162a5dd1201e4e462c8e94cebb&tk=tt_chain_token,https://www.tiktok.com/elespanolcom/video/7525797553552755990,,190800,18000,46600,7600000,barcelona‚cataluña‚españa‚islam‚chiismo,barcelona‚cataluña‚españa‚islam‚chiismo,,,☪️ 🇪🇸 La sorpresa de una joven canadiense que se acaba de mudar a Barcelona y ve por su balcón a musulmanes chiitas procesionando‚☪️ 🇪🇸 La sorpresa de una joven canadiense que se acaba de mudar a Barcelona,"Less Barbie Pink,4K ULTRA HD",
zeeschuimer-export-tiktok.com-2025-07-18T17_45_41.302Z.csv,7525923162006080790,7525923162006080790,murcia_actualidad,jaleostp,2468,2,19,https://p77-sign-va.tiktokcdn.com/tos-maliva-avt-0068/b5b699d3db70259d9b42045dec089ec0~tplv-tiktokx-cropcenter:100:100.jpeg?dr=14579&refresh_token=20e7274f&x-expires=1752940800&x-signature=ogWqpU54t64yHt7pPC9cXSuSmts%3D&t=4d5b0474&ps=13740610&shp=a5d48078&shcp=81f88b70&idc=maliva,#justicia #inmigracion #torrepacheco #soloelpueblosalvaalpueblo ,Fri Jul 11 2025,1752265538,no,no,sonido original,7525923162880740118,https://v58.tiktokcdn.com/video/tos/no1a/tos-no1a-v-2370-no/oMBERcO0EBeUkbcBqxhDfFmJNICFAAXgAw7oE8/?a=1233&bti=ODszNWYuMDE6&ch=0&cr=0&dr=0&er=0&lr=default&cd=0%7C0%7C0%7C0&br=250&bt=125&ds=5&ft=.NpOcInz7Thp0ywKXq8Zmo&mime_type=audio_mpeg&qs=13&rc=M2Q3eXg5cmxxNDMzbzU8NUBpM2Q3eXg5cmxxNDMzbzU8NUBncS8tMmQ0M2xhLS1kMTFzYSNncS8tMmQ0M2xhLS1kMTFzcw%3D%3D&vvpl=1&l=202507180033458BC4AC1747C1591D5EBF&VExpiration=1752856562&VSignature=FrPUsGiIF0kFx9_65E8KLA&btag=e00050000&cc=14,https://p77-sign-va.tiktokcdn.com/tos-maliva-avt-0068/b5b699d3db70259d9b42045dec089ec0~tplv-tiktokx-cropcenter:1080:1080.jpeg?dr=14579&refresh_token=40d6c940&x-expires=1752940800&x-signature=cSQDzbe9nSU3TRW6E6pKkkS9iXY%3D&t=4d5b0474&ps=13740610&shp=a5d48078&shcp=81f88b70&idc=maliva,jaleostp,https://v16-webapp-prime.tiktok.com/video/tos/no1a/tos-no1a-ve-0068-no/ocGIAzfxQvlefRcBghgYjG44Rf53AK6WWQx31G/?a=1988&bti=ODszNWYuMDE6&ch=0&cr=3&dr=0&lr=all&cd=0%7C0%7C0%7C&cv=1&br=3768&bt=1884&cs=0&ds=3&ft=4fUEKMUm8Zmo0FUv5I4jVCfXDpWrKsd.&mime_type=video_mp4&qs=0&rc=ZGY8aDg3PGQ3aWc6OTc5PEBpM2l3eHg5cmVxNDMzbzczNUAtYGBgYjNjX2MxYjQuYTFjYSNzYWo0MmRjLmxhLS1kMTFzcw%3D%3D&btag=e00090000&expire=1752942962&l=202507180033458BC4AC1747C1591D5EBF&ply_type=2&policy=2&signature=d84a5ccb8057dbdc90963dce7530d149&tk=tt_chain_token,https://www.tiktok.com/murcia_actualidad/video/7525923162006080790,,37200,2335,6297,1100000,justicia‚inmigracion‚torrepacheco‚soloelpueblosalvaalpueblo,justicia‚inmigracion‚torrepacheco‚soloelpueblosalvaalpueblo,,,Situación torre Pacheco tras la paliza al anciano ,"Less Barbie Pink,4K ULTRA HD",
zeeschuimer-export-tiktok.com-2025-07-18T17_45_41.302Z.csv,7481250249437383982,7481250249437383982,ackanxymovie,ackanxymovie,576900,2,129,https://p16-sign-va.tiktokcdn.com/tos-maliva-avt-0068/4a1c6c50b269c7fd2b90adfb669d10c7~tplv-tiktokx-cropcenter:100:100.jpeg?dr=14579&refresh_token=bc766b4f&x-expires=1752940800&x-signature=T578A9fRq%2F6RnePc4oXHd9zNd%2FU%3D&t=4d5b0474&ps=13740610&shp=a5d48078&shcp=81f88b70&idc=maliva,El joven se enamoró de la jefa.#foryou #movie #tiktok ,Thu Mar 13 2025,1741864406,no,no,original sound,7481250596217998123,https://v77.tiktokcdn.com/e3786d743fb9bfb520ac18bbbb511707/687a77ac/video/tos/maliva/tos-maliva-ve-27dcd7c799-us/oAXSZfg0fCI083DNQDJn7dB2vEDSFUBRirBMCq/?a=1233&bti=ODszNWYuMDE6&ch=0&cr=0&dr=0&er=0&lr=default&cd=0%7C0%7C0%7C0&br=250&bt=125&ft=.NpOcInz7Thp0ywKXq8Zmo&mime_type=audio_mpeg&qs=6&rc=aTU4Ozk2aWQ3NTc2ZzpnOkBpM3locW85cnBleTMzZzU8NEAuMF4wX2A1Xy0xYF4tYF8vYSNvZWE1MmRjbzZgLS1kMS9zcw%3D%3D&vvpl=1&l=202507180033458BC4AC1747C1591D5EBF&btag=e00090000&cc=13,https://p16-sign-va.tiktokcdn.com/tos-maliva-avt-0068/4a1c6c50b269c7fd2b90adfb669d10c7~tplv-tiktokx-cropcenter:1080:1080.jpeg?dr=14579&refresh_token=0a8f7c08&x-expires=1752940800&x-signature=nXa9L4jfSYNZ%2BM4WGiV7aWaqj94%3D&t=4d5b0474&ps=13740610&shp=a5d48078&shcp=81f88b70&idc=maliva,ackanxymovie,https://v16-webapp-prime.tiktok.com/video/tos/maliva/tos-maliva-ve-0068c799-us/oU1EA8VQMH9PWeJIZKQeXUAepCkidZZAgajTsA/?a=1988&bti=ODszNWYuMDE6&ch=0&cr=3&dr=0&lr=all&cd=0%7C0%7C0%7C&cv=1&br=1660&bt=830&cs=0&ds=3&ft=4fUEKMUm8Zmo0FUv5I4jVCfXDpWrKsd.&mime_type=video_mp4&qs=0&rc=OTY6OjtlOWdoZGQzOGdkZkBpamQ3dG45cjZleTMzZzczNEBjLTE1XjU0XzQxYDBgNWI0YSNpamQuMmQ0bzZgLS1kMS9zcw%3D%3D&btag=e00090000&expire=1752942892&l=202507180033458BC4AC1747C1591D5EBF&ply_type=2&policy=2&signature=3d904685630915af20ea24cdd417a4de&tk=tt_chain_token,https://www.tiktok.com/ackanxymovie/video/7481250249437383982,,195500,980,2495,9300000,foryou‚movie‚tiktok,foryou‚movie‚tiktok,,,,"4K ULTRA HD,Less Barbie Pink",
zeeschuimer-export-tiktok.com-2025-07-18T17_45_41.302Z.csv,7527313336032103702,7527313336032103702,informativost5,Informativos Telecinco,3800000,270,6484,https://p16-sign-useast2a.tiktokcdn.com/tos-useast2a-avt-0068-euttp/5066882620b431aaaa2f3893186719a8~tplv-tiktokx-cropcenter:100:100.jpeg?dr=14579&refresh_token=bbeb6cae&x-expires=1752940800&x-signature=XV7MY2Gdsa8AEwPCSfkUu%2FzKtdY%3D&t=4d5b0474&ps=13740610&shp=a5d48078&shcp=81f88b70&idc=maliva,El juez envía a prisión a un repartidor de 27 años‚ sospechoso de agredir sexualmente a dos niñas en Madrid #noticias #news #noticiastiktok,Tue Jul 15 2025,1752590700,no,no,original sound - Informativos Telecinco,7527313347466038038,https://v77.tiktokcdn.com/4e7506d9a12f33c93fc44261f6f6f6ff/687a7798/video/tos/no1a/tos-no1a-v-2370-no/oABl0AIMZHXia6oBjYYp61QWMPWC2LTb0gKZi/?a=1233&bti=ODszNWYuMDE6&ch=0&cr=0&dr=0&er=0&lr=default&cd=0%7C0%7C0%7C0&br=250&bt=125&ft=.NpOcInz7Thp0ywKXq8Zmo&mime_type=audio_mpeg&qs=6&rc=Ozw3OzY0aWY6ZmhkNGhlaEBpM248cm85cjs5NDMzbzU8NUA2Ll81YTFiNWAxMjBeM18wYSM1NDRfMmQ0NG9hLS1kMTFzcw%3D%3D&vvpl=1&l=202507180033458BC4AC1747C1591D5EBF&btag=e00088000&cc=13,https://p16-sign-useast2a.tiktokcdn.com/tos-useast2a-avt-0068-euttp/5066882620b431aaaa2f3893186719a8~tplv-tiktokx-cropcenter:1080:1080.jpeg?dr=14579&refresh_token=85974f69&x-expires=1752940800&x-signature=TpU%2BgQ0eUX7FQtbwtb0966U6XRk%3D&t=4d5b0474&ps=13740610&shp=a5d48078&shcp=81f88b70&idc=maliva,Informativos Telecinco,https://v16-webapp-prime.tiktok.com/video/tos/no1a/tos-no1a-ve-0068c001-no/ogeXQIyz1GAd9OMTxMLbLrQgrE8ASDa7IeedsI/?a=1988&bti=ODszNWYuMDE6&ch=0&cr=3&dr=0&lr=all&cd=0%7C0%7C0%7C&cv=1&br=2074&bt=1037&cs=0&ds=3&ft=4fUEKMUm8Zmo0FUv5I4jVCfXDpWrKsd.&mime_type=video_mp4&qs=0&rc=ZDZmaGY3NDM8ZDZmaDY0OkBpajx3ZnA5cng5NDMzbzgzNUAvMF5eLS4xNjYxNi8yYzBfYSNgcHFyMmRrMm9hLS1kLzFzcw%3D%3D&btag=e00088000&expire=1752942872&l=202507180033458BC4AC1747C1591D5EBF&ply_type=2&policy=2&signature=5bdd0d913ba93f50f53f2aca2a2d8c79&tk=tt_chain_token,https://www.tiktok.com/informativost5/video/7527313336032103702,,8920,400,1733,359400,noticias‚news‚noticiastiktok,noticias‚news‚noticiastiktok,,,,"Less Barbie Pink,4K ULTRA HD",
zeeschuimer-export-tiktok.com-2025-07-18T17_45_41.302Z.csv,7526161931896442117,7526161931896442117,todonoticias,TN - Todo Noticias,7400000,615,4857,https://p16-sign-va.tiktokcdn.com/tos-maliva-avt-0068/7310074544360783877~tplv-tiktokx-cropcenter:100:100.jpeg?dr=14579&refresh_token=340f39e2&x-expires=1752940800&x-signature=K5nuT5Im4tRBn%2Fu%2FkyAFhfp1DWc%3D&t=4d5b0474&ps=13740610&shp=a5d48078&shcp=81f88b70&idc=maliva,"""ACOMPAÑENON A CONOCER A LA COQUETA"" La joven de 20 años habló de su transición‚ recordó la charla privada con sus padres y reveló su mayor sueño:  “Soy tiktoker‚ influencer e ‘instagramdera’. Fui gay‚ bisexual‚ fui de todo"".",Sat Jul 12 2025,1752321131,no,no,original sound - TN - Todo Noticias,7526161957811800838,https://v58.tiktokcdn.com/video/tos/useast2a/tos-useast2a-v-27dcd7/ogBQJYTLQCxtBVygJFfTkoDBdCcS8EUuHfKxgy/?a=1233&bti=ODszNWYuMDE6&ch=0&cr=0&dr=0&er=0&lr=default&cd=0%7C0%7C0%7C0&br=250&bt=125&ft=.NpOcInz7Thp0ywKXq8Zmo&mime_type=audio_mpeg&qs=6&rc=M2lnOGY8Ozw2aDhkaTw8NkBpM2pvZHM5cnY3NDMzNzU8M0BfMy82M2NjXzAxLTRjMjVfYSNjYmAyMmRjbG1hLS1kMTZzcw%3D%3D&vvpl=1&l=202507180033458BC4AC1747C1591D5EBF&VExpiration=1752856523&VSignature=684-v_GGZmHkVsCsPE2elg&btag=e00090000&cc=14,https://p16-sign-va.tiktokcdn.com/tos-maliva-avt-0068/7310074544360783877~tplv-tiktokx-cropcenter:1080:1080.jpeg?dr=14579&refresh_token=c7631fe4&x-expires=1752940800&x-signature=6ufVZ7o1grsCDcbGKb2ajrpjJQU%3D&t=4d5b0474&ps=13740610&shp=a5d48078&shcp=81f88b70&idc=maliva,TN - Todo Noticias,https://v16-webapp-prime.tiktok.com/video/tos/useast2a/tos-useast2a-pve-0068/osJDoJ6IEl5QEIFQoZqAhTkfNxrVBDCcyIB7bf/?a=1988&bti=ODszNWYuMDE6&ch=0&cr=3&dr=0&lr=all&cd=0%7C0%7C0%7C&cv=1&br=1538&bt=769&cs=0&ds=3&ft=4fUEKMUm8Zmo0FUv5I4jVCfXDpWrKsd.&mime_type=video_mp4&qs=0&rc=OzpmNDZlZzU2ZTw1ZThoaUBpM2Q2ZW85cmo3NDMzNzgzM0A1NGI0YzBjXy4xYDMyYzQyYSNoc2JnMmRzbG1hLS1kLzZzcw%3D%3D&btag=e00090000&expire=1752942923&l=202507180033458BC4AC1747C1591D5EBF&ply_type=2&policy=2&signature=afb5b8ca3723d033071deec6f057cdfc&tk=tt_chain_token,https://www.tiktok.com/todonoticias/video/7526161931896442117,,388400,3123,35700,3800000,,,,,,"Less Barbie Pink,4K ULTRA HD",
zeeschuimer-export-tiktok.com-2025-07-18T17_45_41.302Z.csv,7525574224589704478,7525574224589704478,elmajeeste25,David Matute,6635,132600,1135,https://p16-sign-va.tiktokcdn.com/tos-maliva-avt-0068/343914f115e743508dbc0acd70a945a1~tplv-tiktokx-cropcenter:100:100.jpeg?dr=14579&refresh_token=bce69573&x-expires=1752940800&x-signature=uJYCcNf41wNert1oa1vFg6qBxrM%3D&t=4d5b0474&ps=13740610&shp=a5d48078&shcp=81f88b70&idc=maliva,Respuesta a @✨♈️😈DABADDEST😈♈️✨  😂😂😂😂😂😂,Thu Jul 10 2025,1752184302,no,no,sonido original,7494656721454287671,https://v77.tiktokcdn.com/064b7053bb11f8ac9011dbe18d0308fe/687a77a5/video/tos/useast2a/tos-useast2a-v-27dcd7/o4vUoE4DQyABB6AFfAoJBAC4IpEGTAIelYEA5J/?a=1233&bti=ODszNWYuMDE6&ch=0&cr=0&dr=0&er=0&lr=default&cd=0%7C0%7C0%7C0&br=250&bt=125&ds=5&ft=.NpOcInz7Thp0ywKXq8Zmo&mime_type=audio_mpeg&qs=13&rc=M3M1O3Y5cjk4MzMzNzU8M0BpM3M1O3Y5cjk4MzMzNzU8M0BiLWxeMmQ0cS5hLS1kMTZzYSNiLWxeMmQ0cS5hLS1kMTZzcw%3D%3D&vvpl=1&l=202507180033458BC4AC1747C1591D5EBF&btag=e00050000&cc=13,https://p16-sign-va.tiktokcdn.com/tos-maliva-avt-0068/395d70fd37a0615420538db72c22e535~tplv-tiktokx-cropcenter:1080:1080.jpeg?dr=14579&refresh_token=265e53fc&x-expires=1752940800&x-signature=Ge6qSdVazGWAPZC5JU1iJO%2FH%2BLo%3D&t=4d5b0474&ps=13740610&shp=a5d48078&shcp=81f88b70&idc=maliva,jóvenes  para eso vienen,https://v16-webapp-prime.tiktok.com/video/tos/maliva/tos-maliva-ve-0068c799-us/oofviFlEEIDQARcaDgfWwHCAR8GzoDVCEgSFBd/?a=1988&bti=ODszNWYuMDE6&ch=0&cr=3&dr=0&lr=all&cd=0%7C0%7C0%7C&cv=1&br=3862&bt=1931&cs=0&ds=3&ft=4fUEKMUm8Zmo0FUv5I4jVCfXDpWrKsd.&mime_type=video_mp4&qs=0&rc=aWU1ZDplOGg7OGZkOTszOEBpM2s3O3E5cjM2NDMzaTczNEAzXl5iYzAuNTYxYC0xYS9hYSNgbmxtMmRrX2xhLS1kMTJzcw%3D%3D&btag=e000b0000&expire=1752942838&l=202507180033458BC4AC1747C1591D5EBF&ply_type=2&policy=2&signature=0f474d0989948e880d00129193581da8&tk=tt_chain_token,https://www.tiktok.com/elmajeeste25/video/7525574224589704478,,14600,398,6630,652100,,,,,,"Less Barbie Pink,4K ULTRA HD",
zeeschuimer-export-tiktok.com-2025-07-18T17_45_41.302Z.csv,7513733953539394872,7513733953539394872,geovanymixmen,Geovanny Mixmen,5516,4347,1085,https://p16-sign-va.tiktokcdn.com/tos-maliva-avt-0068/8b2435255ad193efb214a109827d6113~tplv-tiktokx-cropcenter:100:100.jpeg?dr=14579&refresh_token=5a777792&x-expires=1752940800&x-signature=k5v3uyxDcCP9z8AG7xxp1viIQiA%3D&t=4d5b0474&ps=13740610&shp=a5d48078&shcp=81f88b70&idc=maliva,jóvenes en acción #humor #chiste #camello #diversion #Ecuador #jovenes #broma #mentira #comparte,Mon Jun 09 2025,1749427520,no,no,sonido original,7494656721454287671,https://v77.tiktokcdn.com/064b7053bb11f8ac9011dbe18d0308fe/687a77a5/video/tos/useast2a/tos-useast2a-v-27dcd7/o4vUoE4DQyABB6AFfAoJBAC4IpEGTAIelYEA5J/?a=1233&bti=ODszNWYuMDE6&ch=0&cr=0&dr=0&er=0&lr=default&cd=0%7C0%7C0%7C0&br=250&bt=125&ds=5&ft=.NpOcInz7Thp0ywKXq8Zmo&mime_type=audio_mpeg&qs=13&rc=M3M1O3Y5cjk4MzMzNzU8M0BpM3M1O3Y5cjk4MzMzNzU8M0BiLWxeMmQ0cS5hLS1kMTZzYSNiLWxeMmQ0cS5hLS1kMTZzcw%3D%3D&vvpl=1&l=202507180033458BC4AC1747C1591D5EBF&btag=e00050000&cc=13,https://p16-sign-va.tiktokcdn.com/tos-maliva-avt-0068/395d70fd37a0615420538db72c22e535~tplv-tiktokx-cropcenter:1080:1080.jpeg?dr=14579&refresh_token=265e53fc&x-expires=1752940800&x-signature=Ge6qSdVazGWAPZC5JU1iJO%2FH%2BLo%3D&t=4d5b0474&ps=13740610&shp=a5d48078&shcp=81f88b70&idc=maliva,jóvenes  para eso vienen,https://webapp-va.tiktok.com/3b1161823dcd964ddc0c2801c1f792f9/687bc8fb/kmoat/mps/logo/v3/r/p/v09044g40000d1328nvog65i1asfaa10/133ac381a80b4e31a523944d39406c8a/1621150099478cbc0555044c32ae860f/mp4/main.mp4?a=1988&bti=ODszNWYuMDE6&ch=0&cr=3&dr=0&lr=all&cd=0%7C0%7C0%7C&cv=1&br=0&bt=0&cs=0&ds=3&ft=piBEGMUm8Zmo0FUv5I4jVCfXDpWrKsd.&mime_type=video_mp4&qs=0&rc=cnF8b2hsc2d3SkBwaHIxaDFybndmZGYzPGc3Njg0aGU7NDZkNkBpM2RpZGw5cnE1NDMzNzczM0BjRl5Nc3FePmJKYSNvYF90aHFmOiM1MzEwMTYvXjAxLV41YDAuYSMuXnAuMmRzNTBhLS1kMTZzcw%3D%3D&btag=e000b8000&definition=720p&du=17&item_id=7513733953539394872&l=202507180033458BC4AC1747C1591D5EBF&logo_type=tiktok_creator&ply_type=2&policy=eyJ2bSI6MiwiY2siOiJ0dF9jaGFpbl90b2tlbiJ9&sign_params=item_id%2Cuser_text&user_text=geovanymixmen,https://www.tiktok.com/geovanymixmen/video/7513733953539394872,,4112,160,863,312400,humor‚chiste‚camello‚diversion‚ecuador‚jovenes‚broma‚mentira‚comparte,humor‚chiste‚camello‚diversion‚ecuador‚jovenes‚Broma‚mentira‚comparte,,,Los Buenos Tiempos. 😅,"Less Barbie Pink,4K ULTRA HD",
zeeschuimer-export-tiktok.com-2025-07-18T17_45_41.302Z.csv,7472144794643434757,7472144794643434757,dayan_rioss,Alan Dayan,1818,4743,5,https://p16-sign-va.tiktokcdn.com/tos-maliva-avt-0068/b2779cda518a4ba56b637247cdfa30c8~tplv-tiktokx-cropcenter:100:100.jpeg?dr=14579&refresh_token=b295a773&x-expires=1752940800&x-signature=k9q8FjYKt%2Buc%2Fi4F2hFys0zEWys%3D&t=4d5b0474&ps=13740610&shp=a5d48078&shcp=81f88b70&idc=maliva,#caballos #viraltiktok #rancho #risa #jovenes #mijadondevan 🐴,Sun Feb 16 2025,1739744289,no,no,sonido original,7465143278926613253,https://v58.tiktokcdn.com/video/tos/useast2a/tos-useast2a-v-27dcd7/oE2RNAJDnBhlvEbFEAAYRCEfUBbZfmlQaJEECJ/?a=1233&bti=ODszNWYuMDE6&ch=0&cr=0&dr=0&er=0&lr=default&cd=0%7C0%7C0%7C0&br=250&bt=125&ds=5&ft=.NpOcInz7Thp0ywKXq8Zmo&mime_type=audio_mpeg&qs=13&rc=M2lncGw5cmxyeDMzNzU8M0BpM2lncGw5cmxyeDMzNzU8M0Bva2dzMmRjNWBgLS1kMTZzYSNva2dzMmRjNWBgLS1kMTZzcw%3D%3D&vvpl=1&l=202507180033458BC4AC1747C1591D5EBF&VExpiration=1752856437&VSignature=zMTK69XDwfOoUtnYyy0eFQ&btag=e00070000&cc=14,https://p16-sign-va.tiktokcdn.com/tos-maliva-avt-0068/086c2641c4c5a0aa0978d571bc95e171~tplv-tiktokx-cropcenter:1080:1080.jpeg?dr=14579&refresh_token=3f0f5500&x-expires=1752940800&x-signature=eMIy1tj5N5JIz8b%2FRk6CTk4%2FlMc%3D&t=4d5b0474&ps=13740610&shp=a5d48078&shcp=81f88b70&idc=maliva,Adrian Bonilla Palom,https://v16-webapp-prime.tiktok.com/video/tos/useast2a/tos-useast2a-ve-0068c001/okv2TLE3iUO7Bj4qPO7hiQAxScKJAE0IQZBEy/?a=1988&bti=ODszNWYuMDE6&ch=0&cr=3&dr=0&lr=all&cd=0%7C0%7C0%7C&cv=1&br=6934&bt=3467&cs=0&ds=3&ft=4fUEKMUm8Zmo0FUv5I4jVCfXDpWrKsd.&mime_type=video_mp4&qs=0&rc=NGk2NGY4OjQ1ZWVoN2c5NEBpanJyNWw5cm45eDMzNzczM0AvLWI1MTVhXjMxYy80Xi0vYSNlcXItMmQ0MG1gLS1kMTZzcw%3D%3D&btag=e000b0000&expire=1752942837&l=202507180033458BC4AC1747C1591D5EBF&ply_type=2&policy=2&signature=cf3be4510fb4e54672b0de9fe3a9c626&tk=tt_chain_token,https://www.tiktok.com/dayan_rioss/video/7472144794643434757,,132000,960,66200,3100000,caballos‚viraltiktok‚rancho‚risa‚jovenes‚mijadondevan,caballos‚viraltiktok‚rancho‚risa‚jovenes‚mijadondevan,,,,"Less Barbie Pink,4K ULTRA HD",
zeeschuimer-export-tiktok.com-2025-07-18T17_45_41.302Z.csv,7524951221807959301,7524951221807959301,jaimeignacio22,jaime ignacio722,14900,16800,10,https://p16-sign-sg.tiktokcdn.com/tos-alisg-avt-0068/7336510645203894273~tplv-tiktokx-cropcenter:100:100.jpeg?dr=14579&refresh_token=4e16b168&x-expires=1752940800&x-signature=TCgQbSC0Dmh6AmSrO4fRExYuoRk%3D&t=4d5b0474&ps=13740610&shp=a5d48078&shcp=81f88b70&idc=maliva,,Wed Jul 09 2025,1752039244,no,no,original sound,7264240123570260768,https://v58.tiktokcdn.com/video/tos/useast2a/tos-useast2a-v-2370-euttp/oUgAfTkQfEwA1AmtK9gJZ4HNfDPUpPAtC2w6f8/?a=1233&bti=ODszNWYuMDE6&ch=0&cr=0&dr=0&er=0&lr=default&cd=0%7C0%7C0%7C0&br=250&bt=125&ds=5&ft=.NpOcInz7Thp0ywKXq8Zmo&mime_type=audio_mpeg&qs=13&rc=Mzh4ODQ6Znl2bTMzZjU8M0BpMzh4ODQ6Znl2bTMzZjU8M0A0bWE1cjRfNDRgLS1kMWNzYSM0bWE1cjRfNDRgLS1kMWNzcw%3D%3D&vvpl=1&l=202507180033458BC4AC1747C1591D5EBF&VExpiration=1752856705&VSignature=89TlAk3Aj5naLHc-vEUVyQ&btag=e00058000&cc=14,https://p16-sign-useast2a.tiktokcdn.com/tos-useast2a-avt-0068-euttp/dd9ccc6899e745bcad192ae2afd49b47~tplv-tiktokx-cropcenter:1080:1080.jpeg?dr=14579&refresh_token=642dea16&x-expires=1752940800&x-signature=iklnBpbtpSbg13J6fwGeClyUAP8%3D&t=4d5b0474&ps=13740610&shp=a5d48078&shcp=81f88b70&idc=maliva,turbogrosik,https://v16-webapp-prime.tiktok.com/video/tos/useast2a/tos-useast2a-pve-0068/oAdI3DF2BQDUIpgA6gIgfHE9QbI6j4jCST6ffC/?a=1988&bti=ODszNWYuMDE6&ch=0&cr=3&dr=0&lr=all&cd=0%7C0%7C0%7C&cv=1&br=1954&bt=977&cs=0&ds=3&ft=4fUEKMUm8Zmo0FUv5I4jVCfXDpWrKsd.&mime_type=video_mp4&qs=0&rc=Mzw3M2YzNDk3ZDY5ODwzN0BpMzM6O245cjV5NDMzNzczM0AxY2JjLS8tNTAxX19gX15hYSNsa3JzMmQ0cWphLS1kMTZzcw%3D%3D&btag=e00090000&expire=1752942906&l=202507180033458BC4AC1747C1591D5EBF&ply_type=2&policy=2&signature=97d698c7a6380e11dcea1fab73dab249&tk=tt_chain_token,https://www.tiktok.com/jaimeignacio22/video/7524951221807959301,,47100,919,1080,665200,,slovakia‚chile‚intercambio‚medicina‚fajita‚leorey‚alexinico,,,Día 3 viviendo con una  Slovaka de intercambio en 🇨🇱 ‚Foto con leo rey para rellenar*‚Que bien que canta el leo rey  LOOOOCO ‚LIKE SI TE GUSTA EL LEO REY,"Less Barbie Pink,4K ULTRA HD",
zeeschuimer-export-tiktok.com-2025-07-18T17_45_41.302Z.csv,7430403015506447621,7430403015506447621,iiris_lif,Íris Líf | La islandesa 🇮🇸,109000,1340,123,https://p16-sign-va.tiktokcdn.com/tos-maliva-avt-0068/695fe5d8e16af53a3529401d46091743~tplv-tiktokx-cropcenter:100:100.jpeg?dr=14579&refresh_token=2b95ad73&x-expires=1752940800&x-signature=EqR60J6kBTdHxTIu3SaYvGrIGUQ%3D&t=4d5b0474&ps=13740610&shp=a5d48078&shcp=81f88b70&idc=maliva,Replying to @Álvaro Manuel Barrios Ojeda  Mis amigos en Ecuador siempre me piden que les presente una amiga pero yo se que mas probable no se llevarían bien por la gran diferencia de cultura #parati #Islandia #Ecuador #latinoamerica #islandesas #latinos ,Sun Oct 27 2024,1730025531,no,no,original sound,7430403054320585478,https://v77.tiktokcdn.com/889829062771d0e2466d0b251c31a573/687a77ad/video/tos/useast2a/tos-useast2a-v-27dcd7/okATDEgLIWOAHSoHIC8AgSFAPPMeMCfDyuE1Be/?a=1233&bti=ODszNWYuMDE6&ch=0&cr=0&dr=0&er=0&lr=default&cd=0%7C0%7C0%7C0&br=250&bt=125&ds=5&ft=.NpOcInz7Th00ywKXq8Zmo&mime_type=audio_mpeg&qs=13&rc=M2pwa3M5cmk0djMzNzU8M0BpM2pwa3M5cmk0djMzNzU8M0AwNHAyMmRrZGNgLS1kMTZzYSMwNHAyMmRrZGNgLS1kMTZzcw%3D%3D&vvpl=1&l=202507180033482260F29CCF917A1D7BA5&btag=e00050000&cc=13,https://p16-sign-va.tiktokcdn.com/tos-maliva-avt-0068/695fe5d8e16af53a3529401d46091743~tplv-tiktokx-cropcenter:1080:1080.jpeg?dr=14579&refresh_token=091bb62f&x-expires=1752940800&x-signature=3babOhnywaXHa2vuaFoTf9HYodg%3D&t=4d5b0474&ps=13740610&shp=a5d48078&shcp=81f88b70&idc=maliva,Íris Líf | La islandesa 🇮🇸,https://v16-webapp-prime.tiktok.com/video/tos/useast2a/tos-useast2a-ve-0068c001/owSCPuTAJC8GMeaqgZ9jf9ezIhCLEkIOgQaIHG/?a=1988&bti=ODszNWYuMDE6&ch=0&cr=3&dr=0&lr=all&cd=0%7C0%7C0%7C&cv=1&br=3082&bt=1541&cs=0&ds=3&ft=4fUEKMUm8Zmo0UUv5I4jVy4HXpWrKsd.&mime_type=video_mp4&qs=0&rc=OjY1OmY1O2g2aTU1aWg3NEBpampybHA5cnk0djMzNzczM0AvNS00YjUzXmExYmIyX2IxYSNqNGNrMmRrYGNgLS1kMTZzcw%3D%3D&btag=e00090000&expire=1752942893&l=202507180033482260F29CCF917A1D7BA5&ply_type=2&policy=2&signature=6aa6b4c09257b94d2e61e08a579a6232&tk=tt_chain_token,https://www.tiktok.com/iiris_lif/video/7430403015506447621,,171100,14100,2520,3500000,parati‚islandia‚ecuador‚latinoamerica‚islandesas‚latinos,parati‚islandia‚ecuador‚latinoamerica‚islandesas‚latinos,,,Ecuador  Guayquil  Quito  Cuenca  Peru  Lima   Bolivia  Colombia  Venezuela  Chile  Argentina   Panama  Costa Rica   Honduras   Gringa   Rubia  Latina  Latino  Pareja ‚Los hombres latinos no se quieren casar con las islandesas porque somos muy frias,"ECSTACY✨,Green Screen,Video Green Screen,iPhone 16 Pro Max.",
zeeschuimer-export-tiktok.com-2025-07-18T17_45_41.302Z.csv,7526420944479440134,7526420944479440134,joansmundial1,Joans Mundial 1,57000,3084,487,https://p16-sign-va.tiktokcdn.com/tos-maliva-avt-0068/7322908715173036038~tplv-tiktokx-cropcenter:100:100.jpeg?dr=14579&refresh_token=cfd4af8f&x-expires=1752940800&x-signature=7hQvzedjZ51pAkybDzqSr5%2Bi%2F1g%3D&t=4d5b0474&ps=13740610&shp=a5d48078&shcp=81f88b70&idc=maliva,A veces‚ una mirada dice más que mil palabras. Liam David Marín pineda un joven de 16 años‚ caminó en silencio hasta el viaducto cesar trujillo en Pereira en medio de una tormenta que nadie logró notar. Su historia nos deja una lección: escuchemos con el corazón‚ porque muchas veces el dolor no se ve‚ pero está ahí. 🕊️ Que su recuerdo sea un llamado a la empatía y al cuidado entre todos. #casolyamdavidmarinpinedaviaductocesartrujillopereira #lyamdavidmarinpineda #pereira #viaductocesartrujillo #noticiascolombia #colombiaviral ,Sun Jul 13 2025,1752381441,no,no,sonido original,7462850287032240902,https://v77.tiktokcdn.com/5bb8aab36acb0e601ec2151c70bb8c53/687a782c/video/tos/useast2a/tos-useast2a-v-27dcd7/o8qkJIGMDx27VBXJQEftCVQ65Fe5CnBU5wOJhR/?a=1233&bti=ODszNWYuMDE6&ch=0&cr=0&dr=0&er=0&lr=default&cd=0%7C0%7C0%7C0&br=250&bt=125&ft=.NpOcInz7Th00ywKXq8Zmo&mime_type=audio_mpeg&qs=6&rc=aGlkODUzaWY1ZDs5aTVpPEBpMzw6aHI5cmtveDMzNzU8M0AxM2AuLmFiXl4xYTMvMC0zYSM0ZmJjMmRrcTVgLS1kMTZzcw%3D%3D&vvpl=1&l=202507180033482260F29CCF917A1D7BA5&btag=e00098000&cc=13,https://p16-sign-va.tiktokcdn.com/tos-maliva-avt-0068/b9e9098a52f250ee510a52e2540a2cb7~tplv-tiktokx-cropcenter:1080:1080.jpeg?dr=14579&refresh_token=6c6ff28d&x-expires=1752940800&x-signature=jFbXKzvRdbatRwWk%2BG2AjGoQMr4%3D&t=4d5b0474&ps=13740610&shp=a5d48078&shcp=81f88b70&idc=maliva,Piano con propósito,https://v16-webapp-prime.tiktok.com/video/tos/useast2a/tos-useast2a-ve-0068c002/oMAgioODQiEA11Bz7aByUSv15EzHQM1WBiTIJ/?a=1988&bti=ODszNWYuMDE6&ch=0&cr=3&dr=0&lr=all&cd=0%7C0%7C0%7C&cv=1&br=604&bt=302&cs=0&ds=3&ft=4fUEKMUm8Zmo0UUv5I4jVy4HXpWrKsd.&mime_type=video_mp4&qs=0&rc=ZTNoOjo8NGczZjplOWk6ZUBpM206dm05cnVtNDMzNzczM0AtLWIvYV9fNS8xXjUzLzIxYSNoXmUtMmRrX21hLS1kMTZzcw%3D%3D&btag=e00090000&expire=1752942924&l=202507180033482260F29CCF917A1D7BA5&ply_type=2&policy=2&signature=d9b7036db9ecf14b597402869dc1767e&tk=tt_chain_token,https://www.tiktok.com/joansmundial1/video/7526420944479440134,,56500,2911,5145,3000000,casolyamdavidmarinpinedaviaductocesartrujillopereira‚lyamdavidmarinpineda‚pereira‚viaductocesartrujillo‚noticiascolombia‚colombiaviral,casolyamdavidmarinpinedaviaductocesartrujillopereira‚lyamdavidmarinpineda‚pereira‚viaductocesartrujillo‚noticiascolombia‚colombiaviral,,,la triste despedida de lyam David Marín Pineda viaducto cesar trujillo Pereira ,"iPhone 16 Pro Max.,ECSTACY✨,Green Screen,Video Green Screen",
zeeschuimer-export-tiktok.com-2025-07-18T17_45_41.302Z.csv,7512873331763219768,7512873331763219768,jaelopz,El Jael,4663,2714,211,https://p16-sign-sg.tiktokcdn.com/tos-alisg-avt-0068/1e992c4d1ef837a1fe779371503e795c~tplv-tiktokx-cropcenter:100:100.jpeg?dr=14579&refresh_token=ef426419&x-expires=1752940800&x-signature=G0DwsO10Y0duFWu49QVwdABnQWY%3D&t=4d5b0474&ps=13740610&shp=a5d48078&shcp=81f88b70&idc=maliva,La vida social de muchos de nosotros los latinos en 🇪🇦🤣 #latinosenespaña #colombianosenespaña #latinos #españa #vidasocial  #humor #contenido,Fri Jun 06 2025,1749227137,no,no,sonido original,7282619623652313862,https://v77.tiktokcdn.com/b5c13fe431d8156b711a4bf094fc025d/687a7774/video/tos/useast2a/tos-useast2a-v-27dcd7/o8AACnDIICgK5OIbwHeSiPAhCff3MoEYnChTAd/?a=1233&bti=ODszNWYuMDE6&ch=0&cr=0&dr=0&er=0&lr=default&cd=0%7C0%7C0%7C0&br=250&bt=125&ds=5&ft=.NpOcInz7Th00ywKXq8Zmo&mime_type=audio_mpeg&qs=13&rc=ajRpOWg6ZnhqbjMzNzU8M0BpajRpOWg6ZnhqbjMzNzU8M0AtLjBqcjRfczVgLS1kMTZzYSMtLjBqcjRfczVgLS1kMTZzcw%3D%3D&vvpl=1&l=202507180033482260F29CCF917A1D7BA5&btag=e00070000&cc=13,https://p16-sign-va.tiktokcdn.com/tos-maliva-avt-0068/dc1473431a4477265386675394d6e3c7~tplv-tiktokx-cropcenter:1080:1080.jpeg?dr=14579&refresh_token=fa7b6a59&x-expires=1752940800&x-signature=ajdQhImFLiJKZb4g42odZ2ZSVXw%3D&t=4d5b0474&ps=13740610&shp=a5d48078&shcp=81f88b70&idc=maliva,Ilay,https://webapp-va.tiktok.com/9c0a249d50b5346cb27d6e11d1d2fb78/687bc8f4/kmoat/mps/logo/v3/r/p/v09044g40000d11hbffog65goclkr840/979ea245e89040ae823892b30794c6b8/15c0556049060f44bf823485abe813ff/mp4/main.mp4?a=1988&bti=ODszNWYuMDE6&ch=0&cr=3&dr=0&lr=all&cd=0%7C0%7C0%7C&cv=1&br=0&bt=0&cs=0&ds=3&ft=piBEGMUm8Zmo0UUv5I4jVy4HXpWrKsd.&mime_type=video_mp4&qs=0&rc=cnF8b2hsc2d3SkBwaHIxaDFybndmOzk3OjY1OzVoMzM7ODVoOkBpMztuZmo5cmlrNDMzNzczM0BjRl5Nc3FePmJKYSNvYF90aHFmOiNfYDYtXzYwNV4xNmIxXjY2YSMxb2lsMmRjXy5hLS1kMTZzcw%3D%3D&btag=e000b0000&definition=720p&du=8&item_id=7512873331763219768&l=202507180033482260F29CCF917A1D7BA5&logo_type=tiktok_creator&ply_type=2&policy=eyJ2bSI6MiwiY2siOiJ0dF9jaGFpbl90b2tlbiJ9&sign_params=item_id%2Cuser_text&user_text=jaelopz,https://www.tiktok.com/jaelopz/video/7512873331763219768,,22100,407,4903,351200,latinosenespaña‚colombianosenespaña‚latinos‚españa‚vidasocial‚humor‚contenido,latinosenespaña‚colombianosenespaña‚latinos‚españa‚vidasocial‚humor‚contenido,,,Cuando tu única vida social en 🇪🇦‚ es ir al Action‚ Mercadona y el Lidl & no te llevan‚Ig: @soyjaelm‚Cuando tu única vida social en 🇪🇦‚ es ir al Action‚ Mercadona y el Lidl & no te llevan,"ECSTACY✨,Green Screen,Video Green Screen,iPhone 16 Pro Max.",
zeeschuimer-export-tiktok.com-2025-07-18T17_45_41.302Z.csv,7498419952433532215,7498419952433532215,pasion.por.el.futbol2025,Tiendita pasión por el futbol,1201,28,8,https://p16-sign-va.tiktokcdn.com/tos-maliva-avt-0068/9e9c2d3a77296ebe60fe9707a597591b~tplv-tiktokx-cropcenter:100:100.jpeg?dr=14579&refresh_token=89b9b892&x-expires=1752940800&x-signature=qOBIfS%2Bxe%2BL5Y82jRD4WuyXPbnU%3D&t=4d5b0474&ps=13740610&shp=a5d48078&shcp=81f88b70&idc=maliva,Vecinos protestan por la tardía reacción de la alcaldía y la policía‚ una madre de familia observa que la alcaldesa Eva Copa improvisa este módulo con deficiente construcción. En la ciudad de El Alto se construye un módulo policial en la Plaza de Lustrabotas en la Ceja‚ tras la muerte de un joven por un celular. #Bolivia #NoticiasBolivia #EleccionesNacionales2025  #ElAlto #EvaCopa,Mon Apr 28 2025,1745861951,no,no,sonido original,7498419969409239813,https://v77.tiktokcdn.com/6e465bf527ffc21597f7f64547a79861/687a77c6/video/tos/useast2a/tos-useast2a-v-27dcd7/oEkBuA4AiACAEUio0JvBrvevF96EAQKBPEg5Ic/?a=1233&bti=ODszNWYuMDE6&ch=0&cr=0&dr=0&er=0&lr=default&cd=0%7C0%7C0%7C0&br=250&bt=125&ds=5&ft=.NpOcInz7Th00ywKXq8Zmo&mime_type=audio_mpeg&qs=13&rc=M2lnbHQ5cmp1MzMzNzU8M0BpM2lnbHQ5cmp1MzMzNzU8M0BrbTIvMmRrbjRhLS1kMTZzYSNrbTIvMmRrbjRhLS1kMTZzcw%3D%3D&vvpl=1&l=202507180033482260F29CCF917A1D7BA5&btag=e00050000&cc=13,https://p16-sign-va.tiktokcdn.com/tos-maliva-avt-0068/9e9c2d3a77296ebe60fe9707a597591b~tplv-tiktokx-cropcenter:1080:1080.jpeg?dr=14579&refresh_token=f3e781e1&x-expires=1752940800&x-signature=QNtuV5WR9oJL4BgPdTygPOFmccs%3D&t=4d5b0474&ps=13740610&shp=a5d48078&shcp=81f88b70&idc=maliva,Tiendita pasión por el futbol,https://v16-webapp-prime.tiktok.com/video/tos/useast2a/tos-useast2a-pve-0068/o09RlgCYA3ZESSHu4egGFDAzBhevnPEfvXfB8k/?a=1988&bti=ODszNWYuMDE6&ch=0&cr=3&dr=0&lr=all&cd=0%7C0%7C0%7C&cv=1&br=2502&bt=1251&cs=0&ds=3&ft=4fUEKMUm8Zmo0UUv5I4jVy4HXpWrKsd.&mime_type=video_mp4&qs=0&rc=ZWg4MzhoZmVkODRlPDY2OUBpM3luNHU5cjx1MzMzNzczM0AtYTBfLWA1NWAxYi5jYWFfYSNiZGs0MmRjbjRhLS1kMTZzcw%3D%3D&btag=e00090000&expire=1752942918&l=202507180033482260F29CCF917A1D7BA5&ply_type=2&policy=2&signature=69a22e5016418e7a35bf4e168735e139&tk=tt_chain_token,https://www.tiktok.com/pasion.por.el.futbol2025/video/7498419952433532215,,62000,1417,7084,2300000,bolivia‚noticiasbolivia‚eleccionesnacionales2025‚elalto‚evacopa,bolivia‚noticiasbolivia‚eleccionesnacionales2025‚elalto‚evacopa,,,,"ECSTACY✨,Green Screen,Video Green Screen,iPhone 16 Pro Max.",
zeeschuimer-export-tiktok.com-2025-07-18T17_45_41.302Z.csv,7516587032060202246,7516587032060202246,soltvperu,SOL TV Noticias,1700000,820,1189,https://p16-sign-va.tiktokcdn.com/tos-maliva-avt-0068/8fa939cacb152c78b03608288d17f658~tplv-tiktokx-cropcenter:100:100.jpeg?dr=14579&refresh_token=10fda40c&x-expires=1752940800&x-signature=sJ%2B%2BcCd5FdkZHJfZbdmM1%2F%2B5Hf8%3D&t=4d5b0474&ps=13740610&shp=a5d48078&shcp=81f88b70&idc=maliva,🚨#ATENCIÓN #TRUJILLO I ¡UN HERIDO! Cuatro jóvenes fueron blanco de un ataque armado la madrugada del último domingo‚ 15 de junio‚ en el sector 6B del centro poblado El Milagro parte baja‚ en el distrito de Huanchaco. Sujetos a bordo de una moto lineal dispararon al menos seis veces contra el grupo que transitaba por la zona. Uno de los jóvenes resultó herido con impactos de bala en la espalda y la pierna. El ataque ocurrió a pocos metros de una discoteca de donde‚ según testigos‚ los jóvenes habrían salido minutos antes. La Policía ya inició las investigaciones para identificar a los autores del atentado y determinar si se trató de un caso de ajuste de cuentas u otro móvil.,Mon Jun 16 2025,1750091802,no,no,original sound - SOL TV Noticias,7516587050672606008,https://v77.tiktokcdn.com/27065c3215f78b945af99993914372a1/687a7788/video/tos/useast2a/tos-useast2a-v-27dcd7/osyEuk5DQO9UJNUBAgeDfBiJgdCFNOEQZGIoYK/?a=1233&bti=ODszNWYuMDE6&ch=0&cr=0&dr=0&er=0&lr=default&cd=0%7C0%7C0%7C0&br=250&bt=125&ft=.NpOcInz7Th00ywKXq8Zmo&mime_type=audio_mpeg&qs=6&rc=ZmdnZGZmaDdkaGc8NTRkZUBpajN3a3g5cjo3NDMzNzU8M0A1YjA0YjE2NWExYDE2Li8yYSM1bV5nMmRjZDVhLS1kMTZzcw%3D%3D&vvpl=1&l=202507180033482260F29CCF917A1D7BA5&btag=e000b8000&cc=13,https://p16-sign-va.tiktokcdn.com/tos-maliva-avt-0068/8fa939cacb152c78b03608288d17f658~tplv-tiktokx-cropcenter:1080:1080.jpeg?dr=14579&refresh_token=7f29dda8&x-expires=1752940800&x-signature=rwCX8Bo6zjL94eeKTe%2B9o1bKTMY%3D&t=4d5b0474&ps=13740610&shp=a5d48078&shcp=81f88b70&idc=maliva,SOL TV Noticias,https://v16-webapp-prime.tiktok.com/video/tos/useast2a/tos-useast2a-ve-0068c001/oAVQIkiBhXfgOxmQV0CQBGKEqBiuSKAKZFAqYo/?a=1988&bti=ODszNWYuMDE6&ch=0&cr=3&dr=0&lr=all&cd=0%7C0%7C0%7C&cv=1&br=910&bt=455&cs=0&ds=3&ft=4fUEKMUm8Zmo0UUv5I4jVy4HXpWrKsd.&mime_type=video_mp4&qs=0&rc=Z2g3OTdoPDk1NjMzNjU2aUBpMzk3bms5cjU3NDMzNzgzM0AtYV4yX2AvNWMxLTYtMDYuYSMycGdfMmRzZDVhLS1kLzZzcw%3D%3D&btag=e000b8000&expire=1752942856&l=202507180033482260F29CCF917A1D7BA5&ply_type=2&policy=2&signature=ae34dde6a25b26c902f502323420e3b5&tk=tt_chain_token,https://www.tiktok.com/soltvperu/video/7516587032060202246,,160000,1570,10600,9800000,atención‚trujillo,atención‚trujillo,,,,"iPhone 16 Pro Max.,ECSTACY✨,Green Screen,Video Green Screen",
zeeschuimer-export-tiktok.com-2025-07-18T17_45_41.302Z.csv,7526222510233292088,7526222510233292088,joansmundial1,Joans Mundial 1,57000,3084,487,https://p16-sign-va.tiktokcdn.com/tos-maliva-avt-0068/7322908715173036038~tplv-tiktokx-cropcenter:100:100.jpeg?dr=14579&refresh_token=cfd4af8f&x-expires=1752940800&x-signature=7hQvzedjZ51pAkybDzqSr5%2Bi%2F1g%3D&t=4d5b0474&ps=13740610&shp=a5d48078&shcp=81f88b70&idc=maliva,Liam David Marín Pineda  Caminó en silencio hasta el viaducto de Pereira‚ con el corazón cargado de un dolor que nadie supo ver. Aunque voces intentaron detenerlo‚ su tristeza ya hablaba más fuerte. Su historia deja una lección: escuchemos más‚ abracemos más‚ estemos presentes… a tiempo. 💔 #Liamdavidmarinpineda #viaductocesartrujillo  #pereiranoticias #pereira #casolyamdavidmarinpineda #Colombia  #elcasolyamdavidmarinpinedaenviaductocesartrujillopereira ,Sat Jul 12 2025,1752335237,no,no,Sentimental Piano,6991894950040307713,https://sf16-ies-music-va.tiktokcdn.com/obj/tos-useast2a-ve-2774/0d6f62f13856428699f1e26acfee5389,https://p16-amd-va.tiktokcdn.com/img/tos-useast2a-v-2774/477c492a991d4e858af12743e161a2fe~c5_720x720.jpeg,DJ BAI,https://v16-webapp-prime.tiktok.com/video/tos/useast2a/tos-useast2a-pve-0068/o0Ef0QIQJIAFIEonppRircfsoEDwBBBEIQmoEy/?a=1988&bti=ODszNWYuMDE6&ch=0&cr=3&dr=0&lr=all&cd=0%7C0%7C0%7C&cv=1&br=622&bt=311&cs=0&ds=3&ft=4fUEKMUm8Zmo0UUv5I4jVy4HXpWrKsd.&mime_type=video_mp4&qs=0&rc=aTdmNmdlN2RlNWQ6NmQ3OUBpMzV2OG85cjc7NDMzNzczM0A1YGJfYDVeXzQxMy42NGAvYSMxZWdlMmQ0L21hLS1kMTZzcw%3D%3D&btag=e00088000&expire=1752942872&l=202507180033482260F29CCF917A1D7BA5&ply_type=2&policy=2&signature=26f63d0a3bc591ad98001b359e0661d4&tk=tt_chain_token,https://www.tiktok.com/joansmundial1/video/7526222510233292088,,7638,502,867,887400,Liamdavidmarinpineda‚viaductocesartrujillo‚pereiranoticias‚pereira‚casolyamdavidmarinpineda‚Colombia‚elcasolyamdavidmarinpinedaenviaductocesartrujillopereira,liamdavidmarinpineda‚viaductocesartrujillo‚pereiranoticias‚pereira‚casolyamdavidmarinpineda‚colombia‚elcasolyamdavidmarinpinedaenviaductocesartrujillopereira,,,el caso de lyam David Marín pineda en viaducto cesar trujillo Pereira ,"ECSTACY✨,Green Screen,Video Green Screen,iPhone 16 Pro Max.",
zeeschuimer-export-tiktok.com-2025-07-18T17_45_41.302Z.csv,7523101185029475606,7523101185029475606,josedomingo1976,Domingo 1811,953,7453,168,https://p77-sign-va.tiktokcdn.com/tos-maliva-avt-0068/3c5111a338cdbc6447e87e1573b1b985~tplv-tiktokx-cropcenter:100:100.jpeg?dr=14579&refresh_token=4fea9dd1&x-expires=1752940800&x-signature=MkZrrSQjYUZO8wtC1dcrMmDZDpo%3D&t=4d5b0474&ps=13740610&shp=a5d48078&shcp=81f88b70&idc=maliva,,Fri Jul 04 2025,1751608499,no,no,sonido original,7523101169713154838,https://v77.tiktokcdn.com/224fc5b5b0dfe092e35d89162eee639a/687a7774/video/tos/no1a/tos-no1a-v-2370-no/oUtGanlAiE3ZBEABbdCvALi3iBYRdjAYsYi0E/?a=1233&bti=ODszNWYuMDE6&ch=0&cr=0&dr=0&er=0&lr=default&cd=0%7C0%7C0%7C0&br=252&bt=126&ds=5&ft=.NpOcInz7Th00ywKXq8Zmo&mime_type=audio_mpeg&qs=13&rc=MzU7cHE5cmdwNDMzbzU8NUBpMzU7cHE5cmdwNDMzbzU8NUBuNjFlMmRrbWdhLS1kMTFzYSNuNjFlMmRrbWdhLS1kMTFzcw%3D%3D&vvpl=1&l=202507180033482260F29CCF917A1D7BA5&btag=e00070000&cc=13,https://p16-sign-va.tiktokcdn.com/tos-maliva-avt-0068/3c5111a338cdbc6447e87e1573b1b985~tplv-tiktokx-cropcenter:1080:1080.jpeg?dr=14579&refresh_token=a0955c9c&x-expires=1752940800&x-signature=pMf4NAogNE5ASTK95biOZR0mI5E%3D&t=4d5b0474&ps=13740610&shp=a5d48078&shcp=81f88b70&idc=maliva,Domingo 1811,https://webapp-i18n.tiktok.com/c1e54fbc273921833322d1a17e0286d9/687bc8f4/kmoat/mps/logo/v3/r/p/v24044gl0000d1jmp6fog65le48pd0j0/6fef1ab586964d6986c46db8ad01d77f/0775e15d7eeb368c28d571b9181bc062/mp4/main.mp4?a=1988&bti=ODszNWYuMDE6&ch=0&cr=3&dr=0&lr=all&cd=0%7C0%7C0%7C&br=0&bt=0&cs=0&ds=2&ft=4YBg3MUm8Zmo0UUv5I4jVy4HXpWrKsd.&mime_type=video_mp4&qs=0&rc=cnF8b2hsc2d3SkBwaHIxaDFybndmaTo0ZztnNzk8Zzk5OGRpaUBpMzNzN285cjlwNDMzbzczNUBjRl5Nc3FePmJKYSNvYF90aHFmOiM0YS1eXzNgNTMxNjVfLmIzYSNnYTViMmRjbWdhLS1kMTFzcw%3D%3D&btag=e000b0000&definition=480p&du=7&item_id=7523101185029475606&l=202507180033482260F29CCF917A1D7BA5&logo_type=tiktok_creator&ply_type=2&policy=eyJ2bSI6MiwiY2siOiJ0dF9jaGFpbl90b2tlbiJ9&sign_params=item_id%2Cuser_text&user_text=josedomingo1976,https://www.tiktok.com/josedomingo1976/video/7523101185029475606,,9429,546,973,371700,,,,,🇪🇸 #Urgente | Hordas de inmigrantes están sembrando el terror en Sabadell y se enfrentan a las patrullas ciudadanas españolas.,"ECSTACY✨,Green Screen,Video Green Screen,iPhone 16 Pro Max.",
zeeschuimer-export-tiktok.com-2025-07-18T17_45_41.302Z.csv,7515774340118498590,7515774340118498590,ranndyrenan,ranndyrenan,2520,18000,119,https://p16-sign-va.tiktokcdn.com/tos-maliva-avt-0068/7325775743332384773~tplv-tiktokx-cropcenter:100:100.jpeg?dr=14579&refresh_token=63781ad1&x-expires=1752940800&x-signature=JU9uQBJIO8KkYWzCwRObS%2FlSso0%3D&t=4d5b0474&ps=13740610&shp=a5d48078&shcp=81f88b70&idc=maliva,pa eso vienen caraj@#pa#eso#vienen#caraj@#mujer#en#la#construcción#parati#virall#videovira#obreros#abrazandose#enla#obra,Sat Jun 14 2025,1749902632,no,no,sonido original,7515774321650944799,https://v77.tiktokcdn.com/301e1e0b9fe93528ca299d28618fe777/687a777e/video/tos/maliva/tos-maliva-v-27dcd7c799-us/oocAVvyrCmUUW7VoJSABEFoYlEIeIAFaACATfD/?a=1233&bti=ODszNWYuMDE6&ch=0&cr=0&dr=0&er=0&lr=default&cd=0%7C0%7C0%7C0&br=250&bt=125&ds=5&ft=.NpOcInz7Th00ywKXq8Zmo&mime_type=audio_mpeg&qs=13&rc=M3FqbHc5cmRwNDMzaTU8NEBpM3FqbHc5cmRwNDMzaTU8NEBkMmptMmRzXjNhLS1kMTJzYSNkMmptMmRzXjNhLS1kMTJzcw%3D%3D&vvpl=1&l=202507180033482260F29CCF917A1D7BA5&btag=e00078000&cc=13,https://p16-sign-va.tiktokcdn.com/tos-maliva-avt-0068/7325775743332384773~tplv-tiktokx-cropcenter:1080:1080.jpeg?dr=14579&refresh_token=bbb6a505&x-expires=1752940800&x-signature=cpvjrdOdRKe6c1I32NvhzK%2FUYOY%3D&t=4d5b0474&ps=13740610&shp=a5d48078&shcp=81f88b70&idc=maliva,ranndyrenan,https://v16-webapp-prime.tiktok.com/video/tos/maliva/tos-maliva-ve-0068c799-us/oAi2E0rAtTKiCAiICKEQsIAqVpAfyRyQ8tJI2B/?a=1988&bti=ODszNWYuMDE6&ch=0&cr=3&dr=0&lr=all&cd=0%7C0%7C0%7C&cv=1&br=3754&bt=1877&cs=0&ds=3&ft=4fUEKMUm8Zmo0UUv5I4jVy4HXpWrKsd.&mime_type=video_mp4&qs=0&rc=ODM4Nzc2Z2c0ZWVnNTc7Z0BpM2Rvd2w5cjtwNDMzaTczNEBfLWEuYy0xXjAxLV8uX2IuYSNtM2ZqMmRzXjNhLS1kMTJzcw%3D%3D&btag=e000b8000&expire=1752942846&l=202507180033482260F29CCF917A1D7BA5&ply_type=2&policy=2&signature=b14ebf1a9b1aafe4166be5b351a6888b&tk=tt_chain_token,https://www.tiktok.com/ranndyrenan/video/7515774340118498590,,1196,33,371,179700,pa‚eso‚vienen‚caraj‚mujer‚en‚la‚construcción‚parati‚virall‚videovira‚obreros‚abrazandose‚enla‚obra,pa‚eso‚vienen‚caraj‚mujer‚en‚la‚construcción‚parati‚virall‚videovira‚obreros‚abrazandose‚enla‚obra,,,jóvenes  !!‚pa' eso vienen Caraj...,"ECSTACY✨,Green Screen,Video Green Screen,iPhone 16 Pro Max.",
zeeschuimer-export-tiktok.com-2025-07-18T17_45_41.302Z.csv,7520739859078728982,7520739859078728982,marcovhoogdalem,marcovhoogdalem,862,476,23,https://p16-sign-va.tiktokcdn.com/tos-maliva-avt-0068/9d3a646d74d6afe461b8631c44f5f4cd~tplv-tiktokx-cropcenter:100:100.jpeg?dr=14579&refresh_token=e0431f2f&x-expires=1752940800&x-signature=jf3mqBvf%2F3aCpeC6P%2BCom8Ya5Sc%3D&t=4d5b0474&ps=13740610&shp=a5d48078&shcp=81f88b70&idc=maliva,#willemalexander #koningshuis #koning ,Fri Jun 27 2025,1751058706,no,no,origineel geluid,7520739853571492631,https://v77.tiktokcdn.com/3e43bffb455c63eddc0230639de6c732/687a7774/video/tos/no1a/tos-no1a-v-2370-no/oQwBAAVfCftoFFCqIkRGJCFDgEQUkWAZMSXIIA/?a=1233&bti=ODszNWYuMDE6&ch=0&cr=0&dr=0&er=0&lr=default&cd=0%7C0%7C0%7C0&br=250&bt=125&ds=5&ft=.NpOcInz7Th00ywKXq8Zmo&mime_type=audio_mpeg&qs=13&rc=ajU3Nm85cjhqNDMzbzU8NUBpajU3Nm85cjhqNDMzbzU8NUBlLTIwMmRjZmNhLS1kMTFzYSNlLTIwMmRjZmNhLS1kMTFzcw%3D%3D&vvpl=1&l=202507180033482260F29CCF917A1D7BA5&btag=e00070000&cc=13,https://p16-sign-va.tiktokcdn.com/tos-maliva-avt-0068/9d3a646d74d6afe461b8631c44f5f4cd~tplv-tiktokx-cropcenter:1080:1080.jpeg?dr=14579&refresh_token=77e80a20&x-expires=1752940800&x-signature=YZl2rfx%2BAsDB7GMY3j8dkIXWM9E%3D&t=4d5b0474&ps=13740610&shp=a5d48078&shcp=81f88b70&idc=maliva,marcovhoogdalem,https://v16-webapp-prime.tiktok.com/video/tos/no1a/tos-no1a-ve-0068-no/ogFgADioXAIMF5WgEyFwyRLBkkffIsbrEgOgQD/?a=1988&bti=ODszNWYuMDE6&ch=0&cr=3&dr=0&lr=all&cd=0%7C0%7C0%7C&cv=1&br=2528&bt=1264&cs=0&ds=3&ft=4fUEKMUm8Zmo0UUv5I4jVy4HXpWrKsd.&mime_type=video_mp4&qs=0&rc=OGU2ODc6ZDs3ZDU5Ojs8aEBpanZwM3M5cjhqNDMzbzczNUA1Xi5iL2AuXmMxXy5jLjZhYSNnYGk1MmRrZGNhLS1kMTFzcw%3D%3D&btag=e000b0000&expire=1752942836&l=202507180033482260F29CCF917A1D7BA5&ply_type=2&policy=2&signature=12081b09368de6358ee927535f98835f&tk=tt_chain_token,https://www.tiktok.com/marcovhoogdalem/video/7520739859078728982,,101400,911,13800,2000000,willemalexander‚koningshuis‚koning,willemalexander‚koningshuis‚koning,,,Pov: Je komt Willem tegen bij de Ballentent‚ Rotterdam,"ECSTACY✨,Green Screen,Video Green Screen,iPhone 16 Pro Max.",
zeeschuimer-export-tiktok.com-2025-07-18T17_45_41.302Z.csv,7525276544969854213,7525276544969854213,notibomba,NB,1300000,517,3411,https://p16-sign-va.tiktokcdn.com/tos-maliva-avt-0068/eabdfa12b796d2c324fbe431c08de631~tplv-tiktokx-cropcenter:100:100.jpeg?dr=14579&refresh_token=cfa198be&x-expires=1752940800&x-signature=EA7OfMj8SzwnSGmoo4D5nqXppds%3D&t=4d5b0474&ps=13740610&shp=a5d48078&shcp=81f88b70&idc=maliva,Gabriel Rufián‚ diputado del Congreso español‚ encaró a los diputados de VOX que propusieron expulsar a 8 millones de inmigrantes que se encuentran en el país. Y les preguntó si expulsarían a Lamine Yamal. #nb #notibomba #gabrielrufian #españa,Thu Jul 10 2025,1752114987,no,no,original sound - NB,7525276577685375749,https://v77.tiktokcdn.com/20d83cc903c8f876f592c5a5c5acc8d9/687a77b2/video/tos/useast2a/tos-useast2a-v-27dcd7/oosJzQBgo5B1nfUvB4FEQcDvUbCJqWDMI4fhJy/?a=1233&bti=ODszNWYuMDE6&ch=0&cr=0&dr=0&er=0&lr=default&cd=0%7C0%7C0%7C0&br=250&bt=125&ft=.NpOcInz7Th00ywKXq8Zmo&mime_type=audio_mpeg&qs=6&rc=OmY7Nmk4Zzs4NDYzM2RlZkBpM3k8OHY5cmVsNDMzNzU8M0BgLS8wLy8wNTExYDJhYl42YSNkLmViMmRzYmthLS1kMTZzcw%3D%3D&vvpl=1&l=202507180033482260F29CCF917A1D7BA5&btag=e00090000&cc=13,https://p16-sign-va.tiktokcdn.com/tos-maliva-avt-0068/eabdfa12b796d2c324fbe431c08de631~tplv-tiktokx-cropcenter:1080:1080.jpeg?dr=14579&refresh_token=d25c5200&x-expires=1752940800&x-signature=6hHkU7baMRT612YWhp4%2BESJ09nU%3D&t=4d5b0474&ps=13740610&shp=a5d48078&shcp=81f88b70&idc=maliva,NB,https://v16-webapp-prime.tiktok.com/video/tos/useast2a/tos-useast2a-pve-0068/oEo0xxNnGAU5QKVMoIi7NJkBMfFzbz5igBApvE/?a=1988&bti=ODszNWYuMDE6&ch=0&cr=3&dr=0&lr=all&cd=0%7C0%7C0%7C&cv=1&br=1490&bt=745&cs=0&ds=3&ft=4fUEKMUm8Zmo0UUv5I4jVy4HXpWrKsd.&mime_type=video_mp4&qs=0&rc=ZmY8PDY4Z2RpZGdpOWQ0ZUBpam13NHM5cjlsNDMzNzgzM0AtNjViNDIyXmAxMC8xXi02YSNxa2BoMmRjYWthLS1kLzZzcw%3D%3D&btag=e00090000&expire=1752942898&l=202507180033482260F29CCF917A1D7BA5&ply_type=2&policy=2&signature=1512da3ae2b00285d035882ba3d15664&tk=tt_chain_token,https://www.tiktok.com/notibomba/video/7525276544969854213,,592300,4239,36700,7600000,,,,,,"ECSTACY✨,Green Screen,Video Green Screen,iPhone 16 Pro Max.",
zeeschuimer-export-tiktok.com-2025-07-18T17_45_41.302Z.csv,7502918619144244485,7502918619144244485,_mini_250,STEVEN JAVIER,27900,3673,368,https://p16-sign-sg.tiktokcdn.com/tos-alisg-avt-0068/98eeb12bc483f5bcefe9957c4c90da24~tplv-tiktokx-cropcenter:100:100.jpeg?dr=14579&refresh_token=b07f5312&x-expires=1752940800&x-signature=1Ixo7uGMDUzY5te%2FvBPC2F59N%2Fw%3D&t=4d5b0474&ps=13740610&shp=a5d48078&shcp=81f88b70&idc=maliva,#venajesus #jovenes #siempre #Dios #prueba #venajesus #jovenescristianos #hombrededios ,Sat May 10 2025,1746909377,no,no,sonido original,7502918620575206150,https://v77.tiktokcdn.com/1c03a715714e7608e056d5c9ed4bfaf5/687a77b7/video/tos/useast2a/tos-useast2a-v-27dcd7/oMIZwAToICEeMIAfAQAg62eqSCLGYuPG3WNNX9/?a=1233&bti=ODszNWYuMDE6&ch=0&cr=0&dr=0&er=0&lr=default&cd=0%7C0%7C0%7C0&br=250&bt=125&ds=5&ft=.NpOcInz7Th00ywKXq8Zmo&mime_type=audio_mpeg&qs=13&rc=amY0cXk5cmt1MzMzNzU8M0BpamY0cXk5cmt1MzMzNzU8M0BhXl9jMmRrZWNhLS1kMTZzYSNhXl9jMmRrZWNhLS1kMTZzcw%3D%3D&vvpl=1&l=202507180033482260F29CCF917A1D7BA5&btag=e00050000&cc=13,https://p16-sign-sg.tiktokcdn.com/tos-alisg-avt-0068/98eeb12bc483f5bcefe9957c4c90da24~tplv-tiktokx-cropcenter:1080:1080.jpeg?dr=14579&refresh_token=00155422&x-expires=1752940800&x-signature=3T8nggXmsIlARwoCRqfZsSqlUb4%3D&t=4d5b0474&ps=13740610&shp=a5d48078&shcp=81f88b70&idc=maliva,STEVEN JAVIER,https://v16-webapp-prime.tiktok.com/video/tos/useast2a/tos-useast2a-ve-0068c003/owQQfoSE1B7MzQRm7yIAAFEBiuDOmHgpXf6vNJ/?a=1988&bti=ODszNWYuMDE6&ch=0&cr=3&dr=0&lr=all&cd=0%7C0%7C0%7C&cv=1&br=1340&bt=670&cs=0&ds=3&ft=4fUEKMUm8Zmo0UUv5I4jVy4HXpWrKsd.&mime_type=video_mp4&qs=0&rc=ZzY8NTg3OTw6O2ZpOWQ3PEBpam03dnc5cmV1MzMzNzczM0BiXzJeNV9jNS4xLmAxMzA0YSNiZm9pMmRzZWNhLS1kMTZzcw%3D%3D&btag=e00090000&expire=1752942904&l=202507180033482260F29CCF917A1D7BA5&ply_type=2&policy=2&signature=8b5a912917aa0ffae7399e0bc2acf653&tk=tt_chain_token,https://www.tiktok.com/_mini_250/video/7502918619144244485,,407,11,45,5894,venajesus‚jovenes‚siempre‚dios‚prueba‚venajesus‚jovenescristianos‚hombrededios,venajesus‚jovenes‚siempre‚dios‚prueba‚jovenescristianos‚hombrededios,,,,"Video Green Screen,iPhone 16 Pro Max.,ECSTACY✨,Green Screen",
zeeschuimer-export-tiktok.com-2025-07-18T17_45_41.302Z.csv,7345184186535316768,7345184186535316768,jesusansal,jesus,842100,2596,490,https://p16-sign-useast2a.tiktokcdn.com/tos-useast2a-avt-0068-euttp/393bde95765a7f82b512623c53fa3b48~tplv-tiktokx-cropcenter:100:100.jpeg?dr=14579&refresh_token=b6c30cb1&x-expires=1752940800&x-signature=5o6E4VJHoca2%2Bs9KrSiJoTcTi6o%3D&t=4d5b0474&ps=13740610&shp=a5d48078&shcp=81f88b70&idc=maliva,Sorpresa al final del video 💸🤑 | ig: jesusansal #housetour #viviendoenelextranjero #holanda #paisesbajos,Mon Mar 11 2024,1710183969,no,no,sonido original,7345184236737678113,https://v77.tiktokcdn.com/43cd3a783afe0a5678751ab10918bdb2/687a781f/video/tos/useast2a/tos-useast2a-v-2370-euttp/oA62VyADfBAZA7BUKiFvsEEoqiEm69KAGniEhP/?a=1233&bti=ODszNWYuMDE6&ch=0&cr=0&dr=0&er=0&lr=default&cd=0%7C0%7C0%7C0&br=250&bt=125&ds=5&ft=.NpOcInz7Th00ywKXq8Zmo&mime_type=audio_mpeg&qs=13&rc=anQ7aHA5cmRvcTMzZjU8M0BpanQ7aHA5cmRvcTMzZjU8M0A0YXEvMmRjYGtgLS1kMWNzYSM0YXEvMmRjYGtgLS1kMWNzcw%3D%3D&vvpl=1&l=202507180033482260F29CCF917A1D7BA5&btag=e00050000&cc=13,https://p16-sign-useast2a.tiktokcdn.com/tos-useast2a-avt-0068-euttp/393bde95765a7f82b512623c53fa3b48~tplv-tiktokx-cropcenter:1080:1080.jpeg?dr=14579&refresh_token=127bc3ee&x-expires=1752940800&x-signature=TtWJ8rJycMQBIhfO6AzUISXvZao%3D&t=4d5b0474&ps=13740610&shp=a5d48078&shcp=81f88b70&idc=maliva,jesus,https://v16-webapp-prime.tiktok.com/video/tos/useast2a/tos-useast2a-ve-0068c001-euttp/ocGQZhfi3o9iyCcnaEARINAmaOIEiFCqB6Z6OM/?a=1988&bti=ODszNWYuMDE6&ch=0&cr=3&dr=0&lr=all&cd=0%7C0%7C0%7C&cv=1&br=2396&bt=1198&cs=0&ds=3&ft=4fUEKMUm8Zmo0UUv5I4jVy4HXpWrKsd.&mime_type=video_mp4&qs=0&rc=PDtpMzo8NTQ1Nzc8ZDZnNUBpM3NuNnQ5cjRucTMzZjczM0AwNmAyMF9jXl4xL181YmFiYSNibmRhMmRjZWtgLS1kMWNzcw%3D%3D&btag=e00090000&expire=1752943007&l=202507180033482260F29CCF917A1D7BA5&ply_type=2&policy=2&signature=e688581ae9b582229ce8d48e3e75ebef&tk=tt_chain_token,https://www.tiktok.com/jesusansal/video/7345184186535316768,,482200,9752,27400,5900000,housetour‚viviendoenelextranjero‚holanda‚paisesbajos,housetour‚viviendoenelextranjero‚holanda‚paisesbajos,,,House tour   🇳🇱🏠,"Video Green Screen,iPhone 16 Pro Max.,ECSTACY✨,Green Screen",
zeeschuimer-export-tiktok.com-2025-07-18T17_45_41.302Z.csv,7514262070636842245,7514262070636842245,anthonycotera,ANTHONY :),38500,67500,752,https://p16-sign-va.tiktokcdn.com/tos-maliva-avt-0068/aae95674f9a6c7f5459adb61adf9706a~tplv-tiktokx-cropcenter:100:100.jpeg?dr=14579&refresh_token=28c9cf08&x-expires=1752940800&x-signature=cNY6QHWbJr6FfuWBJZtwqxS%2BQ%2BY%3D&t=4d5b0474&ps=13740610&shp=a5d48078&shcp=81f88b70&idc=maliva,el verdadero jóvenes 🤣 #humor #videoviral #tiktok #viajes #vichaycocha #fyp #perú ,Tue Jun 10 2025,1749550480,no,no,sonido original,7494656721454287671,https://v77.tiktokcdn.com/082d526dd474ecccc438ae0cc1c6d579/687a77a8/video/tos/useast2a/tos-useast2a-v-27dcd7/o4vUoE4DQyABB6AFfAoJBAC4IpEGTAIelYEA5J/?a=1233&bti=ODszNWYuMDE6&ch=0&cr=0&dr=0&er=0&lr=default&cd=0%7C0%7C0%7C0&br=250&bt=125&ds=5&ft=.NpOcInz7Th00ywKXq8Zmo&mime_type=audio_mpeg&qs=13&rc=M3M1O3Y5cjk4MzMzNzU8M0BpM3M1O3Y5cjk4MzMzNzU8M0BiLWxeMmQ0cS5hLS1kMTZzYSNiLWxeMmQ0cS5hLS1kMTZzcw%3D%3D&vvpl=1&l=202507180033482260F29CCF917A1D7BA5&btag=e00050000&cc=13,https://p16-sign-va.tiktokcdn.com/tos-maliva-avt-0068/395d70fd37a0615420538db72c22e535~tplv-tiktokx-cropcenter:1080:1080.jpeg?dr=14579&refresh_token=265e53fc&x-expires=1752940800&x-signature=Ge6qSdVazGWAPZC5JU1iJO%2FH%2BLo%3D&t=4d5b0474&ps=13740610&shp=a5d48078&shcp=81f88b70&idc=maliva,jóvenes  para eso vienen,https://webapp-va.tiktok.com/ce0e9a9ef59bdcfc33e5ce3ae7ddc50d/687bc8fa/kmoat/mps/logo/v3/r/p/v09044g40000d1409anog65inl4e50u0/c353f84b5bf84a78bb56387a70ab9a47/a5ea7fce845bd87d6a2303f519f996e7/mp4/main.mp4?a=1988&bti=ODszNWYuMDE6&ch=0&cr=3&dr=0&lr=all&cd=0%7C0%7C0%7C&cv=1&br=0&bt=0&cs=0&ds=3&ft=piBEGMUm8Zmo0UUv5I4jVy4HXpWrKsd.&mime_type=video_mp4&qs=0&rc=cnF8b2hsc2d3SkBwaHIxaDFybndmOmRlM2Q7OWU7ZDtlZTs2NkBpMzNob2w5cmQzNDMzNzczM0BjRl5Nc3FePmJKYSNvYF90aHFmOiMxNl40NDAyXzQxYzIxYzJgYSNyMjFrMmRrNjFhLS1kMTZzcw%3D%3D&btag=e000b0000&definition=720p&du=13&item_id=7514262070636842245&l=202507180033482260F29CCF917A1D7BA5&logo_type=tiktok_creator&ply_type=2&policy=eyJ2bSI6MiwiY2siOiJ0dF9jaGFpbl90b2tlbiJ9&sign_params=item_id%2Cuser_text&user_text=anthonycotera,https://www.tiktok.com/anthonycotera/video/7514262070636842245,,7547,324,1622,492000,humor‚videoviral‚tiktok‚viajes‚vichaycocha‚fyp‚perú,humor‚videoviral‚tiktok‚viajes‚vichaycocha‚fyp‚perú,,,🫢,"ECSTACY✨,Green Screen,Video Green Screen,iPhone 16 Pro Max.",
zeeschuimer-export-tiktok.com-2025-07-18T17_45_41.302Z.csv,7219447902484073734,7219447902484073734,reiteconmigohoy,Reite Conmigo Hoy,40000,92,48,https://p16-sign-va.tiktokcdn.com/tos-maliva-avt-0068/eee3654b3a8c6d79063345ebc1d8bfa6~tplv-tiktokx-cropcenter:100:100.jpeg?dr=14579&refresh_token=7e416ed9&x-expires=1752940800&x-signature=HaI3ZCScuRJAqzutRQ%2B4aClwZ6s%3D&t=4d5b0474&ps=13740610&shp=a5d48078&shcp=81f88b70&idc=maliva,Mucho olor en la matinée? Jajaja 😂 #matinée  #ayuda   #joda  #adolescentes #jovenes #descontrol ,Sat Apr 08 2023,1680908706,no,no,sonido original,7219447909195959046,https://v77.tiktokcdn.com/e204ac82641cce8f3e9fd6dfe6361218/687a77a4/video/tos/useast2a/tos-useast2a-v-27dcd7/9ac6dc559a8b4a7eb9bff9fa8ed95f05/?a=1233&bti=ODszNWYuMDE6&ch=0&cr=0&dr=0&er=0&lr=default&cd=0%7C0%7C0%7C0&br=250&bt=125&ds=5&ft=.NpOcInz7Th00ywKXq8Zmo&mime_type=audio_mpeg&qs=13&rc=anJ3c2g6ZjxkajMzNzU8M0BpanJ3c2g6ZjxkajMzNzU8M0BgMmhocjRfMGxgLS1kMTZzYSNgMmhocjRfMGxgLS1kMTZzcw%3D%3D&vvpl=1&l=202507180033482260F29CCF917A1D7BA5&btag=e00048000&cc=13,https://p77-sign-va.tiktokcdn.com/tos-maliva-avt-0068/eee3654b3a8c6d79063345ebc1d8bfa6~tplv-tiktokx-cropcenter:1080:1080.jpeg?dr=14579&refresh_token=b783fa28&x-expires=1752940800&x-signature=l9wnixBT4nUd0LqJ49P%2Bh%2FynOvE%3D&t=4d5b0474&ps=13740610&shp=a5d48078&shcp=81f88b70&idc=maliva,Reite Conmigo Hoy,https://v16-webapp-prime.tiktok.com/video/tos/useast2a/tos-useast2a-ve-0068c002/o8kDQKlEAnDwmQrSEepBbebIFBJOSIrMRKMoKg/?a=1988&bti=ODszNWYuMDE6&ch=0&cr=3&dr=0&lr=all&cd=0%7C0%7C0%7C&cv=1&br=2556&bt=1278&cs=0&ds=3&ft=4fUEKMUm8Zmo0UUv5I4jVy4HXpWrKsd.&mime_type=video_mp4&qs=0&rc=Z2dpNTw5O2c3ZGlnM2Q4OUBpM2xrODc6Zm5kajMzNzczM0AvYGJfNl4vX14xMTA0LTNhYSNlM2IwcjRnL2xgLS1kMTZzcw%3D%3D&btag=e00088000&expire=1752942884&l=202507180033482260F29CCF917A1D7BA5&ply_type=2&policy=2&signature=14187f388cf402a20a194e9c1cfd8dac&tk=tt_chain_token,https://www.tiktok.com/reiteconmigohoy/video/7219447902484073734,,91600,300,1464,1800000,matinée‚ayuda‚joda‚adolescentes‚jovenes‚descontrol,matinée‚ayuda‚joda‚adolescentes‚jovenes‚descontrol,,,,"ECSTACY✨,Green Screen,Video Green Screen,iPhone 16 Pro Max.",
zeeschuimer-export-tiktok.com-2025-07-18T17_45_41.302Z.csv,7525764157845638406,7525764157845638406,jovenal.tb,Jovenal Tb,154,1473,270,https://p16-sign-va.tiktokcdn.com/tos-maliva-avt-0068/0ca735b5499be4d8c571b8c385190004~tplv-tiktokx-cropcenter:100:100.jpeg?dr=14579&refresh_token=97a024c7&x-expires=1752940800&x-signature=NJSRcfI837vnvNf2VO5aoSFE1wM%3D&t=4d5b0474&ps=13740610&shp=a5d48078&shcp=81f88b70&idc=maliva,#dueto com @Ellaine Delos Santos ,Fri Jul 11 2025,1752228519,yes,no,original sound - •𝗦𝗲𝗶𝗺é,7497537745967975185,https://v77.tiktokcdn.com/c126dac8420d8a6ed028d8643ac43d91/687a7795/video/tos/alisg/tos-alisg-v-27dcd7/owcE8BiAJAgCtMotK11tm7wEBfB5iAAkkAA0kE/?a=1233&bti=ODszNWYuMDE6&ch=0&cr=0&dr=0&er=0&lr=default&cd=0%7C0%7C0%7C0&br=250&bt=125&ds=5&ft=.NpOcInz7Th00ywKXq8Zmo&mime_type=audio_mpeg&qs=13&rc=Mzc5Z3Y5cnA8MzMzODU8NEBpMzc5Z3Y5cnA8MzMzODU8NEBiNjZkMmRzaTNhLS1kMS1zYSNiNjZkMmRzaTNhLS1kMS1zcw%3D%3D&vvpl=1&l=202507180033482260F29CCF917A1D7BA5&btag=e00048000&cc=13,https://p16-sign-sg.tiktokcdn.com/tos-alisg-avt-0068/344de371221febfeb23942145705e406~tplv-tiktokx-cropcenter:1080:1080.jpeg?dr=14579&refresh_token=5b592e4b&x-expires=1752940800&x-signature=hcJi6ZQeVpJBAdZ8g%2BGt6S5OnY4%3D&t=4d5b0474&ps=13740610&shp=a5d48078&shcp=81f88b70&idc=maliva,•|HYRÖ✓,https://webapp-va.tiktok.com/ce5297692f2b15ccf61de98973a7e9c3/687bc8fc/kmoat/mps/logo/v2/r/p/v09044g40000d1oe57vog65mmjhp9950/bf5ec041eff14fb2a838b3f796cc9fb3/8b0646e90f09ae548dc54896f9a59937/mp4/main.mp4?a=1988&bti=ODszNWYuMDE6&ch=0&cr=3&dr=0&lr=all&cd=0%7C0%7C0%7C&br=0&bt=0&cs=0&ds=3&ft=piBEGMUm8Zmo0UUv5I4jVy4HXpWrKsd.&mime_type=video_mp4&qs=0&rc=cnF8b2hsc2d3SkBwaHIxaDFybndmNmlmOTo2Ozs1aTRpNDNoaUBpMzxzbXA5cjpoNDMzNzczM0BjRl5Nc3FePmJKYSNvYF90aHFmOiNfNmA2Y18wXl8xY2IxYDJfYSMyNmVqMmRzMmxhLS1kMTZzcw%3D%3D&btag=e000b8000&definition=720p&du=15&item_id=7525764157845638406&l=202507180033482260F29CCF917A1D7BA5&logo_type=tiktok&ply_type=2&policy=eyJ2bSI6MiwiY2siOiJ0dF9jaGFpbl90b2tlbiJ9&user_text=jovenal.tb,https://www.tiktok.com/jovenal.tb/video/7525764157845638406,,4,0,0,118,dueto,dueto,,,,"Video Green Screen,iPhone 16 Pro Max.,ECSTACY✨,Green Screen",
zeeschuimer-export-tiktok.com-2025-07-18T17_45_41.302Z.csv,7275477917289680134,7275477917289680134,hicobig,Cobig,40000,45200,479,https://p77-sign-va.tiktokcdn.com/tos-maliva-avt-0068/9601dda2fbe4a5286150f175e4e3748c~tplv-tiktokx-cropcenter:100:100.jpeg?dr=14579&refresh_token=eacc9ffc&x-expires=1752940800&x-signature=b67AqLgFePg%2Fyjxg8p2IDpxO4%2BE%3D&t=4d5b0474&ps=13740610&shp=a5d48078&shcp=81f88b70&idc=maliva,Ayudame a llegar a 50k en seguidores #ecuador🇪🇨 #guayaquil_ecuador🇪🇨 #alicantespain #madrid #japon ,Wed Sep 06 2023,1693954211,no,no,sonido original,7275477950480943878,https://v77.tiktokcdn.com/1ad6c7fe58422a04c33e78c023ed2a55/687a77bd/video/tos/useast2a/tos-useast2a-v-27dcd7/osaBskADtCBBAVzTUK23hxEQVfJd9emApJhEBT/?a=1233&bti=ODszNWYuMDE6&ch=0&cr=0&dr=0&er=0&lr=default&cd=0%7C0%7C0%7C0&br=250&bt=125&ds=5&ft=.NpOcInz7Th00ywKXq8Zmo&mime_type=audio_mpeg&qs=13&rc=anRwbzQ6Zjx1bTMzNzU8M0BpanRwbzQ6Zjx1bTMzNzU8M0A2Zl5scjRvLm9gLS1kMTZzYSM2Zl5scjRvLm9gLS1kMTZzcw%3D%3D&vvpl=1&l=202507180033482260F29CCF917A1D7BA5&btag=e00050000&cc=13,https://p77-sign-va.tiktokcdn.com/tos-maliva-avt-0068/9601dda2fbe4a5286150f175e4e3748c~tplv-tiktokx-cropcenter:1080:1080.jpeg?dr=14579&refresh_token=d79bd565&x-expires=1752940800&x-signature=GSDuhuEc79pEAScFJCi8NtLejU4%3D&t=4d5b0474&ps=13740610&shp=a5d48078&shcp=81f88b70&idc=maliva,Cobig,https://v16-webapp-prime.tiktok.com/video/tos/useast2a/tos-useast2a-ve-0068c003/ocF2FP7giASYRcBIjC7HiFAEeAfjgA5EJeCYR2/?a=1988&bti=ODszNWYuMDE6&ch=0&cr=3&dr=0&lr=all&cd=0%7C0%7C0%7C&cv=1&br=1638&bt=819&cs=0&ds=3&ft=4fUEKMUm8Zmo0UUv5I4jVy4HXpWrKsd.&mime_type=video_mp4&qs=0&rc=aDs2NmY8aDM2Njg7Zjg0ZEBpM2U1NWY6ZjZ1bTMzNzczM0BiLzBjYjNjXmExNS9jYi4zYSNlLmxhcjQwLW9gLS1kMTZzcw%3D%3D&btag=e00090000&expire=1752942909&l=202507180033482260F29CCF917A1D7BA5&ply_type=2&policy=2&signature=86ed3a31ad0f972d3746178ccde089b4&tk=tt_chain_token,https://www.tiktok.com/hicobig/video/7275477917289680134,,189000,1694,3522,3200000,ecuador🇪🇨‚guayaquil_ecuador🇪🇨‚alicantespain‚madrid‚japon,ecuador🇪🇨‚guayaquil_ecuador🇪🇨‚alicantespain‚madrid‚japon,,,Ig:hicobig‚Sígueme y te sigo :3,"iPhone 16 Pro Max.,ECSTACY✨,Green Screen,Video Green Screen",
zeeschuimer-export-tiktok.com-2025-07-18T17_45_41.302Z.csv,7498067502329629957,7498067502329629957,sintrax7,modelos,18100,12600,336,https://p16-sign-va.tiktokcdn.com/tos-maliva-avt-0068/0e0711da460e9a00391d4e2d6fd4247f~tplv-tiktokx-cropcenter:100:100.jpeg?dr=14579&refresh_token=deec7aab&x-expires=1752940800&x-signature=70z0UySvYlUmwM0xZdXeQeifJls%3D&t=4d5b0474&ps=13740610&shp=a5d48078&shcp=81f88b70&idc=maliva,model #model #bikini #bikinimodel #bikinis #bikinibabes #jovencita #hermosa #bella ,Sun Apr 27 2025,1745779891,no,no,Lollipop,7283588810008742688,https://sf16-ies-music-va.tiktokcdn.com/obj/tos-useast2a-ve-2774/oUt9qZQgQIC88DPe5tZZBJbainnaBByYGIdleJ,https://p16-amd-va.tiktokcdn.com/img/tos-useast2a-v-2774/oQeKlsxDAFZJAEVEZB8kC3DngdQDABGGbtyt6f~c5_720x720.jpeg,Darell,https://webapp-va.tiktok.com/13fd974cf6d3b73f7e2c82e596cd4842/687bc8f9/kmoat/mps/logo/v3/r/p/v09044g40000d077k2nog65i4p6uccag/d7e3d8a70cd545d796934ae0e74bc673/b1be5c5d2e9accefdc7ef8642cc180ef/mp4/main.mp4?a=1988&bti=ODszNWYuMDE6&ch=0&cr=3&dr=0&lr=all&cd=0%7C0%7C0%7C&cv=1&br=0&bt=0&cs=0&ds=3&ft=piBEGMUm8Zmo0UUv5I4jVy4HXpWrKsd.&mime_type=video_mp4&qs=0&rc=cnF8b2hsc2d3SkBwaHIxaDFybndmNjllOjNkNjk6ODhmOjs2OkBpamZ4c2w5cjU6MzMzNzczM0BjRl5Nc3FePmJKYSNvYF90aHFmOiM0YDFiYjE2NmExYS1eYWJhYSNeYDMxMmRraDRhLS1kMTZzcw%3D%3D&btag=e000b0000&definition=720p&du=12&item_id=7498067502329629957&l=202507180033482260F29CCF917A1D7BA5&logo_type=tiktok_creator&ply_type=2&policy=eyJ2bSI6MiwiY2siOiJ0dF9jaGFpbl90b2tlbiJ9&sign_params=item_id%2Cuser_text&user_text=sintrax7,https://www.tiktok.com/sintrax7/video/7498067502329629957,,7236,273,311,515700,model‚bikini‚bikinimodel‚bikinis‚bikinibabes‚jovencita‚hermosa‚bella,model‚bikini‚bikinimodel‚bikinis‚bikinibabes‚jovencita‚hermosa‚bella,,,,"ECSTACY✨,Green Screen,Video Green Screen,iPhone 16 Pro Max.",
zeeschuimer-export-tiktok.com-2025-07-18T17_45_41.302Z.csv,7457181456410889478,7457181456410889478,leigianni,Leila Gianni,80900,17,158,https://p77-sign-va.tiktokcdn.com/tos-maliva-avt-0068/689799b8cd0b2ec385bc345562529a39~tplv-tiktokx-cropcenter:100:100.jpeg?dr=14579&refresh_token=1274f50e&x-expires=1752940800&x-signature=61qg%2F8EF%2FWFOyGdCFJNvE5D9V2k%3D&t=4d5b0474&ps=13740610&shp=a5d48078&shcp=81f88b70&idc=maliva,¡SAQUEMOS LA BASURA ESTE AÑO! Hay algo que nunca hizo bien Fernando Espinoza: la recolección de basura. Cada barrio puede dar testimonios del desastre que viven en todas las esquinas del municipio porque no fue‚ no es y nunca será una prioridad a resolver. Este año‚ se debe continuar con la limpieza‚ pero en la política: saquemos a todos aquellos que por años se llenan sus bolsillos ‚ son cada vez más ricos y no resuelven los problemas de la gente. #vllc #lalibertadavanza #lamatanza,Tue Jan 07 2025,1736260364,no,no,sonido original - Leila Gianni,7457181515247012614,https://v77.tiktokcdn.com/6a72593a4621fc235ecfe3f1b3515506/687a77c1/video/tos/useast2a/tos-useast2a-v-27dcd7/o8XKYtiviIBYI7QB2JSofHigz9MpEpRgkBxpOA/?a=1233&bti=ODszNWYuMDE6&ch=0&cr=0&dr=0&er=0&lr=default&cd=0%7C0%7C0%7C0&br=250&bt=125&ft=.NpOcInz7Th00ywKXq8Zmo&mime_type=audio_mpeg&qs=6&rc=OjU7Njw1OWc5PDY6aDQ4OkBpajU4NHU5cjdtdzMzNzU8M0AxXzNgYDY1Xi4xLy4wNDYwYSMxZW5kMmRjanJgLS1kMTZzcw%3D%3D&vvpl=1&l=202507180033482260F29CCF917A1D7BA5&btag=e00090000&cc=13,https://p16-sign-va.tiktokcdn.com/tos-maliva-avt-0068/689799b8cd0b2ec385bc345562529a39~tplv-tiktokx-cropcenter:1080:1080.jpeg?dr=14579&refresh_token=77d8e957&x-expires=1752940800&x-signature=hAWZr3Wjt9gjl5vIiibWlfslB5M%3D&t=4d5b0474&ps=13740610&shp=a5d48078&shcp=81f88b70&idc=maliva,Leila Gianni,https://v16-webapp-prime.tiktok.com/video/tos/useast2a/tos-useast2a-ve-0068c002/ocqT8lgeOEL51ivOAcgoI3Q7frETUCCSjDorfF/?a=1988&bti=ODszNWYuMDE6&ch=0&cr=3&dr=0&lr=all&cd=0%7C0%7C0%7C&cv=1&br=3158&bt=1579&cs=0&ds=3&ft=4fUEKMUm8Zmo0UUv5I4jVy4HXpWrKsd.&mime_type=video_mp4&qs=0&rc=Ozo3aGc2Z2ZnNzpnZmRmO0BpM2t3Z245cnRtdzMzNzgzM0BiLWNfLmFiXjIxMF4zNS9iYSNrMnBhMmRraXJgLS1kLzZzcw%3D%3D&btag=e00090000&expire=1752942913&l=202507180033482260F29CCF917A1D7BA5&ply_type=2&policy=2&signature=453eba380f7bd937458e8a0370fcce68&tk=tt_chain_token,https://www.tiktok.com/leigianni/video/7457181456410889478,,30400,3227,1548,531500,,,,,,"ECSTACY✨,Green Screen,Video Green Screen,iPhone 16 Pro Max.",
zeeschuimer-export-tiktok.com-2025-07-18T17_45_41.302Z.csv,7515477662702554376,7515477662702554376,masyelz,chele,5420,2845,147,https://p77-sign-va.tiktokcdn.com/tos-maliva-avt-0068/bd6021b319b6e2e0b3c5fc6d52b8c432~tplv-tiktokx-cropcenter:100:100.jpeg?dr=14579&refresh_token=ac306895&x-expires=1752940800&x-signature=6qcrnarIOItIz0d8mHEo2ISP8d0%3D&t=4d5b0474&ps=13740610&shp=a5d48078&shcp=81f88b70&idc=maliva,#jóvenes #jóvenessss #paesovienencarajo,Fri Jun 13 2025,1749833505,no,no,sonido original,7494656721454287671,https://v77.tiktokcdn.com/082d526dd474ecccc438ae0cc1c6d579/687a77a8/video/tos/useast2a/tos-useast2a-v-27dcd7/o4vUoE4DQyABB6AFfAoJBAC4IpEGTAIelYEA5J/?a=1233&bti=ODszNWYuMDE6&ch=0&cr=0&dr=0&er=0&lr=default&cd=0%7C0%7C0%7C0&br=250&bt=125&ds=5&ft=.NpOcInz7Th00ywKXq8Zmo&mime_type=audio_mpeg&qs=13&rc=M3M1O3Y5cjk4MzMzNzU8M0BpM3M1O3Y5cjk4MzMzNzU8M0BiLWxeMmQ0cS5hLS1kMTZzYSNiLWxeMmQ0cS5hLS1kMTZzcw%3D%3D&vvpl=1&l=202507180033482260F29CCF917A1D7BA5&btag=e00050000&cc=13,https://p16-sign-va.tiktokcdn.com/tos-maliva-avt-0068/395d70fd37a0615420538db72c22e535~tplv-tiktokx-cropcenter:1080:1080.jpeg?dr=14579&refresh_token=265e53fc&x-expires=1752940800&x-signature=Ge6qSdVazGWAPZC5JU1iJO%2FH%2BLo%3D&t=4d5b0474&ps=13740610&shp=a5d48078&shcp=81f88b70&idc=maliva,jóvenes  para eso vienen,https://webapp-sg.tiktok.com/ad00e5405c16f2425344f0fae10979d4/687bc8fc/kmoat/mps/logo/v3/r/p/v1c044g50000d165d7fog65vbf6us6rg/977850b50ffe43be99a7d0fecdfc0e08/8335440f9ba54e0548284883fe6acf67/mp4/main.mp4?a=1988&bti=ODszNWYuMDE6&ch=0&cr=3&dr=0&lr=all&cd=0%7C0%7C0%7C&cv=1&br=0&bt=0&cs=0&ds=3&ft=piBE5MUm8Zmo0UUv5I4jVy4HXpWrKsd.&mime_type=video_mp4&qs=0&rc=cnF8b2hsc2d3SkBwaHIxaDFybndmO2hmZ2gzOjxoNmhpODM7OkBpajl4aXk5cjo4NDMzODczNEBjRl5Nc3FePmJKYSNvYF90aHFmOiMtLWNgY2FeNl8xYy1fMjQ2YSNvcDNfMmRjYTNhLS1kMWBzcw%3D%3D&btag=e000b8000&definition=720p&du=15&item_id=7515477662702554376&l=202507180033482260F29CCF917A1D7BA5&logo_type=tiktok_creator&ply_type=2&policy=eyJ2bSI6MiwiY2siOiJ0dF9jaGFpbl90b2tlbiJ9&sign_params=item_id%2Cuser_text&user_text=masyelz,https://www.tiktok.com/masyelz/video/7515477662702554376,,217300,7854,81000,9700000,jóvenes‚jóvenessss‚paesovienencarajo,jóvenes‚jóvenessss‚paesovienencarajo,,,,"ECSTACY✨,Green Screen,Video Green Screen,iPhone 16 Pro Max.",
zeeschuimer-export-tiktok.com-2025-07-18T17_45_41.302Z.csv,7511570325222608133,7511570325222608133,bader_the_man,Bader TheMan 🔱,651900,115,844,https://p16-sign-va.tiktokcdn.com/tos-maliva-avt-0068/388bc3aa98ff3cbcb555dd89c19c80ba~tplv-tiktokx-cropcenter:100:100.jpeg?dr=14579&refresh_token=37b7dbdb&x-expires=1752940800&x-signature=yEEAg5TMdt2Qnkbue8uA02nDCwU%3D&t=4d5b0474&ps=13740610&shp=a5d48078&shcp=81f88b70&idc=maliva,Señora y con papeles?? Dónde firmo el casamiento 😍 #bader #ligue #seduccion #daygame,Tue Jun 03 2025,1748923764,no,no,original sound - Bader TheMan 🔱,7511570351543012101,https://v16m.tiktokcdn.com/0dfc55cb58ab8cd3c26adf21125445df/687a77b4/video/tos/useast2a/tos-useast2a-v-27dcd7/oUoBQe6UCDE8AQKCudyBfFXpVBJi5Ya7JnP8ag/?a=1233&bti=ODszNWYuMDE6&ch=0&cr=0&dr=0&er=0&lr=default&cd=0%7C0%7C0%7C0&br=250&bt=125&ft=.NpOcInz7Thn0ywKXq8Zmo&mime_type=audio_mpeg&qs=6&rc=MzZmNmhnZGRnZ2c6M2loN0BpandydW45cng6MzMzNzU8M0BhXjBeYl5fNTQxNjMvM2BjYSNfLV9yMmRjXnNhLS1kMTZzcw%3D%3D&vvpl=1&l=202507180033508BC4AC1747C1591D607D&btag=e00090000&cc=3,https://p16-sign-va.tiktokcdn.com/tos-maliva-avt-0068/388bc3aa98ff3cbcb555dd89c19c80ba~tplv-tiktokx-cropcenter:1080:1080.jpeg?dr=14579&refresh_token=b86614b1&x-expires=1752940800&x-signature=qWp6JathawfRdURueiWbHD7Wyxw%3D&t=4d5b0474&ps=13740610&shp=a5d48078&shcp=81f88b70&idc=maliva,Bader TheMan 🔱,,https://www.tiktok.com/bader_the_man/video/7511570325222608133,,719600,1274,17800,9800000,bader‚ligue‚seduccion‚daygame,bader‚ligue‚seduccion‚daygame,,,,ECSTACY✨,
zeeschuimer-export-tiktok.com-2025-07-18T17_45_41.302Z.csv,7424302303932452101,7424302303932452101,genio.naranja,Genio Naranja,34100,332,166,https://p16-sign-va.tiktokcdn.com/tos-maliva-avt-0068/59f720a6846c0d574b08b839d6acf849~tplv-tiktokx-cropcenter:100:100.jpeg?dr=14579&refresh_token=07ae8923&x-expires=1752940800&x-signature=%2Ba%2BpofA7BnedRTuAORuLDEhbd%2Fc%3D&t=4d5b0474&ps=13740610&shp=a5d48078&shcp=81f88b70&idc=maliva,#humor #meme #viral #name #actriz #bienesraices #inmobiliaria ,Fri Oct 11 2024,1728605097,no,no,sonido original,7424302345242020614,https://v16m.tiktokcdn.com/e6794e4948742ba87ccc446249658062/687a7786/video/tos/useast2a/tos-useast2a-v-27dcd7/oo9bwPrC9JhAiIAACEQAZl6CSVAEUryBiaWVh/?a=1233&bti=ODszNWYuMDE6&ch=0&cr=0&dr=0&er=0&lr=default&cd=0%7C0%7C0%7C0&br=250&bt=125&ds=5&ft=.NpOcInz7Thn0ywKXq8Zmo&mime_type=audio_mpeg&qs=13&rc=anA8b3c5cmU5djMzNzU8M0BpanA8b3c5cmU5djMzNzU8M0ByajVkMmQ0azFgLS1kMTZzYSNyajVkMmQ0azFgLS1kMTZzcw%3D%3D&vvpl=1&l=202507180033508BC4AC1747C1591D607D&btag=e00078000&cc=3,https://p16-sign-va.tiktokcdn.com/tos-maliva-avt-0068/59f720a6846c0d574b08b839d6acf849~tplv-tiktokx-cropcenter:1080:1080.jpeg?dr=14579&refresh_token=4e6dc4dc&x-expires=1752940800&x-signature=zOwrVvuLsPn1NECNIQD8%2BMJ049c%3D&t=4d5b0474&ps=13740610&shp=a5d48078&shcp=81f88b70&idc=maliva,Genio Naranja,https://v16-webapp-prime.tiktok.com/video/tos/useast2a/tos-useast2a-pve-0068/o4ED4BREIBAf7EAIQnFQS7fuJBFuuaCDGaGhIl/?a=1988&bti=ODszNWYuMDE6&ch=0&cr=3&dr=0&lr=all&cd=0%7C0%7C0%7C&cv=1&br=724&bt=362&cs=0&ds=3&ft=4fUEKMUm8Zmo08Uv5I4jVOPfDpWrKsd.&mime_type=video_mp4&qs=0&rc=Ojg1NjU5ZGg8aWRoMzM5NEBpamg1bmw5cjs5djMzNzczM0BfMS4zLTMwNl4xNDYwMS8yYSNxcWtzMmRjazFgLS1kMTZzcw%3D%3D&btag=e000b8000&expire=1752942854&l=202507180033508BC4AC1747C1591D607D&ply_type=2&policy=2&signature=12fa7c9d282216b9db0799517c8becf1&tk=tt_chain_token,https://www.tiktok.com/genio.naranja/video/7424302303932452101,,104600,1,2302,1700000,humor‚meme‚viral‚name‚actriz‚bienesraices‚inmobiliaria,humor‚Meme‚Viral‚name‚actriz‚bienesraices‚inmobiliaria,,,,ECSTACY✨,
zeeschuimer-export-tiktok.com-2025-07-18T17_45_41.302Z.csv,7230094042694946054,7230094042694946054,viajeroconiphone,Viajero con IPhone,18200,735,68,https://p16-sign-va.tiktokcdn.com/tos-maliva-avt-0068/7315841757239836678~tplv-tiktokx-cropcenter:100:100.jpeg?dr=14579&refresh_token=148b0622&x-expires=1752940800&x-signature=U0ymV3Jdac3L8sfcSDdCi23snxE%3D&t=4d5b0474&ps=13740610&shp=a5d48078&shcp=81f88b70&idc=maliva,#women #beauty #beautiful #mujer #belleza #hermosa #angel #newyork #fashion #viajeroconiphone #fashiontiktok ,Sat May 06 2023,1683387452,no,no,sonido original,7230094028898421509,https://v16m.tiktokcdn.com/d8672e62b8bc921595b175613a077669/687a7777/video/tos/useast2a/tos-useast2a-v-27dcd7/eedb1e320c884cda9980a198534cb988/?a=1233&bti=ODszNWYuMDE6&ch=0&cr=0&dr=0&er=0&lr=default&cd=0%7C0%7C0%7C0&br=250&bt=125&ds=5&ft=.NpOcInz7Thn0ywKXq8Zmo&mime_type=audio_mpeg&qs=13&rc=am54bDs6Zmk6azMzNzU8M0Bpam54bDs6Zmk6azMzNzU8M0AyMHE1cjRfNV9gLS1kMTZzYSMyMHE1cjRfNV9gLS1kMTZzcw%3D%3D&vvpl=1&l=202507180033508BC4AC1747C1591D607D&btag=e00070000&cc=3,https://p16-sign-va.tiktokcdn.com/tos-maliva-avt-0068/7315841757239836678~tplv-tiktokx-cropcenter:1080:1080.jpeg?dr=14579&refresh_token=56c26b57&x-expires=1752940800&x-signature=yyJWk0QN7sRFsdswxO%2BB%2BjeiXVw%3D&t=4d5b0474&ps=13740610&shp=a5d48078&shcp=81f88b70&idc=maliva,Viajero con IPhone,https://webapp-sg.tiktok.com/ae23c27482986737f1cf238d3b4ec4a8/687bc8f7/kmoat/mps/logo/v3/r/p/v09044g40000chb786rc77uf972s2k1g/429b128e7811471ea228560a2121b20f/38dfc2de10a11cd077de60277cfc5f56/mp4/main.mp4?a=1988&bti=ODszNWYuMDE6&ch=0&cr=3&dr=0&lr=all&cd=0%7C0%7C0%7C&cv=1&br=0&bt=0&cs=0&ds=3&ft=piBE5MUm8Zmo08Uv5I4jVOPfDpWrKsd.&mime_type=video_mp4&qs=0&rc=cnF8b2hsc2d3SkBwaHIxaDFybndmaTU0NGQ5OzVoOjQ7aDVlNUBpam52Omk6Zjk6azMzNzczM0BjRl5Nc3FePmJKYSNvYF90aHFmOiMtXy8vLTIvXi4xLjQ1LjYxYSMuLy82cjRvNV9gLS1kMTZzcw%3D%3D&btag=e000b0000&definition=720p&du=9&item_id=7230094042694946054&l=202507180033508BC4AC1747C1591D607D&logo_type=tiktok_creator&ply_type=2&policy=eyJ2bSI6MiwiY2siOiJ0dF9jaGFpbl90b2tlbiJ9&sign_params=item_id%2Cuser_text&user_text=viajeroconiphone,https://www.tiktok.com/viajeroconiphone/video/7230094042694946054,,206500,1050,1480,13300000,women‚beauty‚beautiful‚mujer‚belleza‚hermosa‚angel‚newyork‚fashion‚viajeroconiphone‚fashiontiktok,women‚beauty‚beautiful‚mujer‚belleza‚hermosa‚angel‚newyork‚fashion‚viajeroconiphone‚fashiontiktok,,,Cuando vas caminando por New York y de repente ves a un ángel y como puedes sacas rápidamente el celular para que ese momento sea eterno,ECSTACY✨,
zeeschuimer-export-tiktok.com-2025-07-18T17_45_37.653Z.csv,7348846645544570144,7348846645544570144,eldebate_com,El Debate,213600,47,3814,https://p77-sign-va.tiktokcdn.com/tos-maliva-avt-0068/0b444364fefd99742b08309243929901~tplv-tiktokx-cropcenter:100:100.jpeg?dr=14579&refresh_token=c5579e5a&x-expires=1752940800&x-signature=TWahL5F6AXfFy2MRcPdtSA0MoiM%3D&t=4d5b0474&ps=13740610&shp=a5d48078&shcp=81f88b70&idc=maliva,Los jóvenes de Jovenlandia‚ explicados por Vox #eldebate #noticiastiktok #jovenlandia #jovenlandeses #jovenes #vox ,Thu Mar 21 2024,1711036704,no,no,sonido original,7348846701635308321,https://v58.tiktokcdn.com/video/tos/useast2a/tos-useast2a-v-2370-euttp/o4ykIeq7kDEksYAjAFFhGTLAHojgPELfIGfe4E/?a=1233&bti=ODszNWYuMDE6&ch=0&cr=0&dr=0&er=0&lr=default&cd=0%7C0%7C0%7C0&br=250&bt=125&ds=5&ft=.NpOcInz7ThI4ywKXq8Zmo&mime_type=audio_mpeg&qs=13&rc=ajpndWo5cjw4cTMzZjU8M0BpajpndWo5cjw4cTMzZjU8M0BuMC1yMmQ0ZnJgLS1kMWNzYSNuMC1yMmQ0ZnJgLS1kMWNzcw%3D%3D&vvpl=1&l=202507180031261CF05A681E36681D5CE3&VExpiration=1752856395&VSignature=y4rdrvcYnPFCz3SBsw_1kg&btag=e00050000&cc=14,https://p77-sign-va.tiktokcdn.com/tos-maliva-avt-0068/0b444364fefd99742b08309243929901~tplv-tiktokx-cropcenter:1080:1080.jpeg?dr=14579&refresh_token=cad9a0b4&x-expires=1752940800&x-signature=ac59S5niOPYCTw%2FBhIRLBGSXjwk%3D&t=4d5b0474&ps=13740610&shp=a5d48078&shcp=81f88b70&idc=maliva,El Debate,https://v16-webapp-prime.tiktok.com/video/tos/useast2a/tos-useast2a-ve-0068c001-euttp/oMKQQGfEggfULcDehEEjjxAlHzI5FfIpDpbFW8/?a=1988&bti=ODszNWYuMDE6&ch=0&cr=3&dr=0&lr=all&cd=0%7C0%7C0%7C&cv=1&br=1152&bt=576&cs=0&ds=3&ft=4fUEKMUm8Zmo0qWv5I4jVVaexpWrKsd.&mime_type=video_mp4&qs=0&rc=NjhnPGRmZzM0Ozo3OzU5aEBpamp5aG45cnE4cTMzZjczM0A2YWM2LjA0Xl8xMzNjNC4yYSMuL2NsMmQ0ZXJgLS1kMWNzcw%3D%3D&btag=e00090000&expire=1752942795&l=202507180031261CF05A681E36681D5CE3&ply_type=2&policy=2&signature=31c0e3d6a180ecd8df1c4020e01b4fa8&tk=tt_chain_token,https://www.tiktok.com/eldebate_com/video/7348846645544570144,,14700,510,825,541100,eldebate‚noticiastiktok‚jovenlandia‚jovenlandeses‚jovenes‚vox,eldebate‚noticiastiktok‚jovenlandia‚jovenlandeses‚jovenes‚vox,,,  📌🤯 ¿Quiénes son     los «jovenlandenses»?  ¿Qué es «Jovenlandia»? ‚👤 ¿Quiénes son los «jovenlandenses»?  ¿Y «Jovenlandia»?,"Green Screen Video,Green Screen,Teleprompter",
zeeschuimer-export-tiktok.com-2025-07-18T17_45_37.653Z.csv,7424039861541162273,7424039861541162273,larevuelta_tve,La Revuelta,1600000,38,1392,https://p16-sign-useast2a.tiktokcdn.com/tos-useast2a-avt-0068-euttp/87d56f4a2383b200fd9e4e20968fe2fb~tplv-tiktokx-cropcenter:100:100.jpeg?dr=14579&refresh_token=9523b1b4&x-expires=1752940800&x-signature=017vp3c7WqDv7eBiCwZ%2FNyp3I8w%3D&t=4d5b0474&ps=13740610&shp=a5d48078&shcp=81f88b70&idc=maliva,Por fin se habla en televisión de Jovenlandia y no solo en comentarios de Twitter e Instagram.  #LaRevuelta #DavidBroncano #yunezchaib #racismo #jovenlandia #quever #teleentiktok ,Thu Oct 10 2024,1728543986,no,no,sonido original,7424040069461297953,https://v77.tiktokcdn.com/2dd569b66ed82d1f912af6c7c8a94366/687a7774/video/tos/useast2a/tos-useast2a-v-2370-euttp/oQ3JPFD4JUDCSYjWwOEQc0BCfgjQSgEFBnfWs4/?a=1233&bti=ODszNWYuMDE6&ch=0&cr=0&dr=0&er=0&lr=default&cd=0%7C0%7C0%7C0&br=250&bt=125&ft=.NpOcInz7ThI4ywKXq8Zmo&mime_type=audio_mpeg&qs=6&rc=OGk5Z2doMzo5OTxnPDllOEBpanBlZWo5cjhxdjMzZjU8M0BhLjNiLTE1NmIxMWFfYGExYSMyMGQvMmRrbjBgLS1kMWNzcw%3D%3D&vvpl=1&l=202507180031261CF05A681E36681D5CE3&btag=e00090000&cc=13,https://p16-sign-useast2a.tiktokcdn.com/tos-useast2a-avt-0068-euttp/87d56f4a2383b200fd9e4e20968fe2fb~tplv-tiktokx-cropcenter:1080:1080.jpeg?dr=14579&refresh_token=066ce6aa&x-expires=1752940800&x-signature=Z%2FF1rbNN1fTQEOORPZLUqLcn3ok%3D&t=4d5b0474&ps=13740610&shp=a5d48078&shcp=81f88b70&idc=maliva,La Revuelta,https://v16-webapp-prime.tiktok.com/video/tos/useast2a/tos-useast2a-ve-0068c001-euttp/ogFzSk7nBAJtDmVgEnY3oRfBPnOfIPKXEDuQQD/?a=1988&bti=ODszNWYuMDE6&ch=0&cr=3&dr=0&lr=all&cd=0%7C0%7C0%7C&cv=1&br=1992&bt=996&cs=0&ds=3&ft=4fUEKMUm8Zmo0qWv5I4jVVaexpWrKsd.&mime_type=video_mp4&qs=0&rc=PDlmMzg7ZjVpZzo8ZTk5OkBpam1vdW05cm9xdjMzZjczM0AvYzIxXjVfXmAxYC8uYzMuYSNfYS1kMmRjbTBgLS1kMWNzcw%3D%3D&btag=e00090000&expire=1752942836&l=202507180031261CF05A681E36681D5CE3&ply_type=2&policy=2&signature=f8d6996ed3924af6b2dcd6b79308bd2d&tk=tt_chain_token,https://www.tiktok.com/larevuelta_tve/video/7424039861541162273,,60100,1407,5671,636800,larevuelta‚davidbroncano‚yunezchaib‚racismo‚jovenlandia‚quever‚teleentiktok,larevuelta‚davidbroncano‚yunezchaib‚racismo‚jovenlandia‚quever‚teleentiktok,,,EL PAÍS DE   JOVENLANDIA,"Green Screen Video,Green Screen,Teleprompter",
zeeschuimer-export-tiktok.com-2025-07-18T17_45_37.653Z.csv,7303251674464865569,7303251674464865569,naelael5,nael,7134,749,349,https://p16-sign-useast2a.tiktokcdn.com/tos-useast2a-avt-0068-giso/8b6be0f710dd6575aa44639e57ce876c~tplv-tiktokx-cropcenter:100:100.jpeg?dr=14579&refresh_token=e0cd9b83&x-expires=1752940800&x-signature=M0oxvaOiu0KupxGGKYNv1UPLVgM%3D&t=4d5b0474&ps=13740610&shp=a5d48078&shcp=81f88b70&idc=maliva,Jóvenes en Jovenlandia: Estancia en Hoteles de Lujo con Pensión Completa”#Jovenlandia #Lujo #Vacaciones #ExperienciaDeLujo #oportunidadesparajóvenes #hotelesdelujo #bienestar #espqña🇪🇦   #CapCut ,Sun Nov 19 2023,1700420794,no,no,Strength Men,7039255122748131329,https://sf16-ies-music-va.tiktokcdn.com/obj/tos-useast2a-ve-2774/oMTYCYi31AnO1HBAiUZpJhZbyryQLMPvIIWjm,https://p16-amd-va.tiktokcdn.com/img/tos-useast2a-v-2774/o4IaTFQzfCAHDaDXIf74AgAAEMeSWEkVGAlFzV~c5_720x720.jpeg,Lux-Inspira,https://v16-webapp-prime.tiktok.com/video/tos/useast2a/tos-useast2a-ve-0068-euttp/osfl8RRpE1DWeaKEZXFukIlMDlG4EQBolNQPoA/?a=1988&bti=ODszNWYuMDE6&ch=0&cr=3&dr=0&lr=all&cd=0%7C0%7C0%7C&cv=1&br=2510&bt=1255&cs=0&ds=3&ft=4fUEKMUm8Zmo0qWv5I4jVVaexpWrKsd.&mime_type=video_mp4&qs=0&rc=PDs5ZWdpZmdlNDdpaDs3aUBpamdzOm45cjw4bzMzZjczM0BeNjE0LV4xXjYxNTY1LzEvYSNmLzBeMmQ0a2FgLS1kMWNzcw%3D%3D&btag=e00088000&expire=1752942730&l=202507180031261CF05A681E36681D5CE3&ply_type=2&policy=2&signature=a5f167ae7734218fff263c85dbacb877&tk=tt_chain_token,https://www.tiktok.com/naelael5/video/7303251674464865569,,422,118,79,101400,jovenlandia‚lujo‚vacaciones‚experienciadelujo‚oportunidadesparajóvenes‚hotelesdelujo‚bienestar‚espqña🇪🇦‚capcut,jovenlandia‚lujo‚vacaciones‚experienciadelujo‚oportunidadesparajóvenes‚hotelesdelujo‚bienestar‚espqña🇪🇦‚CapCut,,,Jóvenes en Jovenlandia: Estancia en Hoteles de Lujo con Pensión Completa”‼️🤡🇪🇸,"Green Screen,Teleprompter,Green Screen Video",
zeeschuimer-export-tiktok.com-2025-07-18T17_45_37.653Z.csv,7384194828109630753,7384194828109630753,insurrectus,Insurrecto García,659,2083,41,https://p77-sign-va.tiktokcdn.com/tos-maliva-avt-0068/7334144779451367430~tplv-tiktokx-cropcenter:100:100.jpeg?dr=14579&refresh_token=8cd69bb8&x-expires=1752940800&x-signature=II8AcuPVqdbFXL8otCtsNGhzv38%3D&t=4d5b0474&ps=13740610&shp=a5d48078&shcp=81f88b70&idc=maliva,#jovenlandia ,Tue Jun 25 2024,1719266844,no,no,sonido original,7384194864647588641,https://v77.tiktokcdn.com/bcba5dafcdc74c27761565c593219f25/687a7713/video/tos/useast2a/tos-useast2a-v-2370-euttp/oI0EiAZ7BoAtuI51nhTcCAiElpHvGrrEAnB6w/?a=1233&bti=ODszNWYuMDE6&ch=0&cr=0&dr=0&er=0&lr=default&cd=0%7C0%7C0%7C0&br=250&bt=125&ds=5&ft=.NpOcInz7ThI4ywKXq8Zmo&mime_type=audio_mpeg&qs=13&rc=MzxqdG85cjp4czMzZjU8M0BpMzxqdG85cjp4czMzZjU8M0AvYTBpMmRrcHBgLS1kMWNzYSMvYTBpMmRrcHBgLS1kMWNzcw%3D%3D&vvpl=1&l=202507180031261CF05A681E36681D5CE3&btag=e00048000&cc=13,https://p77-sign-va.tiktokcdn.com/tos-maliva-avt-0068/7334144779451367430~tplv-tiktokx-cropcenter:1080:1080.jpeg?dr=14579&refresh_token=c76ff66d&x-expires=1752940800&x-signature=X%2B2cWf8ZchmZjzt24SiNnbmFofE%3D&t=4d5b0474&ps=13740610&shp=a5d48078&shcp=81f88b70&idc=maliva,Insurrecto García,https://v16-webapp-prime.tiktok.com/video/tos/useast2a/tos-useast2a-ve-0068c001-euttp/oQEwBFgPtAQiyLnEZgncnBw57TiI7iC04FFlK/?a=1988&bti=ODszNWYuMDE6&ch=0&cr=3&dr=0&lr=all&cd=0%7C0%7C0%7C&cv=1&br=816&bt=408&cs=0&ds=3&ft=4fUEKMUm8Zmo0qWv5I4jVVaexpWrKsd.&mime_type=video_mp4&qs=0&rc=ZmdmZzM0ZzU2NGczM2k8NEBpanJpPGw5cjN4czMzZjczM0AtMl9eYzEwXzExNjVfLzViYSMvazZsMmQ0b3BgLS1kMWNzcw%3D%3D&btag=e00088000&expire=1752942739&l=202507180031261CF05A681E36681D5CE3&ply_type=2&policy=2&signature=40d590fde806cb99fc6d67604b229df7&tk=tt_chain_token,https://www.tiktok.com/insurrectus/video/7384194828109630753,,187,1,22,4692,jovenlandia,jovenlandia,,,Unos jovenlandeses asesinan con un bate de beisbol a quien evitó que cometiran una violación ‚DISFRUTEN LO VOTADO,"Green Screen Video,Green Screen,Teleprompter",
zeeschuimer-export-tiktok.com-2025-07-18T17_45_37.653Z.csv,7437649918317137185,7437649918317137185,rieraplanells,rieraplanells,336,976,1552,https://p77-sign-va.tiktokcdn.com/musically-maliva-obj/1594805258216454~tplv-tiktokx-cropcenter:100:100.jpeg?dr=14579&refresh_token=aeb63a0e&x-expires=1752940800&x-signature=aoYP%2FO51t56YXRz3dZJa%2BHknTcY%3D&t=4d5b0474&ps=13740610&shp=a5d48078&shcp=81f88b70&idc=maliva,#pov #llegada #jovenlandia #pt #parati #jovenlandeses #T1 #bcn #terminal1 #aeroportdelprat✈️ #fyp #meriendadenegros #foru #humornegro #humor #parati ,Sat Nov 16 2024,1731712835,no,no,original sound - Trippy,7384069110218492704,https://v77.tiktokcdn.com/b91ef6d1a52f9438e72ba971c03ef9e2/687a76f2/video/tos/useast2a/tos-useast2a-v-2370-euttp/okTQeYeEgEdNG88eTLekvMGEzq8rOIo073w1Jy/?a=1233&bti=ODszNWYuMDE6&ch=0&cr=0&dr=0&er=0&lr=default&cd=0%7C0%7C0%7C0&br=250&bt=125&ft=.NpOcInz7ThI4ywKXq8Zmo&mime_type=audio_mpeg&qs=6&rc=OzxoNGg1ZDxlODUzaWVmPEBpamlqbHk5cmhxczMzZjU8M0A1M2IvLS9fNTMxLjEwMDI2YSMwbjY0MmRra3BgLS1kMWNzcw%3D%3D&vvpl=1&l=202507180031261CF05A681E36681D5CE3&btag=e000b8000&cc=13,https://p77-sign-va.tiktokcdn.com/tos-maliva-avt-0068/e44e50f6f696dd11144f002d3a2ad428~tplv-tiktokx-cropcenter:1080:1080.jpeg?dr=14579&refresh_token=a6cc7cf6&x-expires=1752940800&x-signature=bOjcpBYqYCi8WvRnWzseZrbvpWg%3D&t=4d5b0474&ps=13740610&shp=a5d48078&shcp=81f88b70&idc=maliva,Trippy,https://v16-webapp-prime.tiktok.com/video/tos/useast2a/tos-useast2a-ve-0068-euttp/oEzTnoM9GAdIfAiIwhuEBllQBmCQoFP7YWcBiD/?a=1988&bti=ODszNWYuMDE6&ch=0&cr=3&dr=0&lr=all&cd=0%7C0%7C0%7C&cv=1&br=2974&bt=1487&cs=0&ds=3&ft=4fUEKMUm8Zmo0qWv5I4jVVaexpWrKsd.&mime_type=video_mp4&qs=0&rc=NTo7NDRkOzo3N2ZpN2dlPEBpanc1amo5cjl3djMzZjczM0AtYzI2LzZfNTExLTM2YS9hYSMucF5yMmQ0YG9gLS1kMWNzcw%3D%3D&btag=e000b0000&expire=1752942694&l=202507180031261CF05A681E36681D5CE3&ply_type=2&policy=2&signature=a329997436466af93f53a97235ab462f&tk=tt_chain_token,https://www.tiktok.com/rieraplanells/video/7437649918317137185,,21,3,1,6146,pov‚llegada‚jovenlandia‚pt‚parati‚jovenlandeses‚t1‚bcn‚terminal1‚aeroportdelprat✈️‚fyp‚meriendadenegros‚foru‚humornegro‚humor‚parati,pov‚llegada‚jovenlandia‚pt‚parati‚jovenlandeses‚t1‚bcn‚terminal1‚aeroportdelprat✈️‚fyp‚meriendadenegros‚foru‚humornegro‚humor,,,Pov: llegas a Jovenlandia.,"Green Screen Video,Green Screen,Teleprompter",
zeeschuimer-export-tiktok.com-2025-07-18T17_45_37.653Z.csv,7472906118755388694,7472906118755388694,sentidocomun73,SENTIDO COMÚN,33900,813,455,https://p16-common-sign-useastred.tiktokcdn-eu.com/tos-useast2a-avt-0068-euttp/56857035c2baeca96aa00955a3906531~tplv-tiktokx-cropcenter:100:100.jpeg?dr=14579&refresh_token=71bef6fa&x-expires=1752940800&x-signature=4RDRe6fYYRTI2UR5pyvr0pLHDn8%3D&t=4d5b0474&ps=13740610&shp=a5d48078&shcp=81f88b70&idc=maliva,Cuanto te quieren‚Pedro Sánchez. #inmigrantes #pedrosanchez #jovenlandeses #paratiiiiiiiiiiiiiiiiiiiiiiiiiiiiiii #foryour ,Wed Feb 19 2025,1739921553,no,no,sonido original,7472906122106653462,https://v77.tiktokcdn.com/cda41abcc92d76099ae8ac654ac65929/687a770b/video/tos/no1a/tos-no1a-v-2370-no/oUm4XAJZZCpRGYtWAll5iSCEAABiP7Y1HYBUE/?a=1233&bti=ODszNWYuMDE6&ch=0&cr=0&dr=0&er=0&lr=default&cd=0%7C0%7C0%7C0&br=250&bt=125&ds=5&ft=.NpOcInz7ThI4ywKXq8Zmo&mime_type=audio_mpeg&qs=13&rc=M3N0bnI5cjhreDMzbzU8NUBpM3N0bnI5cjhreDMzbzU8NUBgZ2BqMmQ0ZW5gLS1kMTFzYSNgZ2BqMmQ0ZW5gLS1kMTFzcw%3D%3D&vvpl=1&l=202507180031261CF05A681E36681D5CE3&btag=e00048000&cc=13,https://p16-common-sign-useastred.tiktokcdn-eu.com/tos-useast2a-avt-0068-euttp/56857035c2baeca96aa00955a3906531~tplv-tiktokx-cropcenter:1080:1080.jpeg?dr=14579&refresh_token=f7efd7d2&x-expires=1752940800&x-signature=PLTzOeaOmMzcSn36KjtBPIkL6js%3D&t=4d5b0474&ps=13740610&shp=a5d48078&shcp=81f88b70&idc=maliva,SENTIDO COMÚN,https://v16-webapp-prime.tiktok.com/video/tos/no1a/tos-no1a-ve-0068c001-no/ooGaIQ7IGbJAjDGfAIeJAwgfzLRrIPLID0wjH1/?a=1988&bti=ODszNWYuMDE6&ch=0&cr=3&dr=0&lr=all&cd=0%7C0%7C0%7C&cv=1&br=1664&bt=832&cs=0&ds=3&ft=4fUEKMUm8Zmo0qWv5I4jVVaexpWrKsd.&mime_type=video_mp4&qs=0&rc=aDhpNzM7aDhkM2Q8Nzw5OUBpM3l1OXc5cjpreDMzbzczNUA1MWEtLTAzNV8xL2FgMS4tYSNwbWovMmRjZG5gLS1kMTFzcw%3D%3D&btag=e00088000&expire=1752942731&l=202507180031261CF05A681E36681D5CE3&ply_type=2&policy=2&signature=3534ce5b2f709221e04428ca0383f466&tk=tt_chain_token,https://www.tiktok.com/sentidocomun73/video/7472906118755388694,,1994,118,999,99400,inmigrantes‚pedrosanchez‚jovenlandeses‚paratiiiiiiiiiiiiiiiiiiiiiiiiiiiiiii‚foryour,inmigrantes‚pedrosanchez‚jovenlandeses‚paratiiiiiiiiiiiiiiiiiiiiiiiiiiiiiii‚foryour,,,,"Green Screen Video,Green Screen,Teleprompter",
zeeschuimer-export-tiktok.com-2025-07-18T17_45_37.653Z.csv,7487322271133011222,7487322271133011222,kiwwihub,KiwwiHub,1829,1100,1256,https://p16-sign-useast2a.tiktokcdn.com/tos-useast2a-avt-0068-euttp/9f7086648b6852731d6cacd46ac153c4~tplv-tiktokx-cropcenter:100:100.jpeg?dr=14579&refresh_token=2f4fc0bb&x-expires=1752940800&x-signature=FU64kVqUaagMM3jOKGUpH%2FdZE7M%3D&t=4d5b0474&ps=13740610&shp=a5d48078&shcp=81f88b70&idc=maliva,Nunca lo hubiera imaginado #jovenlandia #marruecos #amego ,Sat Mar 29 2025,1743278067,no,no,sonido original,7487322257179855638,https://v77.tiktokcdn.com/d66919a5061632b4cfbe335208041076/687a76fe/video/tos/no1a/tos-no1a-v-2370-no/osno4EgDAHAD7fZFfAPTLAErIIQRf0I5J1WHSI/?a=1233&bti=ODszNWYuMDE6&ch=0&cr=0&dr=0&er=0&lr=default&cd=0%7C0%7C0%7C0&br=250&bt=125&ds=5&ft=.NpOcInz7ThI4ywKXq8Zmo&mime_type=audio_mpeg&qs=13&rc=MzZwNW85cnc3eTMzbzU8NUBpMzZwNW85cnc3eTMzbzU8NUBsbTRmMmRjc2hgLS1kMTFzYSNsbTRmMmRjc2hgLS1kMTFzcw%3D%3D&vvpl=1&l=202507180031261CF05A681E36681D5CE3&btag=e00048000&cc=13,https://p16-sign-useast2a.tiktokcdn.com/tos-useast2a-avt-0068-euttp/9f7086648b6852731d6cacd46ac153c4~tplv-tiktokx-cropcenter:1080:1080.jpeg?dr=14579&refresh_token=bd6a249e&x-expires=1752940800&x-signature=HrQh8Xj%2FaltUmQREilR%2BGwcLVQ8%3D&t=4d5b0474&ps=13740610&shp=a5d48078&shcp=81f88b70&idc=maliva,KiwwiHub,https://webapp-i18n.tiktok.com/1a2d65f68fa50bb5e15b8af60a079a55/687bc87e/kmoat/mps/logo/v2/r/p/v24044gl0000cvk4vsfog65gslrr791g/f7ae48c8b3784ab28c317e0ab7518abf/78bdbbace5ef3bea20694f89f14216dd/mp4/main.mp4?a=1988&bti=ODszNWYuMDE6&ch=0&cr=3&dr=0&lr=all&cd=0%7C0%7C0%7C&cv=1&br=0&bt=0&cs=0&ds=3&eid=1286&ft=4YBg3MUm8Zmo0qWv5I4jVVaexpWrKsd.&mime_type=video_mp4&qs=0&rc=cnF8b2hsc2d3SkBwaHIxaDFybndmaWQ0OmRoNGY1ZDs2OztoOkBpajx1b2o5cnY3eTMzbzczNUBjRl5Nc3FePmJKYSNvYF90aHFmOiNfNTJfLTQwNV8xNF9gMV5jYSMuNG9wMmRjc2hgLS1kMTFzcw%3D%3D&btag=e00088000&definition=720p&du=31&item_id=7487322271133011222&l=202507180031261CF05A681E36681D5CE3&logo_type=tiktok_m&ply_type=2&policy=eyJ2bSI6MiwiY2siOiJ0dF9jaGFpbl90b2tlbiJ9&user_text=kiwwihub,https://www.tiktok.com/kiwwihub/video/7487322271133011222,,124,6,32,3395,jovenlandia‚marruecos‚amego,jovenlandia‚marruecos‚amego,,,,"Green Screen Video,Green Screen,Teleprompter",
zeeschuimer-export-tiktok.com-2025-07-18T17_45_37.653Z.csv,7517632323538439446,7517632323538439446,tomasalami29,tomasalami,391,152,37,https://p16-sign-va.tiktokcdn.com/tos-maliva-avt-0068/a847bab5a78b94e16cb04b5ee417b7a4~tplv-tiktokx-cropcenter:100:100.jpeg?dr=14579&refresh_token=c70b6b53&x-expires=1752940800&x-signature=x6xRNy0VXtyEjmcOOONd9l24QSY%3D&t=4d5b0474&ps=13740610&shp=a5d48078&shcp=81f88b70&idc=maliva,abdu #humor #fyp #marruecos #españa #jovenlandia #mena #tevasaentelal ,Thu Jun 19 2025,1750335178,no,no,sonido original,7517632312324279062,https://v77.tiktokcdn.com/92577ff59c37e91140218cc0d88abc3c/687a76f8/video/tos/no1a/tos-no1a-v-2370-no/oEDLAExA7IfpMFnowIwfC9nsOlAcDTABnQIfEL/?a=1233&bti=ODszNWYuMDE6&ch=0&cr=0&dr=0&er=0&lr=default&cd=0%7C0%7C0%7C0&br=250&bt=125&ds=5&ft=.NpOcInz7ThI4ywKXq8Zmo&mime_type=audio_mpeg&qs=13&rc=M3J1PHI5cm15NDMzbzU8NUBpM3J1PHI5cm15NDMzbzU8NUA0MmNkMmQ0cTZhLS1kMTFzYSM0MmNkMmQ0cTZhLS1kMTFzcw%3D%3D&vvpl=1&l=202507180031261CF05A681E36681D5CE3&btag=e00078000&cc=13,https://p77-sign-va.tiktokcdn.com/tos-maliva-avt-0068/a847bab5a78b94e16cb04b5ee417b7a4~tplv-tiktokx-cropcenter:1080:1080.jpeg?dr=14579&refresh_token=836780f1&x-expires=1752940800&x-signature=on2NePZbT66zKun%2FNExsDEQng5c%3D&t=4d5b0474&ps=13740610&shp=a5d48078&shcp=81f88b70&idc=maliva,tomasalami,https://v16-webapp-prime.tiktok.com/video/tos/no1a/tos-no1a-ve-0068c001-no/oQhnahAIEKDApIwFfYDByQf61GRLjIgEQbtWfJ/?a=1988&bti=ODszNWYuMDE6&ch=0&cr=3&dr=0&lr=all&cd=0%7C0%7C0%7C&cv=1&br=1946&bt=973&cs=0&ds=3&ft=4fUEKMUm8Zmo0qWv5I4jVVaexpWrKsd.&mime_type=video_mp4&qs=0&rc=Nzo3ODQ0Z2Y0aTVlO2doN0BpamU1O3Q5cjV5NDMzbzczNUBfYl5hYl4zNS8xLzReMGI2YSMzNjNoMmRrcTZhLS1kMTFzcw%3D%3D&btag=e000b8000&expire=1752942712&l=202507180031261CF05A681E36681D5CE3&ply_type=2&policy=2&signature=9946d213b219897ee44d2d5711ca0d45&tk=tt_chain_token,https://www.tiktok.com/tomasalami29/video/7517632323538439446,,20200,137,10200,295000,humor‚fyp‚marruecos‚españa‚jovenlandia‚mena‚tevasaentelal,humor‚fyp‚marruecos‚españa‚jovenlandia‚mena‚tevasaentelal,,,,"Green Screen Video,Green Screen,Teleprompter",
zeeschuimer-export-tiktok.com-2025-07-18T17_45_37.653Z.csv,7459090329635982625,7459090329635982625,virginia.vm,Virginia,4129,261,68,https://p16-sign-useast2a.tiktokcdn.com/tos-useast2a-avt-0068-euttp/7253137209107152922~tplv-tiktokx-cropcenter:100:100.jpeg?dr=14579&refresh_token=b87cdf48&x-expires=1752940800&x-signature=DMiy7iEo6QXbXWboyXSTSXo2sIM%3D&t=4d5b0474&ps=13740610&shp=a5d48078&shcp=81f88b70&idc=maliva,"Otro caso aislado más de agresión grupal por unos jóvenes de ""jovenlandia"".  #FronterasSegurasYa #fronterassegurasbarriosseguros ",Sun Jan 12 2025,1736704808,no,no,"10 minutes, meditation, sleep, mindfulness, night(951759)",6925814448502343682,https://sf16-ies-music-va.tiktokcdn.com/obj/tos-useast2a-ve-2774/oIFQ4fAUfem7zjMJztzCIXaBAghpDVQUmGZXIT,https://p16-amd-va.tiktokcdn.com/img/tos-useast2a-v-2774/43faa110cb7545508bcb8448e005da2d~c5_720x720.jpeg,Gloveity,https://v16-webapp-prime.tiktok.com/video/tos/useast2a/tos-useast2a-ve-0068c001-euttp/osTXEYQJDBDw4ANxbIDEvIIQiB4iZEVBT0Q6l/?a=1988&bti=ODszNWYuMDE6&ch=0&cr=3&dr=0&lr=all&cd=0%7C0%7C0%7C&cv=1&br=1482&bt=741&cs=0&ds=3&ft=4fUEKMUm8Zmo0qWv5I4jVVaexpWrKsd.&mime_type=video_mp4&qs=0&rc=OzRnPGk0N2ZnN2Q0NWUzNEBpajw0c2s5cjQzeDMzZjczM0BgYGNjX2M0NWIxNS9iNjEzYSMuZDZfMmRrMy9gLS1kMWNzcw%3D%3D&btag=e00090000&expire=1752942831&l=202507180031261CF05A681E36681D5CE3&ply_type=2&policy=2&signature=41c7b98ae90603a197565cf486db7faf&tk=tt_chain_token,https://www.tiktok.com/virginia.vm/video/7459090329635982625,,12400,1082,2729,66400,fronterassegurasya‚fronterassegurasbarriosseguros,fronterassegurasya‚fronterassegurasbarriosseguros,,,,"Green Screen Video,Green Screen,Teleprompter",
zeeschuimer-export-tiktok.com-2025-07-18T17_45_37.653Z.csv,7520352256638586134,7520352256638586134,antisistema533,Antisistema,236,403,41,https://p77-sign-va.tiktokcdn.com/tos-maliva-avt-0068/56bf628795d93586b41565c850c22ae0~tplv-tiktokx-cropcenter:100:100.jpeg?dr=14579&refresh_token=bbca5549&x-expires=1752940800&x-signature=haiOF8Rdq%2BBMuLEw1bWIh91yphc%3D&t=4d5b0474&ps=13740610&shp=a5d48078&shcp=81f88b70&idc=maliva,#catalunya #catalunyatiktok #jovelandia #politique #paratiiiiiiiiiiiiiiiiiiiiiiiiiiiiiii #verguenzaajena #mena #corruption #españatiktok @cansado del sistema ,Thu Jun 26 2025,1750968459,no,no,sonido original,7520352270246103830,https://v58.tiktokcdn.com/video/tos/no1a/tos-no1a-v-2370-no/oAQY2EBlPAqBCY00AavAkCMZhAdoiiFCESBJC/?a=1233&bti=ODszNWYuMDE6&ch=0&cr=0&dr=0&er=0&lr=default&cd=0%7C0%7C0%7C0&br=250&bt=125&ds=5&ft=.NpOcInz7ThI4ywKXq8Zmo&mime_type=audio_mpeg&qs=13&rc=M3I4Z245cjd0NDMzbzU8NUBpM3I4Z245cjd0NDMzbzU8NUAuMTEzMmQ0ZWJhLS1kMTFzYSMuMTEzMmQ0ZWJhLS1kMTFzcw%3D%3D&vvpl=1&l=202507180031261CF05A681E36681D5CE3&VExpiration=1752856436&VSignature=kzyrCjgpPpIvzR3vaAZIgQ&btag=e00050000&cc=14,https://p77-sign-va.tiktokcdn.com/tos-maliva-avt-0068/56bf628795d93586b41565c850c22ae0~tplv-tiktokx-cropcenter:1080:1080.jpeg?dr=14579&refresh_token=64248390&x-expires=1752940800&x-signature=dd0%2B3QBI4nLKoOyxfQaA7gm3RAI%3D&t=4d5b0474&ps=13740610&shp=a5d48078&shcp=81f88b70&idc=maliva,Antisistema,https://v16-webapp-prime.tiktok.com/video/tos/no1a/tos-no1a-ve-0068c001-no/o4OMhxgIQEnKSQcFaAoEeDDBXIqNk4wfgAKFCR/?a=1988&bti=ODszNWYuMDE6&ch=0&cr=3&dr=0&lr=all&cd=0%7C0%7C0%7C&cv=1&br=1572&bt=786&cs=0&ds=3&ft=4fUEKMUm8Zmo0qWv5I4jVVaexpWrKsd.&mime_type=video_mp4&qs=0&rc=aDczNjhkZjdmMzNoZ2hpaUBpM21va3I5cm10NDMzbzczNUAuMl5hLi42XzMxYzEyLmBgYSNmbGhmMmQ0ZGJhLS1kMTFzcw%3D%3D&btag=e00090000&expire=1752942836&l=202507180031261CF05A681E36681D5CE3&ply_type=2&policy=2&signature=732e928d33a25b3332731baaaf76512b&tk=tt_chain_token,https://www.tiktok.com/antisistema533/video/7520352256638586134,,219,17,22,3004,catalunya‚catalunyatiktok‚jovelandia‚politique‚paratiiiiiiiiiiiiiiiiiiiiiiiiiiiiiii‚verguenzaajena‚mena‚corruption‚españatiktok,catalunya‚catalunyatiktok‚jovelandia‚politique‚paratiiiiiiiiiiiiiiiiiiiiiiiiiiiiiii‚verguenzaajena‚mena‚corruption‚españatiktok,,,,"Green Screen Video,Green Screen,Teleprompter",
zeeschuimer-export-tiktok.com-2025-07-18T17_45_37.653Z.csv,7467550462355475734,7467550462355475734,divergentedigitaloficial,Divergente Digital,85100,797,1249,https://p16-sign-useast2a.tiktokcdn.com/tos-useast2a-avt-0068-euttp/6d2bf74c23199840bbb354dcad17db50~tplv-tiktokx-cropcenter:100:100.jpeg?dr=14579&refresh_token=d37dfb42&x-expires=1752940800&x-signature=LfyvKiA3thGOBSei1s%2Fgwen5ZCM%3D&t=4d5b0474&ps=13740610&shp=a5d48078&shcp=81f88b70&idc=maliva,POV: DOCTOR DE JOVENLANDIA EN MELILLA 🚨,Tue Feb 04 2025,1738674585,no,no,sonido original,7467550457454955286,https://v77.tiktokcdn.com/2aadc337639e37984121234cd1823c2a/687a76f0/video/tos/no1a/tos-no1a-v-2370-no/oACUAzQA0KjiK8iE5FEANvByIEwfTNyiAC0EZB/?a=1233&bti=ODszNWYuMDE6&ch=0&cr=0&dr=0&er=0&lr=default&cd=0%7C0%7C0%7C0&br=250&bt=125&ds=5&ft=.NpOcInz7ThI4ywKXq8Zmo&mime_type=audio_mpeg&qs=13&rc=ajgzOGw5cjk0eDMzbzU8NUBpajgzOGw5cjk0eDMzbzU8NUA2aC5uMmRzMGVgLS1kMTFzYSM2aC5uMmRzMGVgLS1kMTFzcw%3D%3D&vvpl=1&l=202507180031261CF05A681E36681D5CE3&btag=e00078000&cc=13,https://p16-sign-useast2a.tiktokcdn.com/tos-useast2a-avt-0068-euttp/6d2bf74c23199840bbb354dcad17db50~tplv-tiktokx-cropcenter:1080:1080.jpeg?dr=14579&refresh_token=4371e593&x-expires=1752940800&x-signature=b0WOH5siCxKIrZn2Xq23T3FXO3E%3D&t=4d5b0474&ps=13740610&shp=a5d48078&shcp=81f88b70&idc=maliva,Divergente Digital,https://v16-webapp-prime.tiktok.com/video/tos/no1a/tos-no1a-ve-0068c001-no/o0iCs5A7iBPCIs06BYHOZ9EiIQnBab9cPZEsE/?a=1988&bti=ODszNWYuMDE6&ch=0&cr=3&dr=0&lr=all&cd=0%7C0%7C0%7C&cv=1&br=2500&bt=1250&cs=0&ds=3&ft=4fUEKMUm8Zmo0qWv5I4jVVaexpWrKsd.&mime_type=video_mp4&qs=0&rc=Zjg5OTo8PDY2ZjY3OTg7NkBpM3dtdW45cnMzeDMzbzczNUA2MzU1YjQ1XmMxMDUvYWIzYSNqazByMmQ0c2VgLS1kMTFzcw%3D%3D&btag=e000b8000&expire=1752942704&l=202507180031261CF05A681E36681D5CE3&ply_type=2&policy=2&signature=01360a5b30c08835b548f9961a5b1140&tk=tt_chain_token,https://www.tiktok.com/divergentedigitaloficial/video/7467550462355475734,,14600,531,1222,281600,,,,,POV: DOCTOR DE JOVENLANDIA EN MELILLA,"Green Screen Video,Green Screen,Teleprompter",
zeeschuimer-export-tiktok.com-2025-07-18T17_45_37.653Z.csv,7317692861372189984,7317692861372189984,insurrectus,Insurrecto García,659,2083,41,https://p77-sign-va.tiktokcdn.com/tos-maliva-avt-0068/7334144779451367430~tplv-tiktokx-cropcenter:100:100.jpeg?dr=14579&refresh_token=8cd69bb8&x-expires=1752940800&x-signature=II8AcuPVqdbFXL8otCtsNGhzv38%3D&t=4d5b0474&ps=13740610&shp=a5d48078&shcp=81f88b70&idc=maliva,#jovenlandia ,Thu Dec 28 2023,1703783150,no,no,sonido original,7317692906928196384,https://v77.tiktokcdn.com/011f9aae5771b1f9f99a5f435072d040/687a7729/video/tos/useast2a/tos-useast2a-v-2370-euttp/oAIAQede1eQQofoThqGLXALXQAtGrIgGE50H2E/?a=1233&bti=ODszNWYuMDE6&ch=0&cr=0&dr=0&er=0&lr=default&cd=0%7C0%7C0%7C0&br=250&bt=125&ds=5&ft=.NpOcInz7ThI4ywKXq8Zmo&mime_type=audio_mpeg&qs=13&rc=M247eHc5cnZ0cDMzZjU8M0BpM247eHc5cnZ0cDMzZjU8M0AvcGsvMmQ0aTNgLS1kMWNzYSMvcGsvMmQ0aTNgLS1kMWNzcw%3D%3D&vvpl=1&l=202507180031261CF05A681E36681D5CE3&btag=e00050000&cc=13,https://p77-sign-va.tiktokcdn.com/tos-maliva-avt-0068/7334144779451367430~tplv-tiktokx-cropcenter:1080:1080.jpeg?dr=14579&refresh_token=c76ff66d&x-expires=1752940800&x-signature=X%2B2cWf8ZchmZjzt24SiNnbmFofE%3D&t=4d5b0474&ps=13740610&shp=a5d48078&shcp=81f88b70&idc=maliva,Insurrecto García,https://v16-webapp-prime.tiktok.com/video/tos/useast2a/tos-useast2a-ve-0068-euttp/oUZmBzW2ElpG0YHIdGPwNqZvciqAqiQBO8TEL/?a=1988&bti=ODszNWYuMDE6&ch=0&cr=3&dr=0&lr=all&cd=0%7C0%7C0%7C&cv=1&br=1568&bt=784&cs=0&ds=3&ft=4fUEKMUm8Zmo0qWv5I4jVVaexpWrKsd.&mime_type=video_mp4&qs=0&rc=Mzk1OjVmNGRnOjs2Zjg1NEBpM3BoNXY5cjx0cDMzZjczM0BfYF4zMjMyXmExLS4yM2JhYSNiXnIwMmQ0aTNgLS1kMWNzcw%3D%3D&btag=e00090000&expire=1752942761&l=202507180031261CF05A681E36681D5CE3&ply_type=2&policy=2&signature=dd479ed281a3bd2a063542316d9ef13d&tk=tt_chain_token,https://www.tiktok.com/insurrectus/video/7317692861372189984,,415,31,19,80700,jovenlandia,jovenlandia,,,un JOVEN de   JOVENLANDIA ,"Green Screen,Teleprompter,Green Screen Video",
zeeschuimer-export-tiktok.com-2025-07-18T17_45_37.653Z.csv,7473947076867443990,7473947076867443990,divergentedigitaloficial,Divergente Digital,85100,797,1249,https://p16-sign-useast2a.tiktokcdn.com/tos-useast2a-avt-0068-euttp/6d2bf74c23199840bbb354dcad17db50~tplv-tiktokx-cropcenter:100:100.jpeg?dr=14579&refresh_token=d37dfb42&x-expires=1752940800&x-signature=LfyvKiA3thGOBSei1s%2Fgwen5ZCM%3D&t=4d5b0474&ps=13740610&shp=a5d48078&shcp=81f88b70&idc=maliva,POV: DOCTOR DE JOVENLANDIA ESCONDE UTENSILIO CLÍNICO 😁,Fri Feb 21 2025,1740165000,no,no,sonido original - Divergente Digital,7473947118933379862,https://v77.tiktokcdn.com/3b8e8d054b3e99cbc58037f5622d7ad9/687a7742/video/tos/no1a/tos-no1a-v-2370-no/ogJtMQkDnBywcgHFEBhMgCIiUFf4fuLgSJM1GM/?a=1233&bti=ODszNWYuMDE6&ch=0&cr=0&dr=0&er=0&lr=default&cd=0%7C0%7C0%7C0&br=250&bt=125&ft=.NpOcInz7ThI4ywKXq8Zmo&mime_type=audio_mpeg&qs=6&rc=Z2c2NzZnPDxmaDs3OGg1ZEBpanZ2bHI5cm1meDMzbzU8NUA2XzM2YDUtNS4xLS9iLmBeYSMxYl81MmQ0anBgLS1kMTFzcw%3D%3D&vvpl=1&l=202507180031261CF05A681E36681D5CE3&btag=e00090000&cc=13,https://p16-sign-useast2a.tiktokcdn.com/tos-useast2a-avt-0068-euttp/6d2bf74c23199840bbb354dcad17db50~tplv-tiktokx-cropcenter:1080:1080.jpeg?dr=14579&refresh_token=4371e593&x-expires=1752940800&x-signature=b0WOH5siCxKIrZn2Xq23T3FXO3E%3D&t=4d5b0474&ps=13740610&shp=a5d48078&shcp=81f88b70&idc=maliva,Divergente Digital,https://v16-webapp-prime.tiktok.com/video/tos/no1a/tos-no1a-ve-0068-no/o0ZXyQ5pxINlPwEU7Y1iZBljBPhhGOi4AG6AK/?a=1988&bti=ODszNWYuMDE6&ch=0&cr=3&dr=0&lr=all&cd=0%7C0%7C0%7C&cv=1&br=2360&bt=1180&cs=0&ds=3&ft=4fUEKMUm8Zmo0qWv5I4jVVaexpWrKsd.&mime_type=video_mp4&qs=0&rc=NDRkZzZoNGc1NTs3aDVnZ0BpamlwdGo5cnFmeDMzbzgzNUBfYjMtXi5iNjUxNWFgNDYzYSNkL2AzMmQ0aHBgLS1kLzFzcw%3D%3D&btag=e00090000&expire=1752942786&l=202507180031261CF05A681E36681D5CE3&ply_type=2&policy=2&signature=df8bd43dede20e6c3a7f62ada7cd076c&tk=tt_chain_token,https://www.tiktok.com/divergentedigitaloficial/video/7473947076867443990,,1723,156,83,59400,,,,,,"Green Screen Video,Green Screen,Teleprompter",
zeeschuimer-export-tiktok.com-2025-07-18T17_45_37.653Z.csv,7516590022154308886,7516590022154308886,sinmiedo2030_,2030sinmiedo,2413,8415,4,https://p16-sign-va.tiktokcdn.com/tos-maliva-avt-0068/5863646c749e6f27801a449e38c0c4a0~tplv-tiktokx-cropcenter:100:100.jpeg?dr=14579&refresh_token=943716e3&x-expires=1752940800&x-signature=Yuhe4k%2BAcLmQgRVWaPe%2BXF%2BybN4%3D&t=4d5b0474&ps=13740610&shp=a5d48078&shcp=81f88b70&idc=maliva,#jan2030 #tilojoropremo #jovenlandeses #parati,Mon Jun 16 2025,1750092497,no,no,sonido original,7516590028301060886,https://v77.tiktokcdn.com/e937249be767b6e928ac9d7e98d1c0a2/687a76f2/video/tos/no1a/tos-no1a-v-2370-no/oYwrIkQ9TDCalSAcAEF0FJoACUsgRBGUIwfegE/?a=1233&bti=ODszNWYuMDE6&ch=0&cr=0&dr=0&er=0&lr=default&cd=0%7C0%7C0%7C0&br=250&bt=125&ds=5&ft=.NpOcInz7ThI4ywKXq8Zmo&mime_type=audio_mpeg&qs=13&rc=Mzs0ZHQ5cm43NDMzbzU8NUBpMzs0ZHQ5cm43NDMzbzU8NUBoYF9jMmRzaTVhLS1kMTFzYSNoYF9jMmRzaTVhLS1kMTFzcw%3D%3D&vvpl=1&l=202507180031261CF05A681E36681D5CE3&btag=e00078000&cc=13,https://p77-sign-va.tiktokcdn.com/tos-maliva-avt-0068/5863646c749e6f27801a449e38c0c4a0~tplv-tiktokx-cropcenter:1080:1080.jpeg?dr=14579&refresh_token=a0a72b7d&x-expires=1752940800&x-signature=qmaSUcLRQNqxF8tLiY1lQYOAG9o%3D&t=4d5b0474&ps=13740610&shp=a5d48078&shcp=81f88b70&idc=maliva,2030sinmiedo,https://v16-webapp-prime.tiktok.com/video/tos/no1a/tos-no1a-ve-0068c001-no/oEEtQCREIFAftE1QQoignYtPkBFpFSUDEY4Tsf/?a=1988&bti=ODszNWYuMDE6&ch=0&cr=3&dr=0&lr=all&cd=0%7C0%7C0%7C&cv=1&br=2152&bt=1076&cs=0&ds=3&ft=4fUEKMUm8Zmo0qWv5I4jVVaexpWrKsd.&mime_type=video_mp4&qs=0&rc=aWY5NjY5aDs5ODo3aTlpZkBpMzgzc3k5cm43NDMzbzczNUBgLjFjLS8zXy0xNDFiYTBeYSNgcm5qMmRzaDVhLS1kMTFzcw%3D%3D&btag=e000b8000&expire=1752942706&l=202507180031261CF05A681E36681D5CE3&ply_type=2&policy=2&signature=e397fa6c013fd3804938c822f98efe8e&tk=tt_chain_token,https://www.tiktok.com/sinmiedo2030_/video/7516590022154308886,,25900,1122,1728,579400,jan2030‚tilojoropremo‚jovenlandeses‚parati,jan2030‚tilojoropremo‚jovenlandeses‚parati,,,qué españa más guapa está quedando,"Green Screen Video,Green Screen,Teleprompter",
zeeschuimer-export-tiktok.com-2025-07-18T17_45_37.653Z.csv,7289377725238791456,7289377725238791456,soyunmonor,Soy Un Mono,172200,1594,851,https://p16-common-sign-useastred.tiktokcdn-eu.com/tos-useast2a-avt-0068-giso/dd0b1a20eca48c4525ce92b9f877803c~tplv-tiktokx-cropcenter:100:100.jpeg?dr=14579&refresh_token=d7a3595c&x-expires=1752940800&x-signature=YiFtRnpv2BWY2woAA9dzYwE4jM0%3D&t=4d5b0474&ps=13740610&shp=a5d48078&shcp=81f88b70&idc=maliva,#ysi #disney #pixar #estrenos #parodia #Meme #fyp #Viral #parati #paratii #paratiiiiiiiiiiiiiiiiiiiiiiiiiiiiiii #soyunmono #dibujosanimados #dibujos #jovenlandia #jovenes ,Fri Oct 13 2023,1697190514,no,no,sonido original,7289377739839245089,https://v58.tiktokcdn.com/video/tos/useast2a/tos-useast2a-v-2370-euttp/o8BhAnzpOiyEtAOANAzIIE5cnlEEhkfoAJjK9T/?a=1233&bti=ODszNWYuMDE6&ch=0&cr=0&dr=0&er=0&lr=default&cd=0%7C0%7C0%7C0&br=250&bt=125&ds=5&ft=.NpOcInz7ThI4ywKXq8Zmo&mime_type=audio_mpeg&qs=13&rc=am1mN2c6ZnZrbjMzZjU8M0Bpam1mN2c6ZnZrbjMzZjU8M0ByZXBlcjRvMWhgLS1kMWNzYSNyZXBlcjRvMWhgLS1kMWNzcw%3D%3D&vvpl=1&l=202507180031261CF05A681E36681D5CE3&VExpiration=1752856294&VSignature=51ZvzAx3PqJezoSsqFVfJw&btag=e00070000&cc=14,https://p16-common-sign-useastred.tiktokcdn-eu.com/tos-useast2a-avt-0068-giso/dd0b1a20eca48c4525ce92b9f877803c~tplv-tiktokx-cropcenter:1080:1080.jpeg?dr=14579&refresh_token=287f605a&x-expires=1752940800&x-signature=XE9DYvYNR7Be0F1MQdt7wSKHLws%3D&t=4d5b0474&ps=13740610&shp=a5d48078&shcp=81f88b70&idc=maliva,Soy Un Mono,https://webapp-i18n.tiktok.com/4e7a57923bfc38dbd356f0cc3820bb2e/687bc866/kmoat/mps/logo/v2/r/p/v0f044gc0000ckkh4hjc77ueealc166g/3d1dd98961af41209ed80c1dfb36eca6/4812776e46c037c7f7396f9220aa85af/mp4/main.mp4?a=1988&bti=ODszNWYuMDE6&ch=0&cr=3&dr=0&lr=all&cd=0%7C0%7C0%7C&cv=1&br=0&bt=0&cs=0&ds=3&eid=1286&ft=4YBg3MUm8Zmo0qWv5I4jVVaexpWrKsd.&mime_type=video_mp4&qs=0&rc=cnF8b2hsc2d3SkBwaHIxaDFybndmOWY5ZWdmO2gzNGk0PDxnZ0BpajlmZGg6ZmtrbjMzZjczM0BjRl5Nc3FePmJKYSNvYF90aHFmOiNeYjBjLi1hNi8xXjM1YS4wYSMzLmlicjRnMWhgLS1kMWNzcw%3D%3D&btag=e000b0000&definition=720p&du=8&item_id=7289377725238791456&l=202507180031261CF05A681E36681D5CE3&logo_type=tiktok_m&ply_type=2&policy=eyJ2bSI6MiwiY2siOiJ0dF9jaGFpbl90b2tlbiJ9&user_text=soyunmonor,https://www.tiktok.com/soyunmonor/video/7289377725238791456,,197,4,13,11300,ysi‚disney‚pixar‚estrenos‚parodia‚meme‚fyp‚viral‚parati‚paratii‚paratiiiiiiiiiiiiiiiiiiiiiiiiiiiiiii‚soyunmono‚dibujosanimados‚dibujos‚jovenlandia‚jovenes,ysi‚disney‚pixar‚estrenos‚parodia‚Meme‚fyp‚Viral‚parati‚paratii‚paratiiiiiiiiiiiiiiiiiiiiiiiiiiiiiii‚soyunmono‚dibujosanimados‚dibujos‚jovenlandia‚jovenes,,,¿Y SI... ?  PARTE 9,"Green Screen Video,Green Screen,Teleprompter",
zeeschuimer-export-tiktok.com-2025-07-18T17_45_37.653Z.csv,7505432077848808726,7505432077848808726,divergentedigitaloficial,Divergente Digital,85100,797,1249,https://p16-sign-useast2a.tiktokcdn.com/tos-useast2a-avt-0068-euttp/6d2bf74c23199840bbb354dcad17db50~tplv-tiktokx-cropcenter:100:100.jpeg?dr=14579&refresh_token=d37dfb42&x-expires=1752940800&x-signature=LfyvKiA3thGOBSei1s%2Fgwen5ZCM%3D&t=4d5b0474&ps=13740610&shp=a5d48078&shcp=81f88b70&idc=maliva,LAS OLIMPIADAS DE JOVENLANDIA EN BARCELONA 🚨,Sat May 17 2025,1747497600,no,no,sonido original - Divergente Digital,7505432086716009238,https://v58.tiktokcdn.com/video/tos/no1a/tos-no1a-v-2370-no/oMQURFoWKBCxFaDcYfIC3kdgEeTaKK99dRaCJY/?a=1233&bti=ODszNWYuMDE6&ch=0&cr=0&dr=0&er=0&lr=default&cd=0%7C0%7C0%7C0&br=250&bt=125&ft=.NpOcInz7ThI4ywKXq8Zmo&mime_type=audio_mpeg&qs=6&rc=OmlkNDk8ZTM2PDtpNjRoZUBpanJubXg5cmlkMzMzbzU8NUAtMDYxXjZiNmMxXzZeXjIwYSNmcTZpMmRjYWhhLS1kMTFzcw%3D%3D&vvpl=1&l=202507180031261CF05A681E36681D5CE3&VExpiration=1752856346&VSignature=GjZKmB89YyxFNALpw5WI6A&btag=e00088000&cc=14,https://p16-sign-useast2a.tiktokcdn.com/tos-useast2a-avt-0068-euttp/6d2bf74c23199840bbb354dcad17db50~tplv-tiktokx-cropcenter:1080:1080.jpeg?dr=14579&refresh_token=4371e593&x-expires=1752940800&x-signature=b0WOH5siCxKIrZn2Xq23T3FXO3E%3D&t=4d5b0474&ps=13740610&shp=a5d48078&shcp=81f88b70&idc=maliva,Divergente Digital,https://v16-webapp-prime.tiktok.com/video/tos/no1a/tos-no1a-ve-0068c001-no/ooGfFiMBAthKOB6AEopC2QnRcGiBF0QywQAoIi/?a=1988&bti=ODszNWYuMDE6&ch=0&cr=3&dr=0&lr=all&cd=0%7C0%7C0%7C&cv=1&br=1824&bt=912&cs=0&ds=3&ft=4fUEKMUm8Zmo0qWv5I4jVVaexpWrKsd.&mime_type=video_mp4&qs=0&rc=ZmQ3aWc3aDRoZzU1ZDloaUBpMzM5O3Q5cnVkMzMzbzgzNUBeNF9iMjIvXjYxM15hYjVjYSNoL2Y1MmRjYGhhLS1kLzFzcw%3D%3D&btag=e00088000&expire=1752942746&l=202507180031261CF05A681E36681D5CE3&ply_type=2&policy=2&signature=d2527901e5b839e644d9dae5da01a28d&tk=tt_chain_token,https://www.tiktok.com/divergentedigitaloficial/video/7505432077848808726,,1777,187,101,41700,,,,,,"Green Screen Video,Green Screen,Teleprompter",
zeeschuimer-export-tiktok.com-2025-07-18T17_45_37.653Z.csv,7375105541967711520,7375105541967711520,benevolianos,Los Benevolianos,18700,5393,66,https://p16-sign-useast2a.tiktokcdn.com/tos-useast2a-avt-0068-euttp/9151fbcb485924f0a3797b32396a4510~tplv-tiktokx-cropcenter:100:100.jpeg?dr=14579&refresh_token=90af40e7&x-expires=1752940800&x-signature=lZzLo7UqNUpEHqFWCgw3dDZRjt8%3D&t=4d5b0474&ps=13740610&shp=a5d48078&shcp=81f88b70&idc=maliva,Vecinos de Son Gotleu (Mallorca) se manifiestan en contra de los jovenlandeses  #parati #foryou #foryoupage #fyp #fypシ #viral #viralvideo #songotleu #mallorca #vox #jovenlandia ,Fri May 31 2024,1717150577,no,no,sonido original,7375105617306454816,https://v77.tiktokcdn.com/4926334dd184932d5e671c3980c7e1ae/687a7738/video/tos/useast2a/tos-useast2a-v-2370-euttp/ogfN3KoROiA7EAVzBLABEoEZvGKBFAhnAB4ELi/?a=1233&bti=ODszNWYuMDE6&ch=0&cr=0&dr=0&er=0&lr=default&cd=0%7C0%7C0%7C0&br=250&bt=125&ds=5&ft=.NpOcInz7ThI4ywKXq8Zmo&mime_type=audio_mpeg&qs=13&rc=ajNyOHI5cnl0czMzZjU8M0BpajNyOHI5cnl0czMzZjU8M0AyaDYvMmRrM2BgLS1kMWNzYSMyaDYvMmRrM2BgLS1kMWNzcw%3D%3D&vvpl=1&l=202507180031261CF05A681E36681D5CE3&btag=e00050000&cc=13,https://p16-sign-useast2a.tiktokcdn.com/tos-useast2a-avt-0068-euttp/9151fbcb485924f0a3797b32396a4510~tplv-tiktokx-cropcenter:1080:1080.jpeg?dr=14579&refresh_token=723b3224&x-expires=1752940800&x-signature=lEo4zT2YHDAlU16nPBG%2B%2Boik8nI%3D&t=4d5b0474&ps=13740610&shp=a5d48078&shcp=81f88b70&idc=maliva,Los Benevolianos,https://v16-webapp-prime.tiktok.com/video/tos/useast2a/tos-useast2a-ve-0068c001-euttp/oIeej0zesEGLX0MgARoYQqAeUVYgjMarGIjmI1/?a=1988&bti=ODszNWYuMDE6&ch=0&cr=3&dr=0&lr=all&cd=0%7C0%7C0%7C&cv=1&br=1946&bt=973&cs=0&ds=3&ft=4fUEKMUm8Zmo0qWv5I4jVVaexpWrKsd.&mime_type=video_mp4&qs=0&rc=aTU2N2doaDY5aDNpOzU3aEBpajhxcG45cjl0czMzZjczM0AzMy9iYC02XzUxY2JeMi1fYSMuaGovMmRjM2BgLS1kMWNzcw%3D%3D&btag=e00090000&expire=1752942776&l=202507180031261CF05A681E36681D5CE3&ply_type=2&policy=2&signature=874ff27e49964396835fc54b85cb64f1&tk=tt_chain_token,https://www.tiktok.com/benevolianos/video/7375105541967711520,,44000,2694,3515,893800,parati‚foryou‚foryoupage‚fyp‚fypシ‚viral‚viralvideo‚songotleu‚mallorca‚vox‚jovenlandia,parati‚foryou‚foryoupage‚fyp‚fypシ‚Viral‚viralvideo‚songotleu‚mallorca‚vox‚jovenlandia,,,Vecinos de Son Gotleu (Mallorca) se manifiestan en contra de  los jovenlandeses,"Teleprompter,Green Screen Video,Green Screen",
zeeschuimer-export-tiktok.com-2025-07-18T17_45_37.653Z.csv,7468293744819965186,7468293744819965186,iri_pro_77,kiddiri (individuo's version),4267,30800,1683,https://p16-sign-useast2a.tiktokcdn.com/tos-useast2a-avt-0068-giso/a089f1f0c94214a44878af135effaedf~tplv-tiktokx-cropcenter:100:100.jpeg?dr=14579&refresh_token=549280eb&x-expires=1752940800&x-signature=K%2B9IOiUhAj68SKAcMCH%2BQLuiqXA%3D&t=4d5b0474&ps=13740610&shp=a5d48078&shcp=81f88b70&idc=maliva,voy trayendo el datáfono para todos #futbol #meme #ronaldinho #datafono #jovenlandia ,Thu Feb 06 2025,1738847646,no,no,sonido original,7069958478273907461,https://v77.tiktokcdn.com/02ebb0f7132e24291f6a88fc1e190947/687a771b/video/tos/useast2a/tos-useast2a-v-27dcd7/f8afabdac0224d32898c435bfeae3d6a/?a=1233&bti=ODszNWYuMDE6&ch=0&cr=0&dr=0&er=0&lr=default&cd=0%7C0%7C0%7C0&br=252&bt=126&ds=5&ft=.NpOcInz7ThI4ywKXq8Zmo&mime_type=audio_mp4&qs=13&rc=ajx5bjs6Zm1yOzMzNzU8M0Bpajx5bjs6Zm1yOzMzNzU8M0BecGJycjQwZ2JgLS1kMTZzYSNecGJycjQwZ2JgLS1kMTZzcw%3D%3D&vvpl=1&l=202507180031261CF05A681E36681D5CE3&btag=e00050000&cc=13,https://p16-sign-va.tiktokcdn.com/tos-maliva-avt-0068/4d998ffb2f6ae86219f749147417f0ba~tplv-tiktokx-cropcenter:1080:1080.jpeg?dr=14579&refresh_token=5ce16f73&x-expires=1752940800&x-signature=rafxVQ746F42oc47aO63k4tMtPs%3D&t=4d5b0474&ps=13740610&shp=a5d48078&shcp=81f88b70&idc=maliva,𝐟𝐞𝐫𝐧𝐚𝐧𝐝𝐨_𝐦𝐮𝐬𝐢𝐜𝟏,https://v16-webapp-prime.tiktok.com/video/tos/no1a/tos-no1a-ve-0068c001-no/ogHeBrIRgLAPTeSe4aLIJXdjE0qGYIA5GDWjA8/?a=1988&bti=ODszNWYuMDE6&ch=0&cr=3&dr=0&lr=all&cd=0%7C0%7C0%7C&cv=1&br=2650&bt=1325&cs=0&ds=3&ft=4fUEKMUm8Zmo0qWv5I4jVVaexpWrKsd.&mime_type=video_mp4&qs=0&rc=cnF8b2hsc2d3SkBwaHIxaDFybndmPGc4NzRoZjhkMzxnOzg1ZEBpamo5Onk5cmxleDMzbzczNUBjRl5Nc3FePmJKYSNvYF90aHFmOiMyXjAvMWMwNl4xM2BhYl41YSM1ZWQ0MmRjXmZgLS1kMTFzcw%3D%3D&btag=e000b0000&expire=1752942699&l=202507180031261CF05A681E36681D5CE3&ply_type=2&policy=2&signature=1c60263eddccbb9285f2c69736605e49&tk=tt_chain_token,https://www.tiktok.com/iri_pro_77/video/7468293744819965186,,30300,153,9793,164600,futbol‚meme‚ronaldinho‚datafono‚jovenlandia,futbol‚Meme‚ronaldinho‚datafono‚jovenlandia,,,,"Green Screen Video,Green Screen,Teleprompter",
zeeschuimer-export-tiktok.com-2025-07-18T17_45_37.653Z.csv,7476565360007761174,7476565360007761174,divergentedigitaloficial,Divergente Digital,85100,797,1249,https://p16-sign-useast2a.tiktokcdn.com/tos-useast2a-avt-0068-euttp/6d2bf74c23199840bbb354dcad17db50~tplv-tiktokx-cropcenter:100:100.jpeg?dr=14579&refresh_token=d37dfb42&x-expires=1752940800&x-signature=LfyvKiA3thGOBSei1s%2Fgwen5ZCM%3D&t=4d5b0474&ps=13740610&shp=a5d48078&shcp=81f88b70&idc=maliva,DOCTOR O INGENIERO DE JOVENLANDIA CAPTURADO POR LOS MOSSOS EN BARCELONA 🚨,Fri Feb 28 2025,1740779100,no,no,sonido original - Divergente Digital,7476565383837338390,https://v77.tiktokcdn.com/59e046d0fbc174cf918732958b3ca832/687a771f/video/tos/no1a/tos-no1a-v-2370-no/oMjhIg3wGXZEDDGEAIeKEHffPLiAUPLo1HAT5C/?a=1233&bti=ODszNWYuMDE6&ch=0&cr=0&dr=0&er=0&lr=default&cd=0%7C0%7C0%7C0&br=250&bt=125&ft=.NpOcInz7ThI4ywKXq8Zmo&mime_type=audio_mpeg&qs=6&rc=NWQ5ZTg4Njk4aGk8NjY4ZkBpM2txO2s5cjk0eTMzbzU8NUBfM2BjMTRhNTUxMS00MzUtYSMtNC1wMmRzZS5gLS1kMTFzcw%3D%3D&vvpl=1&l=202507180031261CF05A681E36681D5CE3&btag=e00090000&cc=13,https://p16-sign-useast2a.tiktokcdn.com/tos-useast2a-avt-0068-euttp/6d2bf74c23199840bbb354dcad17db50~tplv-tiktokx-cropcenter:1080:1080.jpeg?dr=14579&refresh_token=4371e593&x-expires=1752940800&x-signature=b0WOH5siCxKIrZn2Xq23T3FXO3E%3D&t=4d5b0474&ps=13740610&shp=a5d48078&shcp=81f88b70&idc=maliva,Divergente Digital,https://v16-webapp-prime.tiktok.com/video/tos/no1a/tos-no1a-ve-0068c001-no/o8OeDLETAKNrYGrhICGLJfW5fBIEhP2IAgDCQP/?a=1988&bti=ODszNWYuMDE6&ch=0&cr=3&dr=0&lr=all&cd=0%7C0%7C0%7C&cv=1&br=1834&bt=917&cs=0&ds=2&ft=4fUEKMUm8Zmo0qWv5I4jVVaexpWrKsd.&mime_type=video_mp4&qs=0&rc=PGlnN2c7NzQ3PGc2Ozs0O0Bpampsc3Q5cjQ0eTMzbzgzNUAvYzM0NGEuNmMxYGIwYS8vYSNkYXNzMmQ0ZS5gLS1kLzFzcw%3D%3D&btag=e00090000&expire=1752942751&l=202507180031261CF05A681E36681D5CE3&ply_type=2&policy=2&signature=611c99cbab8389e3a7d08503b5d9e22c&tk=tt_chain_token,https://www.tiktok.com/divergentedigitaloficial/video/7476565360007761174,,1062,57,26,80700,,,,,,"Green Screen Video,Green Screen,Teleprompter",
zeeschuimer-export-tiktok.com-2025-07-18T17_45_37.653Z.csv,7470874826060877078,7470874826060877078,divergentedigitaloficial,Divergente Digital,85100,797,1249,https://p16-sign-useast2a.tiktokcdn.com/tos-useast2a-avt-0068-euttp/6d2bf74c23199840bbb354dcad17db50~tplv-tiktokx-cropcenter:100:100.jpeg?dr=14579&refresh_token=d37dfb42&x-expires=1752940800&x-signature=LfyvKiA3thGOBSei1s%2Fgwen5ZCM%3D&t=4d5b0474&ps=13740610&shp=a5d48078&shcp=81f88b70&idc=maliva,🚨 JÓVENES PROTEGIDOS OKUPAN VIVIENDAS EN EL TOSCAL‚ SANTA CRUZ DE TENERIFE 🚨,Thu Feb 13 2025,1739448600,no,no,sonido original,7470874932523158294,https://v77.tiktokcdn.com/f0a3a9eb1c4f6c8cc07f5f7f673f3961/687a779e/video/tos/no1a/tos-no1a-v-2370-no/oMECJCY5B4AE2ATzFvyiiC31EAVfnAFtwwB4K3/?a=1233&bti=ODszNWYuMDE6&ch=0&cr=0&dr=0&er=0&lr=default&cd=0%7C0%7C0%7C0&br=250&bt=125&ds=5&ft=.NpOcInz7ThI4ywKXq8Zmo&mime_type=audio_mpeg&qs=13&rc=anA6b3I5cmZ4eDMzbzU8NUBpanA6b3I5cmZ4eDMzbzU8NUAvY2NvMmRjL2pgLS1kMTFzYSMvY2NvMmRjL2pgLS1kMTFzcw%3D%3D&vvpl=1&l=202507180031261CF05A681E36681D5CE3&btag=e00058000&cc=13,https://p16-sign-useast2a.tiktokcdn.com/tos-useast2a-avt-0068-euttp/6d2bf74c23199840bbb354dcad17db50~tplv-tiktokx-cropcenter:1080:1080.jpeg?dr=14579&refresh_token=4371e593&x-expires=1752940800&x-signature=b0WOH5siCxKIrZn2Xq23T3FXO3E%3D&t=4d5b0474&ps=13740610&shp=a5d48078&shcp=81f88b70&idc=maliva,Divergente Digital,https://v16-webapp-prime.tiktok.com/video/tos/no1a/tos-no1a-ve-0068-no/oU1w4u8rBE6Vut19AQiQySInJAfszNCIiXwMC1/?a=1988&bti=ODszNWYuMDE6&ch=0&cr=3&dr=0&lr=all&cd=0%7C0%7C0%7C&cv=1&br=1186&bt=593&cs=0&ds=3&ft=4fUEKMUm8Zmo0qWv5I4jVVaexpWrKsd.&mime_type=video_mp4&qs=0&rc=OjhlZDxkZmU5OTRkZDU5aEBpMzw0bW85cm13eDMzbzczNUBgMmJhYmJjNi4xYjMuMWNfYSNrLTNpMmRzcWpgLS1kMTFzcw%3D%3D&btag=e00098000&expire=1752942878&l=202507180031261CF05A681E36681D5CE3&ply_type=2&policy=2&signature=95affa723c7f856069fcd1587c4f8838&tk=tt_chain_token,https://www.tiktok.com/divergentedigitaloficial/video/7470874826060877078,,1100,87,278,37000,,,,,JOVENLANDESES 🇲🇦   OKUPAN VIVIENDAS EN EL TOSCAL‚   SANTA CRUZ DE TENERIFE,"Teleprompter,Green Screen Video,Green Screen",
zeeschuimer-export-tiktok.com-2025-07-18T17_45_37.653Z.csv,7377811486787357985,7377811486787357985,benevolianos,Los Benevolianos,18700,5393,66,https://p16-sign-useast2a.tiktokcdn.com/tos-useast2a-avt-0068-euttp/9151fbcb485924f0a3797b32396a4510~tplv-tiktokx-cropcenter:100:100.jpeg?dr=14579&refresh_token=90af40e7&x-expires=1752940800&x-signature=lZzLo7UqNUpEHqFWCgw3dDZRjt8%3D&t=4d5b0474&ps=13740610&shp=a5d48078&shcp=81f88b70&idc=maliva,Hartos de las inseguridades en las calles! Primero los españoles! #parati #foryou #foryoupage #fyp #fypシ #vox #viralvideo #podcast #viralvideo #podcast #hazmeviral #okupas #jovenlandia ,Fri Jun 07 2024,1717780606,no,no,sonido original,7377816688828058401,https://v58.tiktokcdn.com/video/tos/useast2a/tos-useast2a-v-2370-euttp/ogTjEjiHA8nYl9gjhABBEKM2EozoRABKAaivft/?a=1233&bti=ODszNWYuMDE6&ch=0&cr=0&dr=0&er=0&lr=default&cd=0%7C0%7C0%7C0&br=250&bt=125&ds=5&ft=.NpOcInz7ThI4ywKXq8Zmo&mime_type=audio_mpeg&qs=13&rc=and4aXA5cmZuczMzZjU8M0Bpand4aXA5cmZuczMzZjU8M0BlNDJoMmRjXmVgLS1kMWNzYSNlNDJoMmRjXmVgLS1kMWNzcw%3D%3D&vvpl=1&l=202507180031261CF05A681E36681D5CE3&VExpiration=1752856370&VSignature=uBOi8pq0Nwo2VwwJOlm6mQ&btag=e00050000&cc=14,https://p16-sign-useast2a.tiktokcdn.com/tos-useast2a-avt-0068-euttp/9151fbcb485924f0a3797b32396a4510~tplv-tiktokx-cropcenter:1080:1080.jpeg?dr=14579&refresh_token=723b3224&x-expires=1752940800&x-signature=lEo4zT2YHDAlU16nPBG%2B%2Boik8nI%3D&t=4d5b0474&ps=13740610&shp=a5d48078&shcp=81f88b70&idc=maliva,Los Benevolianos,https://v16-webapp-prime.tiktok.com/video/tos/useast2a/tos-useast2a-ve-0068-euttp/oASMxQDWIGEEEVkVfIAgEc8FknjXzfqeJRAjeQ/?a=1988&bti=ODszNWYuMDE6&ch=0&cr=3&dr=0&lr=all&cd=0%7C0%7C0%7C&cv=1&br=972&bt=486&cs=0&ds=3&ft=4fUEKMUm8Zmo0qWv5I4jVVaexpWrKsd.&mime_type=video_mp4&qs=0&rc=OWk1aDk3NTRmaTs5OTRpZUBpam87NWw5cjhtczMzZjczM0BjLTYwNmFeNV4xNmE1NTJgYSNjal4tMmRzc2VgLS1kMWNzcw%3D%3D&btag=e00090000&expire=1752942770&l=202507180031261CF05A681E36681D5CE3&ply_type=2&policy=2&signature=aafe31dcea82d23e3bc1c43246b51dd1&tk=tt_chain_token,https://www.tiktok.com/benevolianos/video/7377811486787357985,,24100,1275,2035,440400,parati‚foryou‚foryoupage‚fyp‚fypシ‚vox‚viralvideo‚podcast‚viralvideo‚podcast‚hazmeviral‚okupas‚jovenlandia,parati‚foryou‚foryoupage‚fyp‚fypシ‚vox‚viralvideo‚Podcast‚hazmeviral‚okupas‚jovenlandia,,,Los vecinos están hartos de la inseguridad en las calles‚Inseguridad en las calles,"Green Screen Video,Green Screen,Teleprompter",
zeeschuimer-export-tiktok.com-2025-07-18T17_45_37.653Z.csv,7293240373017660705,7293240373017660705,smonton_,Sergio Montón,331,627,39,https://p77-sign-va.tiktokcdn.com/tos-maliva-avt-0068/5357db765a76649de7cc4e01f37fafc3~tplv-tiktokx-cropcenter:100:100.jpeg?dr=14579&refresh_token=9d874ef9&x-expires=1752940800&x-signature=T%2BdgEI8wF2MLL8tswWiSmpuGtQU%3D&t=4d5b0474&ps=13740610&shp=a5d48078&shcp=81f88b70&idc=maliva,#metro #madrid #jovenlandia #españa #humor ,Mon Oct 23 2023,1698089856,no,no,sonido original,7293240394849405728,https://v77.tiktokcdn.com/18e58c82fcb430214914aa354d08c6b2/687a76ef/video/tos/useast2a/tos-useast2a-v-2370-euttp/ogA0AnAiZJT9yE4LlLECZ2iABbAvpgdTigvwC/?a=1233&bti=ODszNWYuMDE6&ch=0&cr=0&dr=0&er=0&lr=default&cd=0%7C0%7C0%7C0&br=250&bt=125&ds=5&ft=.NpOcInz7ThI4ywKXq8Zmo&mime_type=audio_mpeg&qs=13&rc=M3c4ZHc5cjNmbjMzZjU8M0BpM3c4ZHc5cjNmbjMzZjU8M0BkZjYuMmRra29gLS1kMWNzYSNkZjYuMmRra29gLS1kMWNzcw%3D%3D&vvpl=1&l=202507180031261CF05A681E36681D5CE3&btag=e00078000&cc=13,https://p77-sign-va.tiktokcdn.com/tos-maliva-avt-0068/5357db765a76649de7cc4e01f37fafc3~tplv-tiktokx-cropcenter:1080:1080.jpeg?dr=14579&refresh_token=58938f7b&x-expires=1752940800&x-signature=ebjBS2ojX2TEggdr%2BIkp9z3Kvgs%3D&t=4d5b0474&ps=13740610&shp=a5d48078&shcp=81f88b70&idc=maliva,Sergio Montón,https://webapp-i18n.tiktok.com/9fd058df8e5c5aa7af1e5ebb454a41d7/687bc86f/kmoat/mps/logo/v2/r/p/v0f044gc0000ckrcjdnog65uhmvcurs0/738b98d605124d8d83fd34d702cc3f3b/148145fafd486b88e13e4e1dad866a02/mp4/main.mp4?a=1988&bti=ODszNWYuMDE6&ch=0&cr=3&dr=0&lr=all&cd=0%7C0%7C0%7C&cv=1&br=0&bt=0&cs=0&ds=3&eid=1286&ft=4YBg3MUm8Zmo0qWv5I4jVVaexpWrKsd.&mime_type=video_mp4&qs=0&rc=cnF8b2hsc2d3SkBwaHIxaDFybndmZWlmNTo3ZzZnZzU4OTtlNkBpM3VmcHg5cmdmbjMzZjczM0BjRl5Nc3FePmJKYSNvYF90aHFmOiMwMGAtYTBjNTUxLi1hNjU0YSNwcnNlMmRrZ29gLS1kMWNzcw%3D%3D&btag=e000b8000&definition=720p&du=17&item_id=7293240373017660705&l=202507180031261CF05A681E36681D5CE3&logo_type=tiktok_m&ply_type=2&policy=eyJ2bSI6MiwiY2siOiJ0dF9jaGFpbl90b2tlbiJ9&user_text=smonton_,https://www.tiktok.com/smonton_/video/7293240373017660705,,49,0,5,1657,metro‚madrid‚jovenlandia‚españa‚humor,metro‚madrid‚jovenlandia‚españa‚humor,,,Te quita el sitio en el metro alguien de jovenlandia:,"Teleprompter,Green Screen Video,Green Screen",
zeeschuimer-export-tiktok.com-2025-07-18T17_45_37.653Z.csv,7468408407746268438,7468408407746268438,tengo.cosas.raras,tengo.cosas.raras,4986,132,257,https://p16-common-sign-useastred.tiktokcdn-eu.com/tos-useast2a-avt-0068-euttp/4f9bfbbc78a73fb8229f8213b6ff8286~tplv-tiktokx-cropcenter:100:100.jpeg?dr=14579&refresh_token=517f9404&x-expires=1752940800&x-signature=O6ZnNCu2FdpXLm3cHBnlzJdAelY%3D&t=4d5b0474&ps=13740610&shp=a5d48078&shcp=81f88b70&idc=maliva,#elraval #raval #segarro #amego #jovenlandia ,Thu Feb 06 2025,1738874341,no,no,Smalltown Boy,7348316829636479786,https://sf16-ies-music-va.tiktokcdn.com/obj/tos-useast2a-ve-2774/ocl8zXCfFMezEMXdwwMD97eKmqQasNngAYCzgZ,https://p16-amd-va.tiktokcdn.com/img/tos-useast2a-v-2774/oIpU8AAnzDA1N0sYA4iiwnBiWbBsTXAEExfboC~c5_720x720.jpeg,Bronski Beat,https://v16-webapp-prime.tiktok.com/video/tos/no1a/tos-no1a-ve-0068c001-no/o0FFzeDsFCQipOKavRMMAB4EdobQIkgfgnRxpE/?a=1988&bti=ODszNWYuMDE6&ch=0&cr=3&dr=0&lr=all&cd=0%7C0%7C0%7C&cv=1&br=4450&bt=2225&cs=0&ds=3&ft=4fUEKMUm8Zmo0qWv5I4jVVaexpWrKsd.&mime_type=video_mp4&qs=0&rc=ODk3OzxpaTo8NThkZjxpNEBpMztxaG45cnJreDMzbzczNUBjYjYvYC8xXmAxM2E2XjMzYSMwbDI0MmRrbWZgLS1kMTFzcw%3D%3D&btag=e000b0000&expire=1752942692&l=202507180031261CF05A681E36681D5CE3&ply_type=2&policy=2&signature=9a66a0367302aa8fa6dc511043155503&tk=tt_chain_token,https://www.tiktok.com/tengo.cosas.raras/video/7468408407746268438,,2337,100,245,63800,elraval‚raval‚segarro‚amego‚jovenlandia,elraval‚raval‚segarro‚amego‚jovenlandia,,,En esta parte de Barcelona  juegas en modo supervivencia ,"Green Screen Video,Green Screen,Teleprompter",
zeeschuimer-export-tiktok.com-2025-07-18T17_45_37.653Z.csv,7449675214767639841,7449675214767639841,jovenlandia,Jovenlandia,2261,30000,54,https://p16-sign-va.tiktokcdn.com/tos-maliva-avt-0068/caa73e017a21ad8987bd42496a6c8302~tplv-tiktokx-cropcenter:100:100.jpeg?dr=14579&refresh_token=fd48fc7d&x-expires=1752940800&x-signature=t3Pas7FVa%2FOo%2FxTFZPrw4ZePzK4%3D&t=4d5b0474&ps=13740610&shp=a5d48078&shcp=81f88b70&idc=maliva,Begoña Gómez entra por la puerta de atrás‚ sin pasar por la principal‚ en varios coches oficiales y escoltada por una veintena de guardias civiles. #psoe #begoña #justicia #corrupcion #sanchez #gomez,Wed Dec 18 2024,1734512687,no,no,sonido original,7449675259348781857,https://v77.tiktokcdn.com/87f591a9382c3d79151d224f83376d31/687a770b/video/tos/useast2a/tos-useast2a-v-2370-euttp/oswvJQlLRiBEC0TiFABMsiK1mAD2kiEZAKdA0/?a=1233&bti=ODszNWYuMDE6&ch=0&cr=0&dr=0&er=0&lr=default&cd=0%7C0%7C0%7C0&br=250&bt=125&ds=5&ft=.NpOcInz7ThI4ywKXq8Zmo&mime_type=audio_mpeg&qs=13&rc=MzVvdW85cmY8dzMzZjU8M0BpMzVvdW85cmY8dzMzZjU8M0BnMDAyMmRrLWVgLS1kMWNzYSNnMDAyMmRrLWVgLS1kMWNzcw%3D%3D&vvpl=1&l=202507180031261CF05A681E36681D5CE3&btag=e00048000&cc=13,https://p16-sign-va.tiktokcdn.com/tos-maliva-avt-0068/caa73e017a21ad8987bd42496a6c8302~tplv-tiktokx-cropcenter:1080:1080.jpeg?dr=14579&refresh_token=e38ed072&x-expires=1752940800&x-signature=aMBUuyfUTwlJwJM7nAU5hyN4tfI%3D&t=4d5b0474&ps=13740610&shp=a5d48078&shcp=81f88b70&idc=maliva,Jovenlandia,https://v16-webapp-prime.tiktok.com/video/tos/useast2a/tos-useast2a-ve-0068c001-euttp/ognDPCFsmB3QoAFRzDWIKHfgIYETQQfDZ9IDEI/?a=1988&bti=ODszNWYuMDE6&ch=0&cr=3&dr=0&lr=all&cd=0%7C0%7C0%7C&cv=1&br=1494&bt=747&cs=0&ds=3&ft=4fUEKMUm8Zmo0qWv5I4jVVaexpWrKsd.&mime_type=video_mp4&qs=0&rc=ZDc5ZDw1M2Y6Zjk7OGY8aUBpM3U5NHM5cnM7dzMzZjczM0A0LTZeYTY2NTYxLV5gMS1gYSNmajZvMmRrcmVgLS1kMWNzcw%3D%3D&btag=e00088000&expire=1752942731&l=202507180031261CF05A681E36681D5CE3&ply_type=2&policy=2&signature=fdfd799a89cbac19dfb7a66649570ac1&tk=tt_chain_token,https://www.tiktok.com/jovenlandia/video/7449675214767639841,,145,163,9,6102,psoe‚begoña‚justicia‚corrupcion‚sanchez‚gomez,psoe‚begoña‚justicia‚corrupcion‚sanchez‚gomez,,,Llega Begoña al juzgado acompañada de varios coches oficiales y entrando por el garaje. ¿Qué opinas de estos beneficios?,"Teleprompter,Green Screen Video,Green Screen",
zeeschuimer-export-tiktok.com-2025-07-18T17_45_37.653Z.csv,7466057434176490774,7466057434176490774,divergentedigitaloficial,Divergente Digital,85100,797,1249,https://p16-sign-useast2a.tiktokcdn.com/tos-useast2a-avt-0068-euttp/6d2bf74c23199840bbb354dcad17db50~tplv-tiktokx-cropcenter:100:100.jpeg?dr=14579&refresh_token=d37dfb42&x-expires=1752940800&x-signature=LfyvKiA3thGOBSei1s%2Fgwen5ZCM%3D&t=4d5b0474&ps=13740610&shp=a5d48078&shcp=81f88b70&idc=maliva,POV: INGENIERO DE JOVENLANDIA EN EL METRO DE BARCELONA 😁,Fri Jan 31 2025,1738326966,no,no,sonido original,7466057434390498050,https://v77.tiktokcdn.com/761fa54c7e84fdc37d22de275549565c/687a76f5/video/tos/no1a/tos-no1a-v-2370-no/oQ6ZOcECuiCBD7YsBkAwPzh5E0il6jQAAZAPC/?a=1233&bti=ODszNWYuMDE6&ch=0&cr=0&dr=0&er=0&lr=default&cd=0%7C0%7C0%7C0&br=250&bt=125&ds=5&ft=.NpOcInz7ThI4ywKXq8Zmo&mime_type=audio_mpeg&qs=13&rc=MzVsN245cmhmeDMzbzU8NUBpMzVsN245cmhmeDMzbzU8NUBqMzFxMmQ0NGJgLS1kMTFzYSNqMzFxMmQ0NGJgLS1kMTFzcw%3D%3D&vvpl=1&l=202507180031261CF05A681E36681D5CE3&btag=e00078000&cc=13,https://p16-sign-useast2a.tiktokcdn.com/tos-useast2a-avt-0068-euttp/6d2bf74c23199840bbb354dcad17db50~tplv-tiktokx-cropcenter:1080:1080.jpeg?dr=14579&refresh_token=4371e593&x-expires=1752940800&x-signature=b0WOH5siCxKIrZn2Xq23T3FXO3E%3D&t=4d5b0474&ps=13740610&shp=a5d48078&shcp=81f88b70&idc=maliva,Divergente Digital,https://v16-webapp-prime.tiktok.com/video/tos/no1a/tos-no1a-ve-0068c001-no/ocnCBHzEcSrBNAYwwZy7mfi5iCAIuQz82UWEDI/?a=1988&bti=ODszNWYuMDE6&ch=0&cr=3&dr=0&lr=all&cd=0%7C0%7C0%7C&cv=1&br=2244&bt=1122&cs=0&ds=3&ft=4fUEKMUm8Zmo0qWv5I4jVVaexpWrKsd.&mime_type=video_mp4&qs=0&rc=PGhoODY2O2RlNDNmNzk3OkBpM2U0N3Y5cmZmeDMzbzczNUA0Ml82YTEtNS8xXy5eYV80YSNeYWcvMmRzNGJgLS1kMTFzcw%3D%3D&btag=e000b8000&expire=1752942709&l=202507180031261CF05A681E36681D5CE3&ply_type=2&policy=2&signature=54111bb33b3b97772274eccca9883e89&tk=tt_chain_token,https://www.tiktok.com/divergentedigitaloficial/video/7466057434176490774,,2593,498,121,54700,,,,,,"Green Screen Video,Green Screen,Teleprompter",
zeeschuimer-export-tiktok.com-2025-07-18T17_45_37.653Z.csv,7454618605548883232,7454618605548883232,rosa_salmon,Rosa Salmón,124900,14600,1218,https://p77-sign-va.tiktokcdn.com/tos-maliva-avt-0068/70f9c495d50cdc2b62837f7141411e88~tplv-tiktokx-cropcenter:100:100.jpeg?dr=14579&refresh_token=2eb1362a&x-expires=1752940800&x-signature=oejAddPrt%2B%2FebxkKZgC4WZBO8xw%3D&t=4d5b0474&ps=13740610&shp=a5d48078&shcp=81f88b70&idc=maliva,Detenidos 4 jovenlandeses que querrían atentar en la Basílica de Elche  #elche #jovenlandia #sonsuscostumbresyhayquerespetarlas ,Tue Dec 31 2024,1735663656,no,no,"Suspense, horror, piano and music box",6817193198436255745,https://sf16-ies-music-va.tiktokcdn.com/obj/tos-useast2a-ve-2774/ec28b201a97b4673ba761ff39b60fe91,https://p16-amd-va.tiktokcdn.com/img/tos-useast2a-v-2774/604e1985ea7e4d018e3eb92ee6d522b4~c5_720x720.jpeg,takaya,https://v16-webapp-prime.tiktok.com/video/tos/no1a/tos-no1a-ve-0068c001-no/oIErgIY1BGAyeiHBD3LWLrPBqELAyDFWRnef2I/?a=1988&bti=ODszNWYuMDE6&ch=0&cr=3&dr=0&lr=all&cd=0%7C0%7C0%7C&br=1604&bt=802&cs=0&ds=3&ft=4fUEKMUm8Zmo0qWv5I4jVVaexpWrKsd.&mime_type=video_mp4&qs=0&rc=ODQ7MzU7aTYzOWU1NTQ4PEBpM3Y6cG85cnJ1eDMzbzgzNUBjNmAuYGAtNWExNF9jMF40YSNnMjJqMmQ0bmpgLS1kLzFzcw%3D%3D&btag=e00098000&expire=1752942868&l=202507180031261CF05A681E36681D5CE3&ply_type=2&policy=2&signature=a092aacf7c6e5406bd0f3b442f7c4298&tk=tt_chain_token,https://www.tiktok.com/rosa_salmon/video/7454618605548883232,,2496,146,143,18500,elche‚jovenlandia‚sonsuscostumbresyhayquerespetarlas,elche‚jovenlandia‚sonsuscostumbresyhayquerespetarlas,,,,"Teleprompter,Green Screen Video,Green Screen",
zeeschuimer-export-tiktok.com-2025-07-18T17_45_37.653Z.csv,7447809844150553888,7447809844150553888,jovenlandia,Jovenlandia,2261,30000,54,https://p16-sign-va.tiktokcdn.com/tos-maliva-avt-0068/caa73e017a21ad8987bd42496a6c8302~tplv-tiktokx-cropcenter:100:100.jpeg?dr=14579&refresh_token=fd48fc7d&x-expires=1752940800&x-signature=t3Pas7FVa%2FOo%2FxTFZPrw4ZePzK4%3D&t=4d5b0474&ps=13740610&shp=a5d48078&shcp=81f88b70&idc=maliva,Marcos de Quinto detalla el problema del sector público con el privado.  #PolíticaEspaña #ActualidadPolítica #NoticiasEspaña #DebatePolítico #GobiernoEspaña #EleccionesEspaña #OpiniónPública #PolíticosEspaña #TendenciasEspaña #LeyendasUrbanasPolíticas #AnálisisPolítico #CrisisPolítica #EspañaHoy #CiudadaníaActiva #DebateDemocrático #EspañaViral #DemocraciaActiva #TiktokPolítico #VisiónEspaña #psoe #funcionarios #autonomos ,Fri Dec 13 2024,1734078384,no,no,sonido original,7447809935611546400,https://v77.tiktokcdn.com/999fc58db1f692df372fb72b5195e586/687a7728/video/tos/useast2a/tos-useast2a-v-2370-euttp/oMBiL7N7EW0oeWtEBbEBfGaTfYEiAAegANOOEU/?a=1233&bti=ODszNWYuMDE6&ch=0&cr=0&dr=0&er=0&lr=default&cd=0%7C0%7C0%7C0&br=250&bt=125&ds=5&ft=.NpOcInz7ThI4ywKXq8Zmo&mime_type=audio_mpeg&qs=13&rc=MzRmOG45cmZ4dzMzZjU8M0BpMzRmOG45cmZ4dzMzZjU8M0Bhbi5fMmRjc2FgLS1kMWNzYSNhbi5fMmRjc2FgLS1kMWNzcw%3D%3D&vvpl=1&l=202507180031261CF05A681E36681D5CE3&btag=e00050000&cc=13,https://p16-sign-va.tiktokcdn.com/tos-maliva-avt-0068/caa73e017a21ad8987bd42496a6c8302~tplv-tiktokx-cropcenter:1080:1080.jpeg?dr=14579&refresh_token=e38ed072&x-expires=1752940800&x-signature=aMBUuyfUTwlJwJM7nAU5hyN4tfI%3D&t=4d5b0474&ps=13740610&shp=a5d48078&shcp=81f88b70&idc=maliva,Jovenlandia,https://v16-webapp-prime.tiktok.com/video/tos/useast2a/tos-useast2a-ve-0068c001-euttp/oc01lD8TZE0370prA6BZibVEQQBiP12bCuwvI/?a=1988&bti=ODszNWYuMDE6&ch=0&cr=3&dr=0&lr=all&cd=0%7C0%7C0%7C&cv=1&br=728&bt=364&cs=0&ds=3&ft=4fUEKMUm8Zmo0qWv5I4jVVaexpWrKsd.&mime_type=video_mp4&qs=0&rc=OmVlZTw1OTVlNmk6PDdmOEBpM3Ntd285cnR4dzMzZjczM0AuMjJfLzEyXy8xMi0vYmM2YSNvNXJoMmQ0cWFgLS1kMWNzcw%3D%3D&btag=e00090000&expire=1752942760&l=202507180031261CF05A681E36681D5CE3&ply_type=2&policy=2&signature=51dd5c6c655f819909444756eae1d70d&tk=tt_chain_token,https://www.tiktok.com/jovenlandia/video/7447809844150553888,,455,45,138,6237,políticaespaña‚actualidadpolítica‚noticiasespaña‚debatepolítico‚gobiernoespaña‚eleccionesespaña‚opiniónpública‚políticosespaña‚tendenciasespaña‚leyendasurbanaspolíticas‚análisispolítico‚crisispolítica‚españahoy‚ciudadaníaactiva‚debatedemocrático‚españaviral‚democraciaactiva‚tiktokpolítico‚visiónespaña‚psoe‚funcionarios‚autonomos,políticaespaña‚actualidadpolítica‚noticiasespaña‚debatepolítico‚gobiernoespaña‚eleccionesespaña‚opiniónpública‚políticosespaña‚tendenciasespaña‚leyendasurbanaspolíticas‚análisispolítico‚crisispolítica‚españahoy‚ciudadaníaactiva‚debatedemocrático‚españaviral‚democraciaactiva‚tiktokpolítico‚visiónespaña‚psoe‚funcionarios‚autonomos,,,¿Estás de acuerdo con lo que afirma Marcos de Quinto? Tema poco tratado por los políticos,"Green Screen Video,Green Screen,Teleprompter",
zeeschuimer-export-tiktok.com-2025-07-18T17_45_37.653Z.csv,7511067751071501590,7511067751071501590,divergentedigitaloficial,Divergente Digital,85100,797,1249,https://p16-sign-useast2a.tiktokcdn.com/tos-useast2a-avt-0068-euttp/6d2bf74c23199840bbb354dcad17db50~tplv-tiktokx-cropcenter:100:100.jpeg?dr=14579&refresh_token=d37dfb42&x-expires=1752940800&x-signature=LfyvKiA3thGOBSei1s%2Fgwen5ZCM%3D&t=4d5b0474&ps=13740610&shp=a5d48078&shcp=81f88b70&idc=maliva,INGENIERO PROTEGIDO REVISA MOTOS EN MADRID 🚨,Sun Jun 01 2025,1748806743,no,no,"Suspense, horror, piano and music box",6817193198436255745,https://sf16-ies-music-va.tiktokcdn.com/obj/tos-useast2a-ve-2774/ec28b201a97b4673ba761ff39b60fe91,https://p16-amd-va.tiktokcdn.com/img/tos-useast2a-v-2774/604e1985ea7e4d018e3eb92ee6d522b4~c5_720x720.jpeg,takaya,https://v16-webapp-prime.tiktok.com/video/tos/no1a/tos-no1a-ve-0068c001-no/owpvZwKGsBHD8Xq2iEYQK0arBEIKrBlj5iJAy/?a=1988&bti=ODszNWYuMDE6&ch=0&cr=3&dr=0&lr=all&cd=0%7C0%7C0%7C&cv=1&br=2458&bt=1229&cs=0&ds=3&ft=4fUEKMUm8Zmo0qWv5I4jVVaexpWrKsd.&mime_type=video_mp4&qs=0&rc=NTo5O2ZmZTtnNzxoOTxnZ0BpM3F4dG45cjxkMzMzbzczNUAwM19iLjItNTYxLjM0Mi4zYSMyM2xmMmRraXJhLS1kMTFzcw%3D%3D&btag=e00090000&expire=1752942754&l=202507180031261CF05A681E36681D5CE3&ply_type=2&policy=2&signature=dbfe316e74014c7a34bb2da2eda552c1&tk=tt_chain_token,https://www.tiktok.com/divergentedigitaloficial/video/7511067751071501590,,17700,2268,3957,885700,,,,,INGENIERO DE JOVENLANDIA  REVISA MOTOS EN MADRID 🚨,"Green Screen Video,Green Screen,Teleprompter",
zeeschuimer-export-tiktok.com-2025-07-18T17_45_37.653Z.csv,7468743550117678368,7468743550117678368,divergentedigitaloficial,Divergente Digital,85100,797,1249,https://p16-sign-useast2a.tiktokcdn.com/tos-useast2a-avt-0068-euttp/6d2bf74c23199840bbb354dcad17db50~tplv-tiktokx-cropcenter:100:100.jpeg?dr=14579&refresh_token=d37dfb42&x-expires=1752940800&x-signature=LfyvKiA3thGOBSei1s%2Fgwen5ZCM%3D&t=4d5b0474&ps=13740610&shp=a5d48078&shcp=81f88b70&idc=maliva,🚨 JOVEN DE JOVENLANDIA PROVOCA INCIDENTE GRAVE EN UNA JOYERÍA EN TONA‚ BARCELONA 🚨,Fri Feb 07 2025,1738955700,no,no,sonido original - Divergente Digital,7468743654639782688,https://v77.tiktokcdn.com/d51adfafb5f09d00dcc0b734275426ad/687a7784/video/tos/useast2a/tos-useast2a-v-2370-euttp/oQSInMTZoBdVho2OEifRyzBAqC0hziK3shDgQm/?a=1233&bti=ODszNWYuMDE6&ch=0&cr=0&dr=0&er=0&lr=default&cd=0%7C0%7C0%7C0&br=250&bt=125&ft=.NpOcInz7ThI4ywKXq8Zmo&mime_type=audio_mpeg&qs=6&rc=ZGQ8ZWRpPDlkNDs8OWY5Z0BpamhpN3A5cmo3eDMzZjU8M0A0X14wMmMzXzIxYi0tYF9eYSNtYjVoMmRjcWdgLS1kMWNzcw%3D%3D&vvpl=1&l=202507180031261CF05A681E36681D5CE3&btag=e00090000&cc=13,https://p16-sign-useast2a.tiktokcdn.com/tos-useast2a-avt-0068-euttp/6d2bf74c23199840bbb354dcad17db50~tplv-tiktokx-cropcenter:1080:1080.jpeg?dr=14579&refresh_token=4371e593&x-expires=1752940800&x-signature=b0WOH5siCxKIrZn2Xq23T3FXO3E%3D&t=4d5b0474&ps=13740610&shp=a5d48078&shcp=81f88b70&idc=maliva,Divergente Digital,https://v16-webapp-prime.tiktok.com/video/tos/useast2a/tos-useast2a-ve-0068-euttp/oUwQ4MmiAK5CkfPnVp0BDnwoxEEYIQFmLGMpfD/?a=1988&bti=ODszNWYuMDE6&ch=0&cr=3&dr=0&lr=all&cd=0%7C0%7C0%7C&cv=1&br=1208&bt=604&cs=0&ds=3&ft=4fUEKMUm8Zmo0qWv5I4jVVaexpWrKsd.&mime_type=video_mp4&qs=0&rc=NWk5OmlkaGllZDxlZDhkOEBpM2Y1aHk5cnI3eDMzZjgzM0A0LzQzLzFhXzExYDFfYzRgYSNuYjMyMmRrcGdgLS1kL2Nzcw%3D%3D&btag=e00090000&expire=1752942852&l=202507180031261CF05A681E36681D5CE3&ply_type=2&policy=2&signature=286cff2ce1d13864f08c628117158372&tk=tt_chain_token,https://www.tiktok.com/divergentedigitaloficial/video/7468743550117678368,,125,4,8,2200,,,,,,"Teleprompter,Green Screen Video,Green Screen",
zeeschuimer-export-tiktok.com-2025-07-18T17_45_37.653Z.csv,7439661148842085664,7439661148842085664,heroecritico,Héroe Crítico,4650,127,1247,https://p16-sign-useast2a.tiktokcdn.com/tos-useast2a-avt-0068-euttp/9a474f85fac462a553695090ad0c6203~tplv-tiktokx-cropcenter:100:100.jpeg?dr=14579&refresh_token=84117502&x-expires=1752940800&x-signature=SaE2cHWgmYgEF6%2FflDvVsjXI0Ew%3D&t=4d5b0474&ps=13740610&shp=a5d48078&shcp=81f88b70&idc=maliva,El futuro ya esta aquí #inmigracion #ilegal #jovenlandia #españa #violencia ,Thu Nov 21 2024,1732181103,no,no,sonido original,7439661165699009312,https://v77.tiktokcdn.com/49da8703d7304c71337d8f1d3bff31b2/687a7711/video/tos/useast2a/tos-useast2a-v-2370-euttp/oct9rfjQAGMeAIUIVJX5SfBMAK40AaNH8feh0L/?a=1233&bti=ODszNWYuMDE6&ch=0&cr=0&dr=0&er=0&lr=default&cd=0%7C0%7C0%7C0&br=250&bt=125&ds=5&ft=.NpOcInz7ThI4ywKXq8Zmo&mime_type=audio_mpeg&qs=13&rc=anB3dnM5cndpdjMzZjU8M0BpanB3dnM5cndpdjMzZjU8M0BmaGFjMmRjbHNgLS1kMWNzYSNmaGFjMmRjbHNgLS1kMWNzcw%3D%3D&vvpl=1&l=202507180031261CF05A681E36681D5CE3&btag=e00048000&cc=13,https://p16-sign-useast2a.tiktokcdn.com/tos-useast2a-avt-0068-euttp/9a474f85fac462a553695090ad0c6203~tplv-tiktokx-cropcenter:1080:1080.jpeg?dr=14579&refresh_token=d5c3b7b9&x-expires=1752940800&x-signature=kv%2FmAo1Ew9uJvM8i8TEEehLmPX8%3D&t=4d5b0474&ps=13740610&shp=a5d48078&shcp=81f88b70&idc=maliva,Héroe Crítico,https://v16-webapp-prime.tiktok.com/video/tos/useast2a/tos-useast2a-ve-0068-euttp/osfXfauADgBEuyQiv0DwPnIvPQEuL2RZvFKEh3/?a=1988&bti=ODszNWYuMDE6&ch=0&cr=3&dr=0&lr=all&cd=0%7C0%7C0%7C&cv=1&br=760&bt=380&cs=0&ds=3&ft=4fUEKMUm8Zmo0qWv5I4jVVaexpWrKsd.&mime_type=video_mp4&qs=0&rc=aDlpZThpOzdkODkzZTo2NkBpanJpcHE5cmVpdjMzZjczM0BjMi5fMTZgNTQxNGNgL2JeYSMvZnFsMmRra3NgLS1kMWNzcw%3D%3D&btag=e00088000&expire=1752942737&l=202507180031261CF05A681E36681D5CE3&ply_type=2&policy=2&signature=026e871d3adf9154916672096d9f9926&tk=tt_chain_token,https://www.tiktok.com/heroecritico/video/7439661148842085664,,116,13,6,881,inmigracion‚ilegal‚jovenlandia‚españa‚violencia,inmigracion‚ilegal‚jovenlandia‚españa‚violencia,,,MUJER AMENAZADA POR OKUPAS INMIGRANTES‚MUJER AMENAZADA POR OKUPAS INMIGRANTES,"Teleprompter,Green Screen Video,Green Screen",
zeeschuimer-export-tiktok.com-2025-07-18T17_45_37.653Z.csv,7457563515428080928,7457563515428080928,jovenlandia,Jovenlandia,2261,30000,54,https://p16-sign-va.tiktokcdn.com/tos-maliva-avt-0068/caa73e017a21ad8987bd42496a6c8302~tplv-tiktokx-cropcenter:100:100.jpeg?dr=14579&refresh_token=fd48fc7d&x-expires=1752940800&x-signature=t3Pas7FVa%2FOo%2FxTFZPrw4ZePzK4%3D&t=4d5b0474&ps=13740610&shp=a5d48078&shcp=81f88b70&idc=maliva,Canción echa por IA‚ la verdad que da miedo lo que se logra con la tecnología #psoe #franco ,Wed Jan 08 2025,1736349325,no,no,sonido original,7457563567596849952,https://v58.tiktokcdn.com/video/tos/useast2a/tos-useast2a-v-2370-euttp/oU4sA6oIlfQKeAj7SBAQMWvLLeHff6h4aGwJAo/?a=1233&bti=ODszNWYuMDE6&ch=0&cr=0&dr=0&er=0&lr=default&cd=0%7C0%7C0%7C0&br=250&bt=125&ds=5&ft=.NpOcInz7ThO4ywKXq8Zmo&mime_type=audio_mpeg&qs=13&rc=MzVmOXg5cjY8dzMzZjU8M0BpMzVmOXg5cjY8dzMzZjU8M0BqaHMtMmRzYXNgLS1kMWNzYSNqaHMtMmRzYXNgLS1kMWNzcw%3D%3D&vvpl=1&l=20250718003128E8252316C9C9A41B9DD5&VExpiration=1752856373&VSignature=J1dqJZ3wrJWbBYGoeGCY3g&btag=e00050000&cc=14,https://p16-sign-va.tiktokcdn.com/tos-maliva-avt-0068/caa73e017a21ad8987bd42496a6c8302~tplv-tiktokx-cropcenter:1080:1080.jpeg?dr=14579&refresh_token=e38ed072&x-expires=1752940800&x-signature=aMBUuyfUTwlJwJM7nAU5hyN4tfI%3D&t=4d5b0474&ps=13740610&shp=a5d48078&shcp=81f88b70&idc=maliva,Jovenlandia,https://v16-webapp-prime.tiktok.com/video/tos/useast2a/tos-useast2a-ve-0068c001-euttp/oseGgRwNUhtXXQbeEIEeRP1FAALkNdASf7G8ZI/?a=1988&bti=ODszNWYuMDE6&ch=0&cr=3&dr=0&lr=all&cd=0%7C0%7C0%7C&cv=1&br=798&bt=399&cs=0&ds=3&ft=4fUEKMUm8Zmo0bWv5I4jV.ze8pWrKsd.&mime_type=video_mp4&qs=0&rc=NDxkN2VmZTs2O2g4ZGk2OEBpamtvb3I5cjg8dzMzZjczM0AwMTItNS0wNTExNWJfYF80YSMvcWs2MmRrYHNgLS1kMWNzcw%3D%3D&btag=e00090000&expire=1752942773&l=20250718003128E8252316C9C9A41B9DD5&ply_type=2&policy=2&signature=de93db698f688c5a20fc336e5ab597e1&tk=tt_chain_token,https://www.tiktok.com/jovenlandia/video/7457563515428080928,,134,10,59,2644,psoe‚franco,psoe‚franco,,,Pedro Sánchez se echa un cante por su mejor amigo‚ Francisco.,"Natural POSH,Dark Preset,Green Screen Video,Green Screen",
zeeschuimer-export-tiktok.com-2025-07-18T17_45_37.653Z.csv,7435518717183659297,7435518717183659297,rieraplanells,rieraplanells,336,976,1552,https://p16-sign-va.tiktokcdn.com/musically-maliva-obj/1594805258216454~tplv-tiktokx-cropcenter:100:100.jpeg?dr=14579&refresh_token=3f2dd8a6&x-expires=1752940800&x-signature=vs4k47HKudtkZbm3l2Y0Dy2xOuw%3D&t=4d5b0474&ps=13740610&shp=a5d48078&shcp=81f88b70&idc=maliva,#ayuntamiento #hospitalet #capital #jovenlandia #moro #navaja #conversión #cristiano #cristianismo #tomadeposesión #funcionariodecarrera #memes #humornegro #meme #memes😆 #memes😂 #memestiktok😂😂 #jovenlandés #iliatopuria #4u #foru #foryou #foryourpage #fyp #parati #paratiiiiiiiiiiiiiiiiiiiiiiiiiiiiiii ,Sun Nov 10 2024,1731216649,no,no,original sound,7435518815452089121,https://v58.tiktokcdn.com/video/tos/useast2a/tos-useast2a-v-2370-euttp/oEAACEAFwzzBvYsRL8i1AimKEhQBUoKn9EfAXC/?a=1233&bti=ODszNWYuMDE6&ch=0&cr=0&dr=0&er=0&lr=default&cd=0%7C0%7C0%7C0&br=250&bt=125&ds=5&ft=.NpOcInz7ThO4ywKXq8Zmo&mime_type=audio_mpeg&qs=13&rc=ajVvNW05cjU3djMzZjU8M0BpajVvNW05cjU3djMzZjU8M0BrYnNeMmRzXmxgLS1kMWNzYSNrYnNeMmRzXmxgLS1kMWNzcw%3D%3D&vvpl=1&l=20250718003128E8252316C9C9A41B9DD5&VExpiration=1752856307&VSignature=0PePIwszTLipqR4LO8145w&btag=e00078000&cc=14,https://p77-sign-va.tiktokcdn.com/musically-maliva-obj/1594805258216454~tplv-tiktokx-cropcenter:1080:1080.jpeg?dr=14579&refresh_token=800dbc8d&x-expires=1752940800&x-signature=HwwBM4uB5k3zVVfmDx40Qhh5B7U%3D&t=4d5b0474&ps=13740610&shp=a5d48078&shcp=81f88b70&idc=maliva,rieraplanells,https://webapp-i18n.tiktok.com/3ed709acf19565c5c7b7b7fd2bcd7689/687bc873/kmoat/mps/logo/v2/r/p/v0f044gc0000cso47v7og65h9gf1he7g/6c12d81d16954fa4b2d4fb66c5bc3108/973cc42680e6985984b26c184e71eb89/mp4/main.mp4?a=1988&bti=ODszNWYuMDE6&ch=0&cr=3&dr=0&lr=all&cd=0%7C0%7C0%7C&cv=1&br=0&bt=0&cs=0&ds=3&ft=4YBg3MUm8Zmo0bWv5I4jV.ze8pWrKsd.&mime_type=video_mp4&qs=0&rc=cnF8b2hsc2d3SkBwaHIxaDFybndmOzRmODllNzU3aTg5Zzs1ZkBpamg0ams5cnk3djMzZjczM0BjRl5Nc3FePmJKYSNvYF90aHFmOiMtMF9gM2NhX14xNi4uYS4zYSM0ZWM2MmQ0NGxgLS1kMWNzcw%3D%3D&btag=e000b8000&definition=720p&du=18&item_id=7435518717183659297&l=20250718003128E8252316C9C9A41B9DD5&logo_type=tiktok&ply_type=2&policy=eyJ2bSI6MiwiY2siOiJ0dF9jaGFpbl90b2tlbiJ9&user_text=rieraplanells,https://www.tiktok.com/rieraplanells/video/7435518717183659297,,61,1,1,791,ayuntamiento‚hospitalet‚capital‚jovenlandia‚moro‚navaja‚conversión‚cristiano‚cristianismo‚tomadeposesión‚funcionariodecarrera‚memes‚humornegro‚meme‚memes😆‚memes😂‚memestiktok😂😂‚jovenlandés‚iliatopuria‚4u‚foru‚foryou‚foryourpage‚fyp‚parati‚paratiiiiiiiiiiiiiiiiiiiiiiiiiiiiiii,ayuntamiento‚hospitalet‚capital‚jovenlandia‚moro‚navaja‚conversión‚cristiano‚cristianismo‚tomadeposesión‚funcionariodecarrera‚memes‚humornegro‚Meme‚memes😆‚memes😂‚memestiktok😂😂‚jovenlandés‚iliatopuria‚4u‚foru‚foryou‚foryourpage‚fyp‚parati‚paratiiiiiiiiiiiiiiiiiiiiiiiiiiiiiii,,,YO LLEGANDO AL AYUNTAMIENTO DE HOSPITALET. COMO ME ATAQUE UN MORO CON UNA NAVAJA‚ LO CONVIERTO AL CRISTIANISMO:,"Natural POSH,Dark Preset,Green Screen Video,Green Screen",
zeeschuimer-export-tiktok.com-2025-07-18T17_45_37.653Z.csv,7516869368966302998,7516869368966302998,sinmiedo2030_,2030sinmiedo,2413,8415,4,https://p77-sign-va.tiktokcdn.com/tos-maliva-avt-0068/5863646c749e6f27801a449e38c0c4a0~tplv-tiktokx-cropcenter:100:100.jpeg?dr=14579&refresh_token=83ce5245&x-expires=1752940800&x-signature=BPLSbIL09BMKX%2FJhU1UGZoqKSIY%3D&t=4d5b0474&ps=13740610&shp=a5d48078&shcp=81f88b70&idc=maliva,@Antonio Masmas #jan2030 #jovenlandeses #analistasociogeografia #parati ,Tue Jun 17 2025,1750157539,no,no,sonido original,7516869390109854486,https://v77.tiktokcdn.com/6a7899968b242c880d7746fa9d414a01/687a771e/video/tos/no1a/tos-no1a-v-2370-no/o0CiOAaIQlZAYTjSHhEABoPFlARwi7BBS5ZFE/?a=1233&bti=ODszNWYuMDE6&ch=0&cr=0&dr=0&er=0&lr=default&cd=0%7C0%7C0%7C0&br=250&bt=125&ds=5&ft=.NpOcInz7ThO4ywKXq8Zmo&mime_type=audio_mpeg&qs=13&rc=anM5bnM5cnVuNDMzbzU8NUBpanM5bnM5cnVuNDMzbzU8NUBlZGg2MmQ0ZTVhLS1kMTFzYSNlZGg2MmQ0ZTVhLS1kMTFzcw%3D%3D&vvpl=1&l=20250718003128E8252316C9C9A41B9DD5&btag=e00050000&cc=13,https://p77-sign-va.tiktokcdn.com/tos-maliva-avt-0068/5863646c749e6f27801a449e38c0c4a0~tplv-tiktokx-cropcenter:1080:1080.jpeg?dr=14579&refresh_token=a0a72b7d&x-expires=1752940800&x-signature=qmaSUcLRQNqxF8tLiY1lQYOAG9o%3D&t=4d5b0474&ps=13740610&shp=a5d48078&shcp=81f88b70&idc=maliva,2030sinmiedo,https://v16-webapp-prime.tiktok.com/video/tos/no1a/tos-no1a-ve-0068c001-no/oQCGrYIwyzAiciKSNQI2zKf4IQBKCADEyQP0vR/?a=1988&bti=ODszNWYuMDE6&ch=0&cr=3&dr=0&lr=all&cd=0%7C0%7C0%7C&cv=1&br=836&bt=418&cs=0&ds=3&ft=4fUEKMUm8Zmo0bWv5I4jV.ze8pWrKsd.&mime_type=video_mp4&qs=0&rc=ZTk0OTRlNjQ4ZWY2OjM1aUBpM3B1eG05cmZuNDMzbzczNUBjNmFfYzNiNWMxMTRiYTJjYSNiMi1rMmRjZDVhLS1kMTFzcw%3D%3D&btag=e00090000&expire=1752942750&l=20250718003128E8252316C9C9A41B9DD5&ply_type=2&policy=2&signature=2b1e64de42f0810ff8022ea30035d62f&tk=tt_chain_token,https://www.tiktok.com/sinmiedo2030_/video/7516869368966302998,,5494,639,233,107800,jan2030‚jovenlandeses‚analistasociogeografia‚parati,jan2030‚jovenlandeses‚analistasociogeografia‚parati,,,|,"Dark Preset,Green Screen Video,Green Screen,Natural POSH",
zeeschuimer-export-tiktok.com-2025-07-18T17_45_37.653Z.csv,7452830338268597537,7452830338268597537,divergentedigital3,divergentedigital3,12600,67,102,https://p16-common-sign-useastred.tiktokcdn-eu.com/tos-useast2a-avt-0068-euttp/abf9d96c84a4ae6606a9a23bb38c513c~tplv-tiktokx-cropcenter:100:100.jpeg?dr=14579&refresh_token=132b7b3f&x-expires=1752940800&x-signature=ke7%2BFxLJhEriOHJbtgX2JSNyQ0s%3D&t=4d5b0474&ps=13740610&shp=a5d48078&shcp=81f88b70&idc=maliva,🚨 EXHIBICIÓN JOVENLANDESA EN GRANOLLERS 🚨,Thu Dec 26 2024,1735248300,no,no,sonido original - divergentedigital3,7452830409395637025,https://v77.tiktokcdn.com/dc8b0d8c85aadd0e6540d4e7dc378474/687a7710/video/tos/useast2a/tos-useast2a-v-2370-euttp/oYaXvXPDnBiqyyiFEFocTCQSUDrbfbeQLJY47D/?a=1233&bti=ODszNWYuMDE6&ch=0&cr=0&dr=0&er=0&lr=default&cd=0%7C0%7C0%7C0&br=250&bt=125&ft=.NpOcInz7ThO4ywKXq8Zmo&mime_type=audio_mpeg&qs=6&rc=NGc1NGg7Omk2ZmY0aWlnM0BpanNxa285cmp2dzMzZjU8M0AwNGM0NTNfNTAxNTMwNC4uYSMzL2IxMmRzX2pgLS1kMWNzcw%3D%3D&vvpl=1&l=20250718003128E8252316C9C9A41B9DD5&btag=e00088000&cc=13,https://p16-common-sign-useastred.tiktokcdn-eu.com/tos-useast2a-avt-0068-euttp/abf9d96c84a4ae6606a9a23bb38c513c~tplv-tiktokx-cropcenter:1080:1080.jpeg?dr=14579&refresh_token=f13bbab3&x-expires=1752940800&x-signature=Aep9sOgi1hZdC9XLWsQekFset8A%3D&t=4d5b0474&ps=13740610&shp=a5d48078&shcp=81f88b70&idc=maliva,divergentedigital3,https://v16-webapp-prime.tiktok.com/video/tos/useast2a/tos-useast2a-ve-0068-euttp/ocQHL1QCIiuu1hChu7zBtBxAtEOan98foAAilK/?a=1988&bti=ODszNWYuMDE6&ch=0&cr=3&dr=0&lr=all&cd=0%7C0%7C0%7C&cv=1&br=1022&bt=511&cs=0&ds=3&ft=4fUEKMUm8Zmo0bWv5I4jV.ze8pWrKsd.&mime_type=video_mp4&qs=0&rc=NzczOWdlNjtmNmg3ZDY0N0BpM2h1OW85cjZ2dzMzZjgzM0BiYGE0NGExNS0xLTZfXzI2YSMub2ktMmRzX2pgLS1kL2Nzcw%3D%3D&btag=e00088000&expire=1752942736&l=20250718003128E8252316C9C9A41B9DD5&ply_type=2&policy=2&signature=feb99a2ae880db2c0d974bcb1e7dc3a6&tk=tt_chain_token,https://www.tiktok.com/divergentedigital3/video/7452830338268597537,,3604,155,154,134900,,,,,,"Natural POSH,Dark Preset,Green Screen Video,Green Screen",
zeeschuimer-export-tiktok.com-2025-07-18T17_45_37.653Z.csv,7493327226402884886,7493327226402884886,divergentedigitaloficial,Divergente Digital,85100,797,1249,https://p16-sign-useast2a.tiktokcdn.com/tos-useast2a-avt-0068-euttp/6d2bf74c23199840bbb354dcad17db50~tplv-tiktokx-cropcenter:100:100.jpeg?dr=14579&refresh_token=d37dfb42&x-expires=1752940800&x-signature=LfyvKiA3thGOBSei1s%2Fgwen5ZCM%3D&t=4d5b0474&ps=13740610&shp=a5d48078&shcp=81f88b70&idc=maliva,EXHIBICIÓN JOVENLANDESA EN LAS VERÓNICAS‚ TENERIFE 🚨,Tue Apr 15 2025,1744720200,no,no,sonido original - Divergente Digital,7493327236697672470,https://v77.tiktokcdn.com/cde63633edd7663106f97836cbcb82cc/687a772e/video/tos/no1a/tos-no1a-v-2370-no/oUEOJBMhIsSfYMr9QfLAfYtTgMFrcpeD0Jkeqw/?a=1233&bti=ODszNWYuMDE6&ch=0&cr=0&dr=0&er=0&lr=default&cd=0%7C0%7C0%7C0&br=250&bt=125&ft=.NpOcInz7ThO4ywKXq8Zmo&mime_type=audio_mpeg&qs=6&rc=O2Q2OTo7NWZmaDs7aTw4N0BpM3Y4aXI5cnl0eTMzbzU8NUAuNWIxNjBgXzYxLWFeXmAvYSNgM21fMmRrXnJgLS1kMTFzcw%3D%3D&vvpl=1&l=20250718003128E8252316C9C9A41B9DD5&btag=e00090000&cc=13,https://p16-sign-useast2a.tiktokcdn.com/tos-useast2a-avt-0068-euttp/6d2bf74c23199840bbb354dcad17db50~tplv-tiktokx-cropcenter:1080:1080.jpeg?dr=14579&refresh_token=4371e593&x-expires=1752940800&x-signature=b0WOH5siCxKIrZn2Xq23T3FXO3E%3D&t=4d5b0474&ps=13740610&shp=a5d48078&shcp=81f88b70&idc=maliva,Divergente Digital,https://v16-webapp-prime.tiktok.com/video/tos/no1a/tos-no1a-ve-0068-no/o4YsQeLqbAgfIWG9sgGAIV9NsGfApMfSQpIAei/?a=1988&bti=ODszNWYuMDE6&ch=0&cr=3&dr=0&lr=all&cd=0%7C0%7C0%7C&cv=1&br=1738&bt=869&cs=0&ds=3&ft=4fUEKMUm8Zmo0bWv5I4jV.ze8pWrKsd.&mime_type=video_mp4&qs=0&rc=ZmY3NWc3ZDppZmg3ZTs3ZUBpajgzcm05cnF0eTMzbzgzNUAwMWIwLS0xNjUxMS1gNjZjYSNrai01MmRzXnJgLS1kLzFzcw%3D%3D&btag=e00090000&expire=1752942766&l=20250718003128E8252316C9C9A41B9DD5&ply_type=2&policy=2&signature=68584ce4c4f4402ee3ef5e4f31d3c051&tk=tt_chain_token,https://www.tiktok.com/divergentedigitaloficial/video/7493327226402884886,,8200,578,956,173600,,,,,,"Green Screen Video,Green Screen,Natural POSH,Dark Preset",
zeeschuimer-export-tiktok.com-2025-07-18T17_45_37.653Z.csv,7448001533909814561,7448001533909814561,malanoticiadeldia,malanoticiadeldía,23100,303,196,https://p16-sign-useast2a.tiktokcdn.com/tos-useast2a-avt-0068-euttp/c55e595a1a888c166054c06cad7160c3~tplv-tiktokx-cropcenter:100:100.jpeg?dr=14579&refresh_token=2df85070&x-expires=1752940800&x-signature=g2czzYAz793t0OBaH9wnY4bdhLY%3D&t=4d5b0474&ps=13740610&shp=a5d48078&shcp=81f88b70&idc=maliva,NO QUIERO PAGAR HOTELES Y COMIDA‚ CUANDO TENEMOS GENTE EN ESPAÑA PASANDOLO MAL.  Esto es la era del progreso?‚ yo tengo cada vez más impuestos‚ más dificultades. Y me canso de ver como gente que vienen de forma ilegal‚ se creen con el derecho de tener todo gratis.  #psoedimision #pedrosanchezdimision #corrupcion #politica #control #inmigrantes ,Fri Dec 13 2024,1734123004,no,no,sonido original,7448001575207602976,https://v77.tiktokcdn.com/05aa9bbaed146e04d52218bd5d7f62a9/687a76fb/video/tos/useast2a/tos-useast2a-v-2370-euttp/owQMf46SOVuh6f4yMaQag5WFeAAJRA8eQdhAQf/?a=1233&bti=ODszNWYuMDE6&ch=0&cr=0&dr=0&er=0&lr=default&cd=0%7C0%7C0%7C0&br=250&bt=125&ds=5&ft=.NpOcInz7ThO4ywKXq8Zmo&mime_type=audio_mpeg&qs=13&rc=MztrOHE5cnk8dzMzZjU8M0BpMztrOHE5cnk8dzMzZjU8M0A0YS1oMmRzb2JgLS1kMWNzYSM0YS1oMmRzb2JgLS1kMWNzcw%3D%3D&vvpl=1&l=20250718003128E8252316C9C9A41B9DD5&btag=e00078000&cc=13,https://p16-sign-useast2a.tiktokcdn.com/tos-useast2a-avt-0068-euttp/c55e595a1a888c166054c06cad7160c3~tplv-tiktokx-cropcenter:1080:1080.jpeg?dr=14579&refresh_token=135bbac9&x-expires=1752940800&x-signature=4vBCxktYBKyqKzYYb%2Ff3pGKT3Cw%3D&t=4d5b0474&ps=13740610&shp=a5d48078&shcp=81f88b70&idc=maliva,malanoticiadeldía,https://webapp-i18n.tiktok.com/6260ab572d8ffdb6e2fa7bc13e9a091b/687bc87b/kmoat/mps/logo/v2/r/p/v0f044gc0000cte9pbvog65g74rlura0/11355528446a4b839f54490c31a2dfe8/d4c97ab2cb405e4d50eae613b737eb70/mp4/main.mp4?a=1988&bti=ODszNWYuMDE6&ch=0&cr=3&dr=0&lr=all&cd=0%7C0%7C0%7C&cv=1&br=0&bt=0&cs=0&ds=3&eid=1286&ft=4YBg3MUm8Zmo0bWv5I4jV.ze8pWrKsd.&mime_type=video_mp4&qs=0&rc=cnF8b2hsc2d3SkBwaHIxaDFybndmO2k1NGY8N2k2ZWQ3Ozg4NEBpM3VvN2o5cmU8dzMzZjczM0BjRl5Nc3FePmJKYSNvYF90aHFmOiNiYV4wLTEyNjUxMzEvMjAuYSNecm80MmRzbWJgLS1kMWNzcw%3D%3D&btag=e000b8000&definition=720p&du=27&item_id=7448001533909814561&l=20250718003128E8252316C9C9A41B9DD5&logo_type=tiktok_m&ply_type=2&policy=eyJ2bSI6MiwiY2siOiJ0dF9jaGFpbl90b2tlbiJ9&user_text=malanoticiadeldia,https://www.tiktok.com/malanoticiadeldia/video/7448001533909814561,,43,4,2,978,psoedimision‚pedrosanchezdimision‚corrupcion‚politica‚control‚inmigrantes,psoedimision‚pedrosanchezdimision‚corrupcion‚politica‚control‚inmigrantes,,,Una congregación de Jovenlandia del Sur pide en la puerta de un teatro en París comida y alojamiento gratis‚PROGRESO ,"Natural POSH,Dark Preset,Green Screen Video,Green Screen",
zeeschuimer-export-tiktok.com-2025-07-18T17_45_37.653Z.csv,7395813745122954529,7395813745122954529,jovenlandeses.new,Jovenlandeses News,576,12000,859,https://p16-sign-useast2a.tiktokcdn.com/tos-useast2a-avt-0068-euttp/532f35c9f4f4c58af9d175ac1f6798e4~tplv-tiktokx-cropcenter:100:100.jpeg?dr=14579&refresh_token=21015f38&x-expires=1752940800&x-signature=n7dX%2BeXnYDtxcWPtBaBvfgG%2Bs5k%3D&t=4d5b0474&ps=13740610&shp=a5d48078&shcp=81f88b70&idc=maliva,,Fri Jul 26 2024,1721972107,no,no,sonido original,7395813882197035809,https://v77.tiktokcdn.com/8875c673c300c0d856d0ea13ea1a3042/687a7806/video/tos/useast2a/tos-useast2a-v-2370-euttp/o84sFAeGNEaQDisLIAAmeEIQoGeGeRvgaTIyFr/?a=1233&bti=ODszNWYuMDE6&ch=0&cr=0&dr=0&er=0&lr=default&cd=0%7C0%7C0%7C0&br=250&bt=125&ds=5&ft=.NpOcInz7ThO4ywKXq8Zmo&mime_type=audio_mpeg&qs=13&rc=MzR3NG45cjhtdDMzZjU8M0BpMzR3NG45cjhtdDMzZjU8M0ByYGkvMmRjX2VgLS1kMWNzYSNyYGkvMmRjX2VgLS1kMWNzcw%3D%3D&vvpl=1&l=20250718003128E8252316C9C9A41B9DD5&btag=e00058000&cc=13,https://p16-sign-useast2a.tiktokcdn.com/tos-useast2a-avt-0068-euttp/532f35c9f4f4c58af9d175ac1f6798e4~tplv-tiktokx-cropcenter:1080:1080.jpeg?dr=14579&refresh_token=6b7eb6ea&x-expires=1752940800&x-signature=7zlgbKOVO6CxZfg6no2Gg%2BZEjZY%3D&t=4d5b0474&ps=13740610&shp=a5d48078&shcp=81f88b70&idc=maliva,Jovenlandeses News,https://v16-webapp-prime.tiktok.com/video/tos/useast2a/tos-useast2a-ve-0068-euttp/oIZnBppMEJYK0q1IDGvwjNwbji1AWiQByyTEo/?a=1988&bti=ODszNWYuMDE6&ch=0&cr=3&dr=0&lr=all&cd=0%7C0%7C0%7C&cv=1&br=2960&bt=1480&cs=0&ds=3&ft=4fUEKMUm8Zmo0bWv5I4jV.ze8pWrKsd.&mime_type=video_mp4&qs=0&rc=ZWQ2Nmc4aGQ4aDU4OzVlaEBpajw3ZGw5cnJtdDMzZjczM0BeNV80LTI1XzQxX2FeXi8xYSNlZzIyMmRrXmVgLS1kMWNzcw%3D%3D&btag=e00098000&expire=1752942982&l=20250718003128E8252316C9C9A41B9DD5&ply_type=2&policy=2&signature=a372414c7157689b8e84e8a2a842c4af&tk=tt_chain_token,https://www.tiktok.com/jovenlandeses.new/video/7395813745122954529,,52,9,4,1079,,,,,,"Dark Preset,Green Screen Video,Green Screen,Natural POSH",
zeeschuimer-export-tiktok.com-2025-07-18T17_45_37.653Z.csv,7453876970938502442,7453876970938502442,crpainting1.com,🐺🧸CR Painting🐺,3367,100100,1898,https://p16-sign-va.tiktokcdn.com/tos-maliva-avt-0068/7860c578852482877cc58cffb26a542b~tplv-tiktokx-cropcenter:100:100.jpeg?dr=14579&refresh_token=3b8a7ef1&x-expires=1752940800&x-signature=iPz778k%2FPByXgA%2BhpKaD5%2B1%2B4DQ%3D&t=4d5b0474&ps=13740610&shp=a5d48078&shcp=81f88b70&idc=maliva,Back That Azz Up ! #music1998 #juvenile Girl you workin' with some ass‚ yeah‚ you bad‚ yeah ! 🤣😂,Sun Dec 29 2024,1735490979,no,no,original sound,7453876896275893038,https://v77.tiktokcdn.com/d87966a4aaf2f9f4168e489363eafbde/687a771d/video/tos/maliva/tos-maliva-v-27dcd7c799-us/o4HHt0GsLA3L4eFfATLwEC6oWlVQQkAeAOvEgI/?a=1233&bti=ODszNWYuMDE6&ch=0&cr=0&dr=0&er=0&lr=default&cd=0%7C0%7C0%7C0&br=250&bt=125&ds=5&ft=.NpOcInz7ThO4ywKXq8Zmo&mime_type=audio_mpeg&qs=13&rc=M2dvcnM5cjxxdzMzZzU8NEBpM2dvcnM5cjxxdzMzZzU8NEBycTVeMmRjb2xgLS1kMS9zYSNycTVeMmRjb2xgLS1kMS9zcw%3D%3D&vvpl=1&l=20250718003128E8252316C9C9A41B9DD5&btag=e00050000&cc=13,https://p16-sign-va.tiktokcdn.com/tos-maliva-avt-0068/7860c578852482877cc58cffb26a542b~tplv-tiktokx-cropcenter:1080:1080.jpeg?dr=14579&refresh_token=eaccd9f4&x-expires=1752940800&x-signature=Ps9tNfbTKsIAGnL%2By558iAzezvo%3D&t=4d5b0474&ps=13740610&shp=a5d48078&shcp=81f88b70&idc=maliva,🐺🧸CR Painting🐺,https://v16-webapp-prime.tiktok.com/video/tos/maliva/tos-maliva-ve-0068c799-us/ocQsingEMBXKbgR7kmIAbFED2fDPocg7hfYBaS/?a=1988&bti=ODszNWYuMDE6&ch=0&cr=3&dr=0&lr=all&cd=0%7C0%7C0%7C&cv=1&br=1450&bt=725&cs=0&ds=3&ft=4fUEKMUm8Zmo0bWv5I4jV.ze8pWrKsd.&mime_type=video_mp4&qs=0&rc=M2ZmNzg3OTVlaWQ6PGQ7aEBpM25naWw5cjNxdzMzZzczNEA1YWJeNi5iNTYxYjUzLWIyYSMzLWI1MmRjb2xgLS1kMS9zcw%3D%3D&btag=e00090000&expire=1752942749&l=20250718003128E8252316C9C9A41B9DD5&ply_type=2&policy=2&signature=d6ce99c430cd5e02a1aa6338236b1f29&tk=tt_chain_token,https://www.tiktok.com/crpainting1.com/video/7453876970938502442,,51,2,16,4401,music1998‚juvenile,music1998‚juvenile,,,,"Dark Preset,Green Screen Video,Green Screen,Natural POSH",
zeeschuimer-export-tiktok.com-2025-07-18T17_45_37.653Z.csv,7461626992203500832,7461626992203500832,jovenlandia,Jovenlandia,2261,30000,54,https://p16-sign-va.tiktokcdn.com/tos-maliva-avt-0068/caa73e017a21ad8987bd42496a6c8302~tplv-tiktokx-cropcenter:100:100.jpeg?dr=14579&refresh_token=fd48fc7d&x-expires=1752940800&x-signature=t3Pas7FVa%2FOo%2FxTFZPrw4ZePzK4%3D&t=4d5b0474&ps=13740610&shp=a5d48078&shcp=81f88b70&idc=maliva,Le preguntan a Donald Trump por Venezuela y Maduro #eeuu #usa #trump #maduro #venezuela #caracas,Sun Jan 19 2025,1737295426,no,no,sonido original,7461628581450468129,https://v77.tiktokcdn.com/9b9e980ae2ffc4be377d4369ce4d8bb4/687a76ed/video/tos/useast2a/tos-useast2a-v-2370-euttp/o8CNO0piAB6TUAZEAAgdrEsHvBilC88rwW470/?a=1233&bti=ODszNWYuMDE6&ch=0&cr=0&dr=0&er=0&lr=default&cd=0%7C0%7C0%7C0&br=250&bt=125&ds=5&ft=.NpOcInz7ThO4ywKXq8Zmo&mime_type=audio_mpeg&qs=13&rc=MzxnbXY5cmVqeDMzZjU8M0BpMzxnbXY5cmVqeDMzZjU8M0BqNmliMmRrYzNgLS1kMWNzYSNqNmliMmRrYzNgLS1kMWNzcw%3D%3D&vvpl=1&l=20250718003128E8252316C9C9A41B9DD5&btag=e00070000&cc=13,https://p16-sign-va.tiktokcdn.com/tos-maliva-avt-0068/caa73e017a21ad8987bd42496a6c8302~tplv-tiktokx-cropcenter:1080:1080.jpeg?dr=14579&refresh_token=e38ed072&x-expires=1752940800&x-signature=aMBUuyfUTwlJwJM7nAU5hyN4tfI%3D&t=4d5b0474&ps=13740610&shp=a5d48078&shcp=81f88b70&idc=maliva,Jovenlandia,https://webapp-i18n.tiktok.com/e0ea6ac969b5bd4a3493a06b91f78fb4/687bc86d/kmoat/mps/logo/v2/r/p/v0f044gc0000cu6gbnvog65sjm48i2q0/9255effa06b340459f0d7305eae81d28/b7b805b8146d65abf6058d014e024185/mp4/main.mp4?a=1988&bti=ODszNWYuMDE6&ch=0&cr=3&dr=0&lr=all&cd=0%7C0%7C0%7C&cv=1&br=0&bt=0&cs=0&ds=3&eid=1286&ft=4YBg3MUm8Zmo0bWv5I4jV.ze8pWrKsd.&mime_type=video_mp4&qs=0&rc=cnF8b2hsc2d3SkBwaHIxaDFybndmO2c7ZDg2Z2k4MzY5ZGk4NUBpMzU7cHY5cnFqeDMzZjczM0BjRl5Nc3FePmJKYSNvYF90aHFmOiMvLmJiLTQtNjExXy1jYjI2YSNuZjFnMmRzXzNgLS1kMWNzcw%3D%3D&btag=e000b0000&definition=720p&du=13&item_id=7461626992203500832&l=20250718003128E8252316C9C9A41B9DD5&logo_type=tiktok_m&ply_type=2&policy=eyJ2bSI6MiwiY2siOiJ0dF9jaGFpbl90b2tlbiJ9&user_text=jovenlandia,https://www.tiktok.com/jovenlandia/video/7461626992203500832,,58,2,6,976,eeuu‚usa‚trump‚maduro‚venezuela‚caracas,eeuu‚usa‚trump‚maduro‚venezuela‚caracas,,,¿Aviso de Trump a Maduro?,"Dark Preset,Green Screen Video,Green Screen,Natural POSH",
zeeschuimer-export-tiktok.com-2025-07-18T17_45_37.653Z.csv,7473955713384058134,7473955713384058134,divergentedigitaloficial,Divergente Digital,85100,797,1249,https://p16-sign-useast2a.tiktokcdn.com/tos-useast2a-avt-0068-euttp/6d2bf74c23199840bbb354dcad17db50~tplv-tiktokx-cropcenter:100:100.jpeg?dr=14579&refresh_token=d37dfb42&x-expires=1752940800&x-signature=LfyvKiA3thGOBSei1s%2Fgwen5ZCM%3D&t=4d5b0474&ps=13740610&shp=a5d48078&shcp=81f88b70&idc=maliva,🚨 JOVENLANDÉS SE ENCARA CON VARIOS CIUDADANOS EN EL METRO DE BARCELONA 🚨,Fri Feb 21 2025,1740171000,no,no,sonido original - Divergente Digital,7473955742177954582,https://v77.tiktokcdn.com/2ffac9f16609082431ccf83919cd2b3c/687a7743/video/tos/no1a/tos-no1a-v-2370-no/o8ePM2TeoJGck4yI40LZNQAyLiDbYADAaegIhE/?a=1233&bti=ODszNWYuMDE6&ch=0&cr=0&dr=0&er=0&lr=default&cd=0%7C0%7C0%7C0&br=250&bt=125&ft=.NpOcInz7ThO4ywKXq8Zmo&mime_type=audio_mpeg&qs=6&rc=NWk1NWUzOTQ6ZmZnZWg1aUBpamk3OGo5cjxneDMzbzU8NUAuL2JfYzM0Nl4xXzBjLWNjYSM1b2sxMmRrM3BgLS1kMTFzcw%3D%3D&vvpl=1&l=20250718003128E8252316C9C9A41B9DD5&btag=e00090000&cc=13,https://p16-sign-useast2a.tiktokcdn.com/tos-useast2a-avt-0068-euttp/6d2bf74c23199840bbb354dcad17db50~tplv-tiktokx-cropcenter:1080:1080.jpeg?dr=14579&refresh_token=4371e593&x-expires=1752940800&x-signature=b0WOH5siCxKIrZn2Xq23T3FXO3E%3D&t=4d5b0474&ps=13740610&shp=a5d48078&shcp=81f88b70&idc=maliva,Divergente Digital,https://v16-webapp-prime.tiktok.com/video/tos/no1a/tos-no1a-ve-0068-no/owCJt4BfIiAlE2A3TQiyQ0BKCyGzvKB4zJzKwv/?a=1988&bti=ODszNWYuMDE6&ch=0&cr=3&dr=0&lr=all&cd=0%7C0%7C0%7C&cv=1&br=1700&bt=850&cs=0&ds=3&ft=4fUEKMUm8Zmo0bWv5I4jV.ze8pWrKsd.&mime_type=video_mp4&qs=0&rc=Njo2ZDVmNDU3ZGk3Ojg2OEBpamk3NWw5cnlneDMzbzgzNUA0MjEyYTFgXjYxNS8tNTM0YSM2ZzUuMmRrMnBgLS1kLzFzcw%3D%3D&btag=e00090000&expire=1752942787&l=20250718003128E8252316C9C9A41B9DD5&ply_type=2&policy=2&signature=db4263937300dd9fe1096c062da8864e&tk=tt_chain_token,https://www.tiktok.com/divergentedigitaloficial/video/7473955713384058134,,1563,196,78,66200,,,,,,"Green Screen Video,Green Screen,Natural POSH,Dark Preset",
zeeschuimer-export-tiktok.com-2025-07-18T17_45_37.653Z.csv,7524444555589012741,7524444555589012741,beatriz__moreiraaa,bia moreira,27500,88500,137,https://p16-sign-va.tiktokcdn.com/tos-maliva-avt-0068/d9b53e14fcc05bdf56846f25a2576e9c~tplv-tiktokx-cropcenter:100:100.jpeg?dr=14579&refresh_token=f3f77538&x-expires=1752940800&x-signature=fC5Z1u9XB3mY7JiVpd1LF5C4uI0%3D&t=4d5b0474&ps=13740610&shp=a5d48078&shcp=81f88b70&idc=maliva,#whoville #quemlandia #whovillenose ,Mon Jul 07 2025,1751921275,no,no,Picture You,7389771188298320645,https://sf16-ies-music-va.tiktokcdn.com/obj/tos-useast2a-ve-2774/ok1MXCKv3aSRbJzeBAIPQ8R3gfn7OiFCeDWzA8,https://p16-amd-va.tiktokcdn.com/img/tos-useast2a-v-2774/oIe4aAGEzgFfNeAAvAAroIABIFZQ64D3Hl0DFC~c5_720x720.jpeg,Clara Smallman,https://v16-webapp-prime.tiktok.com/video/tos/useast2a/tos-useast2a-ve-0068c003/o4JB8HoEshYDlBfMQlJoDfEXFEARVQbqKbXnBI/?a=1988&bti=ODszNWYuMDE6&ch=0&cr=3&dr=0&lr=all&cd=0%7C0%7C0%7C&cv=1&br=2122&bt=1061&cs=0&ds=3&ft=4fUEKMUm8Zmo0bWv5I4jV.ze8pWrKsd.&mime_type=video_mp4&qs=0&rc=cnF8b2hsc2d3SkBwaHIxaDFybndmaDw1ZmY7ZTw2Njg4OjU5OEBpanJ3dm85cnM2NDMzNzczM0BjRl5Nc3FePmJKYSNvYF90aHFmOiMwNl8vLmEvXzYxXjBgMS0tYSNhYjQ2MmRjMGphLS1kMTZzcw%3D%3D&btag=e000b8000&expire=1752942704&l=20250718003128E8252316C9C9A41B9DD5&ply_type=2&policy=2&signature=283a46fbb9705393182424091eea9d8b&tk=tt_chain_token,https://www.tiktok.com/beatriz__moreiraaa/video/7524444555589012741,,5506,152,829,389100,whoville‚quemlandia‚whovillenose,whoville‚quemlandia‚whovillenose,,,Nós‚ moradoras de   Quemlândia ,"Natural POSH,Dark Preset,Green Screen Video,Green Screen",
zeeschuimer-export-tiktok.com-2025-07-18T17_45_37.653Z.csv,7473404627623349526,7473404627623349526,vox_espana,VOX España 🇪🇸,707400,7211,1152,https://p16-sign-sg.tiktokcdn.com/tos-alisg-avt-0068/7326787900329164820~tplv-tiktokx-cropcenter:100:100.jpeg?dr=14579&refresh_token=eb4d61f0&x-expires=1752940800&x-signature=Ceg8%2BBptqVradoMVdEi7FXKGPKM%3D&t=4d5b0474&ps=13740610&shp=a5d48078&shcp=81f88b70&idc=maliva,,Thu Feb 20 2025,1740037619,no,no,sonido original,7473404657719479062,https://v58.tiktokcdn.com/video/tos/no1a/tos-no1a-v-2370-no/oYFF3fDvFLD3tutNhJtSCBQUDkyQYkUfgntFkE/?a=1233&bti=ODszNWYuMDE6&ch=0&cr=0&dr=0&er=0&lr=default&cd=0%7C0%7C0%7C0&br=250&bt=125&ft=.NpOcInz7ThO4ywKXq8Zmo&mime_type=audio_mpeg&qs=6&rc=PGU5N2Q1OTw3ZDo7aDozPEBpajQ3cmw5cndneDMzbzU8NUBiYzYvNWAyXmMxYmMtMzMzYSNoZGstMmRzb29gLS1kMTFzcw%3D%3D&vvpl=1&l=20250718003128E8252316C9C9A41B9DD5&VExpiration=1752856330&VSignature=VWsl_D_fsgm_vyAXtqYm5g&btag=e00088000&cc=14,https://p16-sign-sg.tiktokcdn.com/tos-alisg-avt-0068/7326787900329164820~tplv-tiktokx-cropcenter:1080:1080.jpeg?dr=14579&refresh_token=1d01c666&x-expires=1752940800&x-signature=M%2FBOPPi%2FU9vBVsVJnh0V4kIQMPo%3D&t=4d5b0474&ps=13740610&shp=a5d48078&shcp=81f88b70&idc=maliva,VOX España 🇪🇸,https://v16-webapp-prime.tiktok.com/video/tos/no1a/tos-no1a-ve-0068c001-no/o4YgOLeIaAbfPxAICIDujmACH1Q8LZIbGe9but/?a=1988&bti=ODszNWYuMDE6&ch=0&cr=3&dr=0&lr=all&cd=0%7C0%7C0%7C&cv=1&br=1476&bt=738&cs=0&ds=3&ft=4fUEKMUm8Zmo0bWv5I4jV.ze8pWrKsd.&mime_type=video_mp4&qs=0&rc=M2ZlZDM0Nzw4ZjM5NWY0OkBpMzptcHk5cnBneDMzbzczNUBgMDQzYTMtNTIxXy5eNGM1YSMtM2ktMmQ0b29gLS1kMTFzcw%3D%3D&btag=e00088000&expire=1752942730&l=20250718003128E8252316C9C9A41B9DD5&ply_type=2&policy=2&signature=f510c91daa3c47e116f6beb5a7257a15&tk=tt_chain_token,https://www.tiktok.com/vox_espana/video/7473404627623349526,,8371,512,368,54700,,,,,,"Dark Preset,Green Screen Video,Green Screen,Natural POSH",
zeeschuimer-export-tiktok.com-2025-07-18T17_45_37.653Z.csv,7521285082540248325,7521285082540248325,jovenal.tb,Jovenal Tb,154,1473,270,https://p16-sign-va.tiktokcdn.com/tos-maliva-avt-0068/0ca735b5499be4d8c571b8c385190004~tplv-tiktokx-cropcenter:100:100.jpeg?dr=14579&refresh_token=97a024c7&x-expires=1752940800&x-signature=NJSRcfI837vnvNf2VO5aoSFE1wM%3D&t=4d5b0474&ps=13740610&shp=a5d48078&shcp=81f88b70&idc=maliva,#dueto com @mymeme2538 ,Sun Jun 29 2025,1751185656,yes,no,เสียงต้นฉบับ - mymeme2538,7515687119323941649,https://v58.tiktokcdn.com/video/tos/alisg/tos-alisg-v-27dcd7/owEANoJUJBRACgJzuZECBFEBWFDHXTA0lfedZQ/?a=1233&bti=ODszNWYuMDE6&ch=0&cr=0&dr=0&er=0&lr=default&cd=0%7C0%7C0%7C0&br=250&bt=125&ds=5&ft=.NpOcInz7ThO4ywKXq8Zmo&mime_type=audio_mpeg&qs=13&rc=M2VsaHE5cjprNDMzODU8NEBpM2VsaHE5cjprNDMzODU8NEBzNmE2MmRjXzNhLS1kMS1zYSNzNmE2MmRjXzNhLS1kMS1zcw%3D%3D&vvpl=1&l=20250718003128E8252316C9C9A41B9DD5&VExpiration=1752856304&VSignature=5516p1Xk550_p3fVz9WiIg&btag=e00078000&cc=14,https://p16-sign-useast2a.tiktokcdn.com/tos-useast2a-avt-0068-aiso/b6cbbd26864c89ec212e7060b69e7fff~tplv-tiktokx-cropcenter:1080:1080.jpeg?dr=14579&refresh_token=ece876ed&x-expires=1752940800&x-signature=4PXcX%2B9teCYP5XYg%2FKIvRjATRHU%3D&t=4d5b0474&ps=13740610&shp=a5d48078&shcp=81f88b70&idc=maliva,mymeme2538,https://v16-webapp-prime.tiktok.com/video/tos/useast2a/tos-useast2a-ve-0068c002/okBZAeyYCF7CLEPgQoEDxPfEIswRQjSFBJBmER/?a=1988&bti=ODszNWYuMDE6&ch=0&cr=3&dr=0&lr=all&cd=0%7C0%7C0%7C&br=1456&bt=728&cs=0&ds=3&ft=4fUEKMUm8Zmo0bWv5I4jV.ze8pWrKsd.&mime_type=video_mp4&qs=0&rc=cnF8b2hsc2d3SkBwaHIxaDFybndmZDdkZDs1NWlnOjQ4aWk0aUBpM3M3cnI5cnNpNDMzNzczM0BjRl5Nc3FePmJKYSNvYF90aHFmOiNeLi41Mi8xX2IxL2AvMTIuYSMuMWlmMmRrZWRhLS1kMTZzcw%3D%3D&btag=e000b8000&expire=1752942704&l=20250718003128E8252316C9C9A41B9DD5&ply_type=2&policy=2&signature=8b96b0b9d3e67779e41e401b97eb671f&tk=tt_chain_token,https://www.tiktok.com/jovenal.tb/video/7521285082540248325,,6,0,0,206,dueto,dueto,,,,"Natural POSH,Dark Preset,Green Screen Video,Green Screen",
zeeschuimer-export-tiktok.com-2025-07-18T17_45_37.653Z.csv,7388016886979562784,7388016886979562784,eljefeking_,꧁☬ELJEFEKING☬꧂,38900,16200,190,https://p77-sign-va.tiktokcdn.com/tos-maliva-avt-0068/d48218c633bf2d4f5222448081db0beb~tplv-tiktokx-cropcenter:100:100.jpeg?dr=14579&refresh_token=12c1f498&x-expires=1752940800&x-signature=MFI40%2BU7CkM7MEgW7xIeEkiHPMw%3D&t=4d5b0474&ps=13740610&shp=a5d48078&shcp=81f88b70&idc=maliva,jovelandeses #govierno #españa🇪🇸 #eljefekingvox💚 #eljefeking #pedrosanchez #jovelandiaa ,Fri Jul 05 2024,1720156761,no,no,sonido original,7388017020657224480,https://v77.tiktokcdn.com/01ff072148671779382f87dc645557fe/687a771a/video/tos/useast2a/tos-useast2a-v-2370-euttp/owfaAsLE4mShIQEVBpdFSUfDBbAYhIJPJsPCAD/?a=1233&bti=ODszNWYuMDE6&ch=0&cr=0&dr=0&er=0&lr=default&cd=0%7C0%7C0%7C0&br=250&bt=125&ds=5&ft=.NpOcInz7ThO4ywKXq8Zmo&mime_type=audio_mpeg&qs=13&rc=M3BsbHA5cnBydDMzZjU8M0BpM3BsbHA5cnBydDMzZjU8M0AzcV4xMmRrMTBgLS1kMWNzYSMzcV4xMmRrMTBgLS1kMWNzcw%3D%3D&vvpl=1&l=20250718003128E8252316C9C9A41B9DD5&btag=e00048000&cc=13,https://p16-sign-va.tiktokcdn.com/tos-maliva-avt-0068/d48218c633bf2d4f5222448081db0beb~tplv-tiktokx-cropcenter:1080:1080.jpeg?dr=14579&refresh_token=a339e8ee&x-expires=1752940800&x-signature=kp%2F0syXER0ofYk44pL%2FCQLoe2r8%3D&t=4d5b0474&ps=13740610&shp=a5d48078&shcp=81f88b70&idc=maliva,꧁☬ELJEFEKING☬꧂,,https://www.tiktok.com/eljefeking_/video/7388016886979562784,,1736,321,124,112900,govierno‚españa🇪🇸‚eljefekingvox💚‚eljefeking‚pedrosanchez‚jovelandiaa,govierno‚españa🇪🇸‚eljefekingvox💚‚eljefeking‚pedrosanchez‚jovelandiaa,,,,"Natural POSH,Dark Preset,Green Screen Video,Green Screen",
zeeschuimer-export-tiktok.com-2025-07-18T17_45_37.653Z.csv,7490154229819067670,7490154229819067670,vaaaaleriaaaa__,Vaaaaleriaaaa__,218800,116900,1930,https://p77-sign-va.tiktokcdn.com/tos-maliva-avt-0068/14b4fa6ebe88dd35039c3bd4a36d697c~tplv-tiktokx-cropcenter:100:100.jpeg?dr=14579&refresh_token=bdb42ebf&x-expires=1752940800&x-signature=cFBN%2F3EIVCi%2FJjrTD6dSOMVRXdw%3D&t=4d5b0474&ps=13740610&shp=a5d48078&shcp=81f88b70&idc=maliva,,Sun Apr 06 2025,1743937434,no,no,sonido original,7393337962446621473,https://v58.tiktokcdn.com/video/tos/useast2a/tos-useast2a-v-2370-euttp/oYJ0nDyACh5YjP2mamPFEm8mQBTfsoe0qQD0U3/?a=1233&bti=ODszNWYuMDE6&ch=0&cr=0&dr=0&er=0&lr=default&cd=0%7C0%7C0%7C0&br=250&bt=125&ft=.NpOcInz7ThO4ywKXq8Zmo&mime_type=audio_mpeg&qs=6&rc=Zzo6O2RnaDVkNDQ4NjNkOkBpams0dGo5cmY5dDMzZjU8M0A2MF9fXzBeXl8xMTIvYGFiYSNqcGBxMmRrZ2FgLS1kMWNzcw%3D%3D&vvpl=1&l=20250718003128E8252316C9C9A41B9DD5&VExpiration=1752856321&VSignature=3myGZnhE9gnhRdVuBbUcUA&btag=e00088000&cc=14,https://p16-sign-useast2a.tiktokcdn.com/tos-useast2a-avt-0068-euttp/b1740688ca2f5e0a9ca9b6f05a7d59a2~tplv-tiktokx-cropcenter:1080:1080.jpeg?dr=14579&refresh_token=b3c55f66&x-expires=1752940800&x-signature=rIEAvXobbR6xertGRjimvTGGi%2BQ%3D&t=4d5b0474&ps=13740610&shp=a5d48078&shcp=81f88b70&idc=maliva,Vibra Musical,https://v16-webapp-prime.tiktok.com/video/tos/no1a/tos-no1a-ve-0068-no/osjPEUV8g9oRAIX6nBEbnAFXExFyklfXBsQeDI/?a=1988&bti=ODszNWYuMDE6&ch=0&cr=3&dr=0&lr=all&cd=0%7C0%7C0%7C&cv=1&br=2456&bt=1228&cs=0&ds=3&ft=4fUEKMUm8Zmo0bWv5I4jV.ze8pWrKsd.&mime_type=video_mp4&qs=0&rc=OzRlNTNpPDQ5OzZnZTo1OUBpM3BpN245cnI4eTMzbzczNUA2YGIzYi4wXjMxYjUtYDRgYSNjZXEyMmRzcm1gLS1kMTFzcw%3D%3D&btag=e000b0000&expire=1752942696&l=20250718003128E8252316C9C9A41B9DD5&ply_type=2&policy=2&signature=b56ae1b34bc7681d939cb5186c8bf672&tk=tt_chain_token,https://www.tiktok.com/vaaaaleriaaaa__/video/7490154229819067670,,955,18,21,16700,,,,,Asi sonaria mi vida si todos los jovenlandeses estuviesen en su pais,"Natural POSH,Dark Preset,Green Screen Video,Green Screen",
zeeschuimer-export-tiktok.com-2025-07-18T17_45_37.653Z.csv,7280705636877356293,7280705636877356293,joven.landas,Joven Landas,2,3,3,https://p16-sign-va.tiktokcdn.com/tos-maliva-avt-0068/7263354883330768902~tplv-tiktokx-cropcenter:100:100.jpeg?dr=14579&refresh_token=364ce527&x-expires=1752940800&x-signature=phcc3EqSmGWU7NOExA7hsiZawxU%3D&t=4d5b0474&ps=13740610&shp=a5d48078&shcp=81f88b70&idc=maliva,Dong pasayloa ko dong🥺,Wed Sep 20 2023,1695171384,no,no,Gihiloan sa bana ang asawa.,7027700725647969050,https://v58.tiktokcdn.com/video/tos/useast2a/tos-useast2a-v-27dcd7-aiso/2006796a95404fad837616a666a810a0/?a=1233&bti=ODszNWYuMDE6&ch=0&cr=0&dr=0&er=0&lr=default&cd=0%7C0%7C0%7C0&br=252&bt=126&ds=5&ft=.NpOcInz7ThO4ywKXq8Zmo&mime_type=video_mp4&qs=13&rc=MzNvazs6ZjlwOTMzZjU8M0BpMzNvazs6ZjlwOTMzZjU8M0Bqbm81cjRnZTBgLS1kMWNzYSNqbm81cjRnZTBgLS1kMWNzcw%3D%3D&vvpl=1&l=20250718003128E8252316C9C9A41B9DD5&VExpiration=1752856309&VSignature=243gXfQu60SYKEpIwI3RWA&btag=e00078000&cc=14,https://p16-sign-sg.tiktokcdn.com/tos-alisg-avt-0068/a42bffc24c1237f10324d877ab35bb72~tplv-tiktokx-cropcenter:1080:1080.jpeg?dr=14579&refresh_token=5545db1d&x-expires=1752940800&x-signature=vyf70mAuI%2FCXr2e3jlyUND1BFdI%3D&t=4d5b0474&ps=13740610&shp=a5d48078&shcp=81f88b70&idc=maliva,Junex Vlog,https://v16-webapp-prime.tiktok.com/video/tos/useast2a/tos-useast2a-ve-0068c004/ow6QfBbDbQCdl1bJ9EBHRmA4BbIgeuECnFokxI/?a=1988&bti=ODszNWYuMDE6&ch=0&cr=3&dr=0&lr=all&cd=0%7C0%7C0%7C&br=1124&bt=562&cs=0&ds=3&ft=4fUEKMUm8Zmo0bWv5I4jV.ze8pWrKsd.&mime_type=video_mp4&qs=0&rc=N2U7aDw7ODo0PDY8ZDM2Z0Bpanl3ZTU6Znc3bjMzNzczM0AvMTAyMzIzXl4xNmMtXy1hYSNhM2JzcjRfMDJgLS1kMTZzcw%3D%3D&btag=e000b8000&expire=1752942704&l=20250718003128E8252316C9C9A41B9DD5&ply_type=2&policy=2&signature=b51bcbbb3aafa62dce3d120ca46dcb92&tk=tt_chain_token,https://www.tiktok.com/joven.landas/video/7280705636877356293,,6,2,0,103,,,,,,"Dark Preset,Green Screen Video,Green Screen,Natural POSH",
zeeschuimer-export-tiktok.com-2025-07-18T17_45_37.653Z.csv,7368550680585440544,7368550680585440544,circodiputadostiktok,El Circo de los Diputados,57600,3720,183,https://p16-sign-useast2a.tiktokcdn.com/tos-useast2a-avt-0068-euttp/7256693382814040090~tplv-tiktokx-cropcenter:100:100.jpeg?dr=14579&refresh_token=f3ea16f2&x-expires=1752940800&x-signature=PkFUL6GTfq3%2FD7JwVNEQn1z%2F%2F1k%3D&t=4d5b0474&ps=13740610&shp=a5d48078&shcp=81f88b70&idc=maliva,Abascal vende piedras mascota 🗿🤑 #circodiputados #marianorajoyfrases #abascal #pabloiglesias #pedrosanchez #minecraft #ia #jovenlandia ,Mon May 13 2024,1715624406,no,no,sonido original,7368550717416852257,https://v77.tiktokcdn.com/8057a00502774161c4b3fb78ac6f1aba/687a7717/video/tos/useast2a/tos-useast2a-v-2370-euttp/owDCAPBZEBcQMEEpdfJWUnjDZn29lQxeAHCAFm/?a=1233&bti=ODszNWYuMDE6&ch=0&cr=0&dr=0&er=0&lr=default&cd=0%7C0%7C0%7C0&br=250&bt=125&ds=5&ft=.NpOcInz7ThO4ywKXq8Zmo&mime_type=audio_mpeg&qs=13&rc=amtreWs5cnA4czMzZjU8M0BpamtreWs5cnA4czMzZjU8M0BybWVlMmRjZy5gLS1kMWNzYSNybWVlMmRjZy5gLS1kMWNzcw%3D%3D&vvpl=1&l=20250718003128E8252316C9C9A41B9DD5&btag=e00048000&cc=13,https://p16-sign-useast2a.tiktokcdn.com/tos-useast2a-avt-0068-euttp/7256693382814040090~tplv-tiktokx-cropcenter:1080:1080.jpeg?dr=14579&refresh_token=c3afce27&x-expires=1752940800&x-signature=hqU718Y%2FiejF95fN%2FEjqINMkApQ%3D&t=4d5b0474&ps=13740610&shp=a5d48078&shcp=81f88b70&idc=maliva,El Circo de los Diputados,https://v16-webapp-prime.tiktok.com/video/tos/useast2a/tos-useast2a-ve-0068-euttp/ooEWsFBRPDmCQvEmsQZPAde2QfC8tQDEZbIqlg/?a=1988&bti=ODszNWYuMDE6&ch=0&cr=3&dr=0&lr=all&cd=0%7C0%7C0%7C&cv=1&br=3850&bt=1925&cs=0&ds=3&ft=4fUEKMUm8Zmo0bWv5I4jV.ze8pWrKsd.&mime_type=video_mp4&qs=0&rc=NzhlZTk4Njc2OjxpOzpnZ0BpajR5PHA5cmk4czMzZjczM0AxYDBjMjEtNTUxNjM1Ll5iYSMyanJfMmQ0Zy5gLS1kMWNzcw%3D%3D&btag=e00088000&expire=1752942743&l=20250718003128E8252316C9C9A41B9DD5&ply_type=2&policy=2&signature=52825fda824004584c2a89fa7b208f1f&tk=tt_chain_token,https://www.tiktok.com/circodiputadostiktok/video/7368550680585440544,,5555,20,204,89000,circodiputados‚marianorajoyfrases‚abascal‚pabloiglesias‚pedrosanchez‚minecraft‚ia‚jovenlandia,circodiputados‚marianorajoyfrases‚abascal‚pabloiglesias‚pedrosanchez‚Minecraft‚ia‚jovenlandia,,,,"Natural POSH,Dark Preset,Green Screen Video,Green Screen",
zeeschuimer-export-tiktok.com-2025-07-18T17_45_37.653Z.csv,7225041248657165595,7225041248657165595,youngdali11,youngdali11,10500,2345,346,https://p77-sign-va.tiktokcdn.com/tos-maliva-avt-0068/496c8dccd84e226bddbd97abe5c5456b~tplv-tiktokx-cropcenter:100:100.jpeg?dr=14579&refresh_token=af2bf3d6&x-expires=1752940800&x-signature=VBZS40mFN9DfR3TYWLDWSNsd2Ko%3D&t=4d5b0474&ps=13740610&shp=a5d48078&shcp=81f88b70&idc=maliva,Queria dar mi opinion del tema‚ con mucho respeto. Las mejores pa todos #medellin #nomadadigital #medellinturistico #medellincolombia #medellin🇨🇴 ,Sun Apr 23 2023,1682211013,no,no,original sound,7225041568665717531,https://v77.tiktokcdn.com/aaf03eda2e179dc06ddd7629761a3ef6/687a7794/video/tos/useast2a/tos-useast2a-v-27dcd7-aiso/9c1dd0bb34984927b2e5a3b9a2eb3312/?a=1233&bti=ODszNWYuMDE6&ch=0&cr=0&dr=0&er=0&lr=default&cd=0%7C0%7C0%7C0&br=250&bt=125&ds=5&ft=.NpOcInz7ThO4ywKXq8Zmo&mime_type=audio_mpeg&qs=13&rc=ajNweTk6ZjU7azMzZjU8M0BpajNweTk6ZjU7azMzZjU8M0AxNWk2cjRvLy9gLS1kMWNzYSMxNWk2cjRvLy9gLS1kMWNzcw%3D%3D&vvpl=1&l=20250718003128E8252316C9C9A41B9DD5&btag=e00058000&cc=13,https://p77-sign-va.tiktokcdn.com/tos-maliva-avt-0068/496c8dccd84e226bddbd97abe5c5456b~tplv-tiktokx-cropcenter:1080:1080.jpeg?dr=14579&refresh_token=f3366753&x-expires=1752940800&x-signature=QBg6TS6nz%2BjaiDUan0dMuULgzok%3D&t=4d5b0474&ps=13740610&shp=a5d48078&shcp=81f88b70&idc=maliva,youngdali11,https://v16-webapp-prime.tiktok.com/video/tos/useast2a/tos-useast2a-pve-0037c001-aiso/osfBDANnPREQNgRpE7QzIafhzI0vIkEUz2DHBL/?a=1988&bti=ODszNWYuMDE6&ch=0&cr=3&dr=0&lr=all&cd=0%7C0%7C0%7C&cv=1&br=4752&bt=2376&cs=0&ds=3&ft=4fUEKMUm8Zmo0bWv5I4jV.ze8pWrKsd.&mime_type=video_mp4&qs=0&rc=ZDNnZWY5ZWk5aDs1Omk5ZkBpamlnczY6Znc6azMzZjczM0AvMDA1L2AxXjMxNi1fLmA0YSMzaXItcjRncy9gLS1kMWNzcw%3D%3D&btag=e00098000&expire=1752942868&l=20250718003128E8252316C9C9A41B9DD5&ply_type=2&policy=2&signature=2ad88a5db44dfc8f0d67bf7a2aacb843&tk=tt_chain_token,https://www.tiktok.com/youngdali11/video/7225041248657165595,,22500,1941,2166,417400,medellin‚nomadadigital‚medellinturistico‚medellincolombia‚medellin🇨🇴,medellin‚nomadadigital‚medellinturistico‚medellincolombia‚medellin🇨🇴,,,GENTRIFICACIÓN EN MEDELLÍN 🧐💰‚GENTRIFICACION,"Green Screen,Natural POSH,Dark Preset,Green Screen Video",
zeeschuimer-export-tiktok.com-2025-07-18T17_45_37.653Z.csv,7444582553090149665,7444582553090149665,jovenlandeses.new,Jovenlandeses News,576,12000,859,https://p16-sign-useast2a.tiktokcdn.com/tos-useast2a-avt-0068-euttp/532f35c9f4f4c58af9d175ac1f6798e4~tplv-tiktokx-cropcenter:100:100.jpeg?dr=14579&refresh_token=21015f38&x-expires=1752940800&x-signature=n7dX%2BeXnYDtxcWPtBaBvfgG%2Bs5k%3D&t=4d5b0474&ps=13740610&shp=a5d48078&shcp=81f88b70&idc=maliva,,Wed Dec 04 2024,1733326957,no,no,sonido original,7444582585256446752,https://v77.tiktokcdn.com/b4a9eb8fa518b9a58565250acdd209d7/687a7736/video/tos/useast2a/tos-useast2a-v-2370-euttp/oIOAeBg5hEbIPELTPGAIpHDAAooag8eCwDeGIe/?a=1233&bti=ODszNWYuMDE6&ch=0&cr=0&dr=0&er=0&lr=default&cd=0%7C0%7C0%7C0&br=250&bt=125&ds=5&ft=.NpOcInz7ThO4ywKXq8Zmo&mime_type=audio_mpeg&qs=13&rc=ajl0OW05cnY6dzMzZjU8M0Bpajl0OW05cnY6dzMzZjU8M0BzLWZzMmQ0ZDVgLS1kMWNzYSNzLWZzMmQ0ZDVgLS1kMWNzcw%3D%3D&vvpl=1&l=20250718003128E8252316C9C9A41B9DD5&btag=e00050000&cc=13,https://p16-sign-useast2a.tiktokcdn.com/tos-useast2a-avt-0068-euttp/532f35c9f4f4c58af9d175ac1f6798e4~tplv-tiktokx-cropcenter:1080:1080.jpeg?dr=14579&refresh_token=6b7eb6ea&x-expires=1752940800&x-signature=7zlgbKOVO6CxZfg6no2Gg%2BZEjZY%3D&t=4d5b0474&ps=13740610&shp=a5d48078&shcp=81f88b70&idc=maliva,Jovenlandeses News,https://v16-webapp-prime.tiktok.com/video/tos/useast2a/tos-useast2a-ve-0068c001-euttp/owHEPUQBaFIeABPPCn9qRWQGhEIEfD6DEQ8UNH/?a=1988&bti=ODszNWYuMDE6&ch=0&cr=3&dr=0&lr=all&cd=0%7C0%7C0%7C&cv=1&br=1196&bt=598&cs=0&ds=3&ft=4fUEKMUm8Zmo0bWv5I4jV.ze8pWrKsd.&mime_type=video_mp4&qs=0&rc=aTk6NGhkaGhnOjo1NTQ5ZEBpM3c3a3g5cnQ6dzMzZjczM0A0M2FeMjZeNTMxYmBgXi9jYSNjNXBqMmRrZDVgLS1kMWNzcw%3D%3D&btag=e00090000&expire=1752942774&l=20250718003128E8252316C9C9A41B9DD5&ply_type=2&policy=2&signature=bf64c755e4314a730c78aa87b310ca8a&tk=tt_chain_token,https://www.tiktok.com/jovenlandeses.new/video/7444582553090149665,,46,12,1,399,,,,,,"Dark Preset,Green Screen Video,Green Screen,Natural POSH",
zeeschuimer-export-tiktok.com-2025-07-18T17_45_37.653Z.csv,7446323972293119264,7446323972293119264,jovenlandia,Jovenlandia,2261,30000,54,https://p16-sign-va.tiktokcdn.com/tos-maliva-avt-0068/caa73e017a21ad8987bd42496a6c8302~tplv-tiktokx-cropcenter:100:100.jpeg?dr=14579&refresh_token=fd48fc7d&x-expires=1752940800&x-signature=t3Pas7FVa%2FOo%2FxTFZPrw4ZePzK4%3D&t=4d5b0474&ps=13740610&shp=a5d48078&shcp=81f88b70&idc=maliva,Don Antonio Naranjo,Mon Dec 09 2024,1733732433,no,no,sonido original,7446324072562756385,https://v77.tiktokcdn.com/7301e07b87d901a0495de3b281f89092/687a7720/video/tos/useast2a/tos-useast2a-v-2370-euttp/ooGkqnABfCBdAaDTUFWWhQEQ6FJNqVIAOPEEDe/?a=1233&bti=ODszNWYuMDE6&ch=0&cr=0&dr=0&er=0&lr=default&cd=0%7C0%7C0%7C0&br=250&bt=125&ds=5&ft=.NpOcInz7ThO4ywKXq8Zmo&mime_type=audio_mpeg&qs=13&rc=MzZuNmw5cm5kdzMzZjU8M0BpMzZuNmw5cm5kdzMzZjU8M0BjYl8xMmRzZF9gLS1kMWNzYSNjYl8xMmRzZF9gLS1kMWNzcw%3D%3D&vvpl=1&l=20250718003128E8252316C9C9A41B9DD5&btag=e00050000&cc=13,https://p16-sign-va.tiktokcdn.com/tos-maliva-avt-0068/caa73e017a21ad8987bd42496a6c8302~tplv-tiktokx-cropcenter:1080:1080.jpeg?dr=14579&refresh_token=e38ed072&x-expires=1752940800&x-signature=aMBUuyfUTwlJwJM7nAU5hyN4tfI%3D&t=4d5b0474&ps=13740610&shp=a5d48078&shcp=81f88b70&idc=maliva,Jovenlandia,https://v16-webapp-prime.tiktok.com/video/tos/useast2a/tos-useast2a-ve-0068c001-euttp/o8GEgErQjfGIOAqfWrCr9UGU7i8DIEFxe4GG1e/?a=1988&bti=ODszNWYuMDE6&ch=0&cr=3&dr=0&lr=all&cd=0%7C0%7C0%7C&cv=1&br=1720&bt=860&cs=0&ds=3&ft=4fUEKMUm8Zmo0bWv5I4jV.ze8pWrKsd.&mime_type=video_mp4&qs=0&rc=ZGk2ZWRkZDs4ZjY3N2lnOEBpMzVnOm85cnZkdzMzZjczM0BeY2NfYDY0NmMxXy8tNWE1YSMucWByMmRjY19gLS1kMWNzcw%3D%3D&btag=e00090000&expire=1752942752&l=20250718003128E8252316C9C9A41B9DD5&ply_type=2&policy=2&signature=f242f3db57d3bd4706477dec81e07ca6&tk=tt_chain_token,https://www.tiktok.com/jovenlandia/video/7446323972293119264,,42,1,5,732,,,,,,"Natural POSH,Dark Preset,Green Screen Video,Green Screen",
zeeschuimer-export-tiktok.com-2025-07-18T17_45_37.653Z.csv,7448921181148728608,7448921181148728608,jovenlandia,Jovenlandia,2261,30000,54,https://p16-sign-va.tiktokcdn.com/tos-maliva-avt-0068/caa73e017a21ad8987bd42496a6c8302~tplv-tiktokx-cropcenter:100:100.jpeg?dr=14579&refresh_token=fd48fc7d&x-expires=1752940800&x-signature=t3Pas7FVa%2FOo%2FxTFZPrw4ZePzK4%3D&t=4d5b0474&ps=13740610&shp=a5d48078&shcp=81f88b70&idc=maliva,Alsina en su programa de onda cero le da caña al gobierno.  #PedroSánchez #GobiernoCorrupto #PolíticaEspaña #ActualidadPolítica #Corrupción #NoticiasEspaña #OpiniónPública #Alsina #PedroYSuMujer #DebatePolítico #NoticiasVirales #EspañaHoy #TendenciasTikTok #LibertadDeExpresión #EscándaloPolítico #GobiernoEnCrisis #PedroSánchezNews #PeriodismoCrítico #TiktokEspaña #VerdadesPolíticas #CrisisDeGobierno #NoticiasDeHoy #EspañaViral #PolíticaActual #TrendingEspaña #psoe #begoña #sanchez ,Mon Dec 16 2024,1734337128,no,no,sonido original,7448921284898999073,https://v77.tiktokcdn.com/a22d43acf98b4cf112a8c7834a84f716/687a7777/video/tos/useast2a/tos-useast2a-v-2370-euttp/okTvGerroIpeIn4fXAOgLEBfIWT8EApKCGXAD0/?a=1233&bti=ODszNWYuMDE6&ch=0&cr=0&dr=0&er=0&lr=default&cd=0%7C0%7C0%7C0&br=250&bt=125&ds=5&ft=.NpOcInz7ThO4ywKXq8Zmo&mime_type=audio_mpeg&qs=13&rc=ank2dnQ5cnd4dzMzZjU8M0Bpank2dnQ5cnd4dzMzZjU8M0BmaC9uMmRjMWNgLS1kMWNzYSNmaC9uMmRjMWNgLS1kMWNzcw%3D%3D&vvpl=1&l=20250718003128E8252316C9C9A41B9DD5&btag=e00050000&cc=13,https://p16-sign-va.tiktokcdn.com/tos-maliva-avt-0068/caa73e017a21ad8987bd42496a6c8302~tplv-tiktokx-cropcenter:1080:1080.jpeg?dr=14579&refresh_token=e38ed072&x-expires=1752940800&x-signature=aMBUuyfUTwlJwJM7nAU5hyN4tfI%3D&t=4d5b0474&ps=13740610&shp=a5d48078&shcp=81f88b70&idc=maliva,Jovenlandia,https://v16-webapp-prime.tiktok.com/video/tos/useast2a/tos-useast2a-ve-0068c001-euttp/oYDrEEkgfI4vtFzIre9f6uQolcLoEjgFfOQ7AG/?a=1988&bti=ODszNWYuMDE6&ch=0&cr=3&dr=0&lr=all&cd=0%7C0%7C0%7C&cv=1&br=602&bt=301&cs=0&ds=3&ft=4fUEKMUm8Zmo0bWv5I4jV.ze8pWrKsd.&mime_type=video_mp4&qs=0&rc=ZGllOWk3aGRkOGZpN2c1NUBpM292Z2w5cnV3dzMzZjczM0BjLjA1YDY0X2MxYjEvYi4vYSNucGIuMmRjc2NgLS1kMWNzcw%3D%3D&btag=e00090000&expire=1752942839&l=20250718003128E8252316C9C9A41B9DD5&ply_type=2&policy=2&signature=0d950779769d268e1fa683949582f236&tk=tt_chain_token,https://www.tiktok.com/jovenlandia/video/7448921181148728608,,7740,365,532,80800,pedrosánchez‚gobiernocorrupto‚políticaespaña‚actualidadpolítica‚corrupción‚noticiasespaña‚opiniónpública‚alsina‚pedroysumujer‚debatepolítico‚noticiasvirales‚españahoy‚tendenciastiktok‚libertaddeexpresión‚escándalopolítico‚gobiernoencrisis‚pedrosáncheznews‚periodismocrítico‚tiktokespaña‚verdadespolíticas‚crisisdegobierno‚noticiasdehoy‚españaviral‚políticaactual‚trendingespaña‚psoe‚begoña‚sanchez,pedrosánchez‚gobiernocorrupto‚políticaespaña‚actualidadpolítica‚corrupción‚noticiasespaña‚opiniónpública‚alsina‚pedroysumujer‚debatepolítico‚noticiasvirales‚españahoy‚tendenciastiktok‚libertaddeexpresión‚escándalopolítico‚gobiernoencrisis‚pedrosáncheznews‚periodismocrítico‚tiktokespaña‚verdadespolíticas‚crisisdegobierno‚noticiasdehoy‚españaviral‚políticaactual‚trendingespaña‚psoe‚begoña‚sanchez,,,Alsina destroza a la secta del PSOE que defiende al presidente y a su mujer. ¿Estás de acuerdo con esta intervención en onda cero?,"Green Screen Video,Green Screen,Natural POSH,Dark Preset",
zeeschuimer-export-tiktok.com-2025-07-18T17_45_37.653Z.csv,7483989365337672982,7483989365337672982,nostradamus.detaured_go3,nostradamus detaured-godalania,3302,44,1293,https://p16-sign-useast2a.tiktokcdn.com/tos-useast2a-avt-0068-euttp/f095551bdfb0977e7da67b119cdc690f~tplv-tiktokx-cropcenter:100:100.jpeg?dr=14579&refresh_token=ccc4bebe&x-expires=1752940800&x-signature=XfZAdjdoNM5hwkXRcLRxJWCWPRU%3D&t=4d5b0474&ps=13740610&shp=a5d48078&shcp=81f88b70&idc=maliva,,Thu Mar 20 2025,1742502064,no,no,orijinal ses,6845625159894797062,https://v77.tiktokcdn.com/1a2b5912df54a1ba293d5172835a3745/687a771c/video/tos/useast2a/tos-useast2a-v-27dcd7/f78ac812d840487eaff1c0d00b6bbe57/?a=1233&bti=ODszNWYuMDE6&ch=0&cr=0&dr=0&er=0&lr=default&cd=0%7C0%7C0%7C0&br=200&bt=100&ds=5&ft=.NpOcInz7ThO4ywKXq8Zmo&mime_type=audio_mp4&qs=13&rc=anZ3cmRpcXA7djMzNDU8M0BpanZ3cmRpcXA7djMzNDU8M0BsYDJiYGtvay1fLS1eMTZzYSNsYDJiYGtvay1fLS1eMTZzcw%3D%3D&vvpl=1&l=20250718003128E8252316C9C9A41B9DD5&btag=e00048000&cc=13,https://p16-sign-va.tiktokcdn.com/tos-maliva-avt-0068/7324169452579864582~tplv-tiktokx-cropcenter:1080:1080.jpeg?dr=14579&refresh_token=1a996aaa&x-expires=1752940800&x-signature=lyqem7IB86NWO6Zu4BXkNH13IGQ%3D&t=4d5b0474&ps=13740610&shp=a5d48078&shcp=81f88b70&idc=maliva,arkeolog,https://v16-webapp-prime.tiktok.com/video/tos/no1a/tos-no1a-ve-0068-no/ooV74O8VMR92cxTpA2WBIfjjfD8SPFLgQeANIu/?a=1988&bti=ODszNWYuMDE6&ch=0&cr=3&dr=0&lr=all&cd=0%7C0%7C0%7C&cv=1&br=2526&bt=1263&cs=0&ds=3&ft=4fUEKMUm8Zmo0bWv5I4jV.ze8pWrKsd.&mime_type=video_mp4&qs=0&rc=ZTxpNDk1OTtoaDxoM2dmO0BpanF3ZGw5cmY6eTMzbzczNUAvLjEvYDNjNjMxYC8wMGNiYSNvcWFhMmRjXmJgLS1kMTFzcw%3D%3D&btag=e00090000&expire=1752942801&l=20250718003128E8252316C9C9A41B9DD5&ply_type=2&policy=2&signature=af02b50d1ee6f07921dcba5e8705f1b3&tk=tt_chain_token,https://www.tiktok.com/nostradamus.detaured_go3/video/7483989365337672982,,167,22,17,980,,,,,ilegalizacion PPSOETA,"Natural POSH,Dark Preset,Green Screen Video,Green Screen",
zeeschuimer-export-tiktok.com-2025-07-18T17_45_37.653Z.csv,7524467037414968632,7524467037414968632,kawporfirio,kawporfirio,135300,6618,493,https://p16-sign-va.tiktokcdn.com/tos-maliva-avt-0068/ed3cdc769756a32f21eef674b129450f~tplv-tiktokx-cropcenter:100:100.jpeg?dr=14579&refresh_token=02bc936b&x-expires=1752940800&x-signature=PUaMcFSTC%2FjcTQHrIeL5VOsfUpQ%3D&t=4d5b0474&ps=13740610&shp=a5d48078&shcp=81f88b70&idc=maliva,L I N D A #quemlandia #trend #filmeinfantil ,Tue Jul 08 2025,1751926511,no,no,Picture You,7389771188298320645,https://sf16-ies-music-va.tiktokcdn.com/obj/tos-useast2a-ve-2774/ok1MXCKv3aSRbJzeBAIPQ8R3gfn7OiFCeDWzA8,https://p16-amd-va.tiktokcdn.com/img/tos-useast2a-v-2774/oIe4aAGEzgFfNeAAvAAroIABIFZQ64D3Hl0DFC~c5_720x720.jpeg,Clara Smallman,https://v16-webapp-prime.tiktok.com/video/tos/useast2a/tos-useast2a-pve-0068/oskAN4vAVioB4i7RQBxIw6fMCPgisRi0oIvENh/?a=1988&bti=ODszNWYuMDE6&ch=0&cr=3&dr=0&lr=all&cd=0%7C0%7C0%7C&br=3320&bt=1660&cs=0&ds=3&ft=4fUEKMUm8Zmo0bWv5I4jV.ze8pWrKsd.&mime_type=video_mp4&qs=0&rc=Zmk8PGhlNGRlaTc6aDxoNkBpamkzZXU5cnc3NDMzNzczM0AwLzA0NDM0NjIxNmBjY2JeYSNrbnFlMmRjYGphLS1kMTZzcw%3D%3D&btag=e000b0000&expire=1752942697&l=20250718003128E8252316C9C9A41B9DD5&ply_type=2&policy=2&signature=c17d96ba8ff7ae999981105b64f0331e&tk=tt_chain_token,https://www.tiktok.com/kawporfirio/video/7524467037414968632,,179300,918,2779,2500000,quemlandia‚trend‚filmeinfantil,quemlandia‚trend‚filmeinfantil,,,Minha enteada é a moradora mais forte da Quenlandia 🤣,"Natural POSH,Dark Preset,Green Screen Video,Green Screen",
zeeschuimer-export-tiktok.com-2025-07-18T17_45_37.653Z.csv,7474095870888119557,7474095870888119557,deleonardo,Leonardo,18600,63500,59,https://p77-sign-va.tiktokcdn.com/tos-maliva-avt-0068/d203657c6374bfba9000de17c7c81cd8~tplv-tiktokx-cropcenter:100:100.jpeg?dr=14579&refresh_token=d0974385&x-expires=1752940800&x-signature=go3Wc4HVuL4UUf7veveGTOUuprY%3D&t=4d5b0474&ps=13740610&shp=a5d48078&shcp=81f88b70&idc=maliva,"Horton e o Mundo dos Quem!‚ um encantador filme de animação‚ narra a história de Horton‚ um elefante imaginativo e bondoso‚ que descobre uma comunidade microscópica chamada ""Quemlândia"" em um grão de poeira. Enquanto Horton tenta proteger os habitantes minúsculos‚ enfrenta descrédito e desafios de seus amigos na selva. Com uma mensagem poderosa sobre aceitação e a importância de cada ser‚ independentemente do tamanho‚ o filme é uma celebração do espírito de comunidade e da coragem de defender o que é certo. #HortonEOsQuem  #DrSeuss #AnimaçãoInfantil #UmaPessoaÉUmaPessoa   #HortonHearsAWho",Sat Feb 22 2025,1740198560,no,no,som original,7474095885996739383,https://v77.tiktokcdn.com/d64a2afc8073f4c0edd768968533b9a6/687a7729/video/tos/useast2a/tos-useast2a-v-27dcd7/oYulSAkBzAU4QhviiAAKBBEDKgu5f3UoHEEqCS/?a=1233&bti=ODszNWYuMDE6&ch=0&cr=0&dr=0&er=0&lr=default&cd=0%7C0%7C0%7C0&br=250&bt=125&ds=5&ft=.NpOcInz7ThO4ywKXq8Zmo&mime_type=audio_mpeg&qs=13&rc=M2p0a3I5cjxveDMzNzU8M0BpM2p0a3I5cjxveDMzNzU8M0BrcnEuMmRjMnBgLS1kMTZzYSNrcnEuMmRjMnBgLS1kMTZzcw%3D%3D&vvpl=1&l=20250718003128E8252316C9C9A41B9DD5&btag=e00050000&cc=13,https://p16-sign-va.tiktokcdn.com/tos-maliva-avt-0068/d203657c6374bfba9000de17c7c81cd8~tplv-tiktokx-cropcenter:1080:1080.jpeg?dr=14579&refresh_token=06c50198&x-expires=1752940800&x-signature=zVy57rLF5jHQNXRmf6Ap68ZadPY%3D&t=4d5b0474&ps=13740610&shp=a5d48078&shcp=81f88b70&idc=maliva,Leonardo,,https://www.tiktok.com/deleonardo/video/7474095870888119557,,158700,798,4555,2600000,hortoneosquem‚drseuss‚animaçãoinfantil‚umapessoaéumapessoa‚hortonhearsawho,hortoneosquem‚drseuss‚animaçãoinfantil‚umapessoaéumapessoa‚hortonhearsawho,,,,"Natural POSH,Dark Preset,Green Screen Video,Green Screen",
zeeschuimer-export-tiktok.com-2025-07-18T17_45_37.653Z.csv,7287990436503850272,7287990436503850272,alsanmol,Alfonso Sánchez,33400,273,3059,https://p77-sign-va.tiktokcdn.com/tos-maliva-avt-0068/6e78c1232f35cca2bdeba005f6f86397~tplv-tiktokx-cropcenter:100:100.jpeg?dr=14579&refresh_token=da382d2a&x-expires=1752940800&x-signature=WoapwaWocLF5d4zCEKuHJYRYX1E%3D&t=4d5b0474&ps=13740610&shp=a5d48078&shcp=81f88b70&idc=maliva,Así celebraba en 2016 Manuela Carmena los jovenlandeses que saltaban la valla desde Marruecos... #política #politica #politicaespañola #politicanacional #politicatiktok #político #politicainternacional ,Mon Oct 09 2023,1696867510,no,no,sonido original,7287990457674091296,https://v58.tiktokcdn.com/video/tos/useast2a/tos-useast2a-v-2370-euttp/oEbbh94koJAEBE9LyAEAadfCKohknhtJAqAjzA/?a=1233&bti=ODszNWYuMDE6&ch=0&cr=0&dr=0&er=0&lr=default&cd=0%7C0%7C0%7C0&br=250&bt=125&ds=5&ft=.NpOcInz7ThO4ywKXq8Zmo&mime_type=audio_mpeg&qs=13&rc=amRwcDM6Zmc1bjMzZjU8M0BpamRwcDM6Zmc1bjMzZjU8M0BlZWtycjRvNmZgLS1kMWNzYSNlZWtycjRvNmZgLS1kMWNzcw%3D%3D&vvpl=1&l=20250718003128E8252316C9C9A41B9DD5&VExpiration=1752856306&VSignature=ryVfjmEk38nlgqIbUMW17A&btag=e00078000&cc=14,https://p77-sign-va.tiktokcdn.com/tos-maliva-avt-0068/6e78c1232f35cca2bdeba005f6f86397~tplv-tiktokx-cropcenter:1080:1080.jpeg?dr=14579&refresh_token=36a841ff&x-expires=1752940800&x-signature=I7zL%2B8K0AnabnHfmeuYQuENUW6g%3D&t=4d5b0474&ps=13740610&shp=a5d48078&shcp=81f88b70&idc=maliva,Alfonso Sánchez,,https://www.tiktok.com/alsanmol/video/7287990436503850272,,87,46,63,6456,política‚politica‚politicaespañola‚politicanacional‚politicatiktok‚político‚politicainternacional,política‚politica‚politicaespañola‚politicanacional‚politicatiktok‚político‚politicainternacional,,,"Manuela Carmena:  ""Son los mejores‚ los más valientes"".","Natural POSH,Dark Preset,Green Screen Video,Green Screen",
zeeschuimer-export-tiktok.com-2025-07-18T17_45_37.653Z.csv,7311505912265460998,7311505912265460998,elmasgrandedemediocamino,Juventud Alianza,339,200,28,https://p16-sign-va.tiktokcdn.com/tos-maliva-avt-0068/7227077279950569478~tplv-tiktokx-cropcenter:100:100.jpeg?dr=14579&refresh_token=c0144ca1&x-expires=1752940800&x-signature=23LekGzCTBmE3HzhLG61AEmUbSI%3D&t=4d5b0474&ps=13740610&shp=a5d48078&shcp=81f88b70&idc=maliva,Serie Juvenil Campeon 2023!!! Felicidades!! #ElMasGrandeDeMediocamino ,Tue Dec 12 2023,1702342631,no,no,sonido original,7311505929472150277,https://v77.tiktokcdn.com/f37c5156b09a8b639f795d2bcbf008bc/687a7705/video/tos/useast2a/tos-useast2a-v-27dcd7/o8xemrweVgkAQAFXvE3WeOfQgcMAz7JgXA8W6P/?a=1233&bti=ODszNWYuMDE6&ch=0&cr=0&dr=0&er=0&lr=default&cd=0%7C0%7C0%7C0&br=250&bt=125&ds=5&ft=.NpOcInz7ThO4ywKXq8Zmo&mime_type=audio_mpeg&qs=13&rc=MzloOWw5cnR0bzMzNzU8M0BpMzloOWw5cnR0bzMzNzU8M0A0NWNzMmRzc29gLS1kMTZzYSM0NWNzMmRzc29gLS1kMTZzcw%3D%3D&vvpl=1&l=20250718003128E8252316C9C9A41B9DD5&btag=e00048000&cc=13,https://p16-sign-va.tiktokcdn.com/tos-maliva-avt-0068/7227077279950569478~tplv-tiktokx-cropcenter:1080:1080.jpeg?dr=14579&refresh_token=9cd7e317&x-expires=1752940800&x-signature=PUOMv8QP%2BbEyWtUjlexH8dZ1bbE%3D&t=4d5b0474&ps=13740610&shp=a5d48078&shcp=81f88b70&idc=maliva,Juventud Alianza,https://v16-webapp-prime.tiktok.com/video/tos/maliva/tos-maliva-ve-0068c801-us/ok5KYXD2QFAeIyC7agESJXISCi1DfjUvKTfrg2/?a=1988&bti=ODszNWYuMDE6&ch=0&cr=3&dr=0&lr=all&cd=0%7C0%7C0%7C&br=4032&bt=2016&cs=0&ds=2&ft=4fUEKMUm8Zmo0bWv5I4jV.ze8pWrKsd.&mime_type=video_mp4&qs=0&rc=Ojg3ZGk0PGRpM2c7OGc6O0BpanU7ZGs5cmd0bzMzNzczM0BiYF81MTJhNTYxYmJjNWA2YSMzXmFiMmRrc29gLS1kMTZzcw%3D%3D&btag=e00088000&expire=1752942725&l=20250718003128E8252316C9C9A41B9DD5&ply_type=2&policy=2&signature=5869c1de8213cf54d84637f6acbeabeb&tk=tt_chain_token,https://www.tiktok.com/elmasgrandedemediocamino/video/7311505912265460998,,58,3,3,3705,elmasgrandedemediocamino,elmasgrandedemediocamino,,,,"Natural POSH,Dark Preset,Green Screen Video,Green Screen",
zeeschuimer-export-tiktok.com-2025-07-18T17_45_37.653Z.csv,7449451695815347488,7449451695815347488,jovenlandia,Jovenlandia,2261,30000,54,https://p16-sign-va.tiktokcdn.com/tos-maliva-avt-0068/caa73e017a21ad8987bd42496a6c8302~tplv-tiktokx-cropcenter:100:100.jpeg?dr=14579&refresh_token=fd48fc7d&x-expires=1752940800&x-signature=t3Pas7FVa%2FOo%2FxTFZPrw4ZePzK4%3D&t=4d5b0474&ps=13740610&shp=a5d48078&shcp=81f88b70&idc=maliva,Iluminan el único árbol barranco del pollo #Paiporta #Navidad2024 #ÁrbolDeNavidad #TradicionesNavideñas #NoticiasValencia #Actualidad #ParaTi #FYP,Tue Dec 17 2024,1734460638,no,no,sonido original,7449451715486649121,https://v77.tiktokcdn.com/8f66cfb10c37c1de77f39b5d1b339dde/687a7701/video/tos/useast2a/tos-useast2a-v-2370-euttp/oAnKzBistEBKv7ABJ8AofVivzhE8EdhhnANOxA/?a=1233&bti=ODszNWYuMDE6&ch=0&cr=0&dr=0&er=0&lr=default&cd=0%7C0%7C0%7C0&br=250&bt=125&ds=5&ft=.NpOcInz7ThO4ywKXq8Zmo&mime_type=audio_mpeg&qs=13&rc=M2c6b3U5cnF2dzMzZjU8M0BpM2c6b3U5cnF2dzMzZjU8M0ByNGBrMmRzNmRgLS1kMWNzYSNyNGBrMmRzNmRgLS1kMWNzcw%3D%3D&vvpl=1&l=20250718003128E8252316C9C9A41B9DD5&btag=e00048000&cc=13,https://p16-sign-va.tiktokcdn.com/tos-maliva-avt-0068/caa73e017a21ad8987bd42496a6c8302~tplv-tiktokx-cropcenter:1080:1080.jpeg?dr=14579&refresh_token=e38ed072&x-expires=1752940800&x-signature=aMBUuyfUTwlJwJM7nAU5hyN4tfI%3D&t=4d5b0474&ps=13740610&shp=a5d48078&shcp=81f88b70&idc=maliva,Jovenlandia,https://webapp-i18n.tiktok.com/f28081b975298612691927edf81ee682/687bc881/kmoat/mps/logo/v2/r/p/v0f044gc0000ctgri8nog65kvsrnkv3g/5123f4f787df49c7a128e168d1373d44/9ce33c7996a1abe987addbeec1fc994d/mp4/main.mp4?a=1988&bti=ODszNWYuMDE6&ch=0&cr=3&dr=0&lr=all&cd=0%7C0%7C0%7C&cv=1&br=0&bt=0&cs=0&ds=3&eid=1286&ft=4YBg3MUm8Zmo0bWv5I4jV.ze8pWrKsd.&mime_type=video_mp4&qs=0&rc=cnF8b2hsc2d3SkBwaHIxaDFybndmN2c6NDs0OzQ6PGk6Ojc2NEBpanlxdm45cjt1dzMzZjczM0BjRl5Nc3FePmJKYSNvYF90aHFmOiMxMDBhM2IvXmAxYTVjYy8yYSMwaG9zMmRrZmRgLS1kMWNzcw%3D%3D&btag=e00088000&definition=720p&du=32&item_id=7449451695815347488&l=20250718003128E8252316C9C9A41B9DD5&logo_type=tiktok_m&ply_type=2&policy=eyJ2bSI6MiwiY2siOiJ0dF9jaGFpbl90b2tlbiJ9&user_text=jovenlandia,https://www.tiktok.com/jovenlandia/video/7449451695815347488,,579,15,36,6713,paiporta‚navidad2024‚árboldenavidad‚tradicionesnavideñas‚noticiasvalencia‚actualidad‚parati‚fyp,paiporta‚navidad2024‚árboldenavidad‚tradicionesnavideñas‚noticiasvalencia‚actualidad‚parati‚fyp,,,Emotivo homenaje en Paiporta. Han iluminado el único árbol que ha quedado en pie tras la riada‚Que no se nos olvide Valencia,"Natural POSH,Dark Preset,Green Screen Video,Green Screen",
zeeschuimer-export-tiktok.com-2025-07-18T17_45_37.653Z.csv,7525906188945460486,7525906188945460486,pr3tty_livmy,Liv,1478,231800,311,https://p16-sign-va.tiktokcdn.com/tos-maliva-avt-0068/f3fc1eef8d2009533ab4451fdf8f89a2~tplv-tiktokx-cropcenter:100:100.jpeg?dr=14579&refresh_token=a3d6b4c3&x-expires=1752940800&x-signature=m9QnjDAaTQM2p%2FUZs2ZreAcPM%2Bs%3D&t=4d5b0474&ps=13740610&shp=a5d48078&shcp=81f88b70&idc=maliva,qm falar q é mentira é mentiroso #grinch ,Fri Jul 11 2025,1752261587,no,no,Picture You,7389771188298320645,https://sf16-ies-music-va.tiktokcdn.com/obj/tos-useast2a-ve-2774/ok1MXCKv3aSRbJzeBAIPQ8R3gfn7OiFCeDWzA8,https://p16-amd-va.tiktokcdn.com/img/tos-useast2a-v-2774/oIe4aAGEzgFfNeAAvAAroIABIFZQ64D3Hl0DFC~c5_720x720.jpeg,Clara Smallman,https://v16-webapp-prime.tiktok.com/video/tos/useast2a/tos-useast2a-pve-0068/osQiIgCGjxE4A4GQSLreeE0foSII9ICgSqs6C4/?a=1988&bti=ODszNWYuMDE6&ch=0&cr=3&dr=0&lr=all&cd=0%7C0%7C0%7C&cv=1&br=2050&bt=1025&cs=0&ds=3&ft=4fUEKMUm8Zmo0iWv5I4jVeMMXpWrKsd.&mime_type=video_mp4&qs=0&rc=ZjVmNDU6ZmdkN2hpaTM8Z0BpMzU8ZWw5cnFwNDMzNzczM0A0NC81NF8tX2IxNTM1NGBgYSNeXnAvMmRrMWxhLS1kMTZzcw%3D%3D&btag=e000b0000&expire=1752942703&l=20250718003134BE1E96F34BAEE61F85FA&ply_type=2&policy=2&signature=4411b98931e8d76374320baf5892a902&tk=tt_chain_token,https://www.tiktok.com/pr3tty_livmy/video/7525906188945460486,,407,53,17,19100,grinch,grinch,,,eu sou a dona de quemlandia,"Cris💞,BLUE,Iphone 13 Pink,Green Screen Video,Green Screen",
zeeschuimer-export-tiktok.com-2025-07-18T17_45_37.653Z.csv,7508357114058902789,7508357114058902789,iglededios,Iglesia de Dios,278,0,6,https://p16-sign-va.tiktokcdn.com/tos-maliva-avt-0068/3fc943963e8105c973e853018e5b111e~tplv-tiktokx-cropcenter:100:100.jpeg?dr=14579&refresh_token=b45d2618&x-expires=1752940800&x-signature=uVg54eIJJ0gazNnayF0cPfz7tcc%3D&t=4d5b0474&ps=13740610&shp=a5d48078&shcp=81f88b70&idc=maliva,Que esperas para invitar a alguien?❤️‍🔥 #jovenes #cristo #jovenescristianos #amor #amigos ,Sun May 25 2025,1748175627,no,no,Alaba - Live,7317792747347019778,https://sf16-ies-music-va.tiktokcdn.com/obj/tos-useast2a-ve-2774/oonI1FrNngOJFEMMgaFfDCAKXOydDmIXz1Deaf,https://p16-amd-va.tiktokcdn.com/img/tos-useast2a-v-2774/oYOtBboQVECFNAyojPXzsfAgegEhsBDBmEpZAF~c5_720x720.jpeg,Evan Craft & Intimidad Worship,https://v16-webapp-prime.tiktok.com/video/tos/useast2a/tos-useast2a-ve-0068c001/ooFpXCgoMAklB7ZQEqAwcRSBJEzfEsjuE1eQID/?a=1988&bti=ODszNWYuMDE6&ch=0&cr=3&dr=0&lr=all&cd=0%7C0%7C0%7C&cv=1&br=2892&bt=1446&cs=0&ds=3&ft=4fUEKMUm8Zmo0iWv5I4jVeMMXpWrKsd.&mime_type=video_mp4&qs=0&rc=aGRoNjZoNjU2OjY2NjNoZkBpM3c6O285cnBqMzMzNzczM0AtNjUyNi00NmIxNC4wM2EwYSNzMi9hMmRjaG1hLS1kMTZzcw%3D%3D&btag=e000b8000&expire=1752942710&l=20250718003134BE1E96F34BAEE61F85FA&ply_type=2&policy=2&signature=7628e689dd98690807736173285fc879&tk=tt_chain_token,https://www.tiktok.com/iglededios/video/7508357114058902789,,6745,18,1882,105800,jovenes‚cristo‚jovenescristianos‚amor‚amigos,jovenes‚cristo‚jovenescristianos‚Amor‚Amigos,,,,"Green Screen,Cris💞,BLUE,Iphone 13 Pink,Green Screen Video",
zeeschuimer-export-tiktok.com-2025-07-18T17_45_37.653Z.csv,7515590795764747542,7515590795764747542,jovenlandiaa,JovenLandia (ESPAÑA),5,3,6,https://p77-sign-va.tiktokcdn.com/tos-maliva-avt-0068/75a4ca58235341205187dc41e754d2dc~tplv-tiktokx-cropcenter:100:100.jpeg?dr=14579&refresh_token=01657eeb&x-expires=1752940800&x-signature=61Qm5XVSg1t14FAbyzleXQckFkY%3D&t=4d5b0474&ps=13740610&shp=a5d48078&shcp=81f88b70&idc=maliva,,Sat Jun 14 2025,1749859856,no,no,sonido original,7515590738403674902,https://v16m.tiktokcdn.com/9f16fc887dc780869dcf5e74b5a5d556/687a76f9/video/tos/no1a/tos-no1a-v-2370-no/o0ohMC7KLkAFwEEoBTFfFBgxfv7A4pErJADuUR/?a=1233&bti=ODszNWYuMDE6&ch=0&cr=0&dr=0&er=0&lr=default&cd=0%7C0%7C0%7C0&br=250&bt=125&ds=5&ft=.NpOcInz7Thd4ywKXq8Zmo&mime_type=audio_mpeg&qs=13&rc=ank0d3E5cjdlNDMzbzU8NUBpank0d3E5cjdlNDMzbzU8NUBobzBeMmRjcDNhLS1kMTFzYSNobzBeMmRjcDNhLS1kMTFzcw%3D%3D&vvpl=1&l=20250718003134BE1E96F34BAEE61F85FA&btag=e00078000&cc=3,https://p77-sign-va.tiktokcdn.com/tos-maliva-avt-0068/75a4ca58235341205187dc41e754d2dc~tplv-tiktokx-cropcenter:1080:1080.jpeg?dr=14579&refresh_token=a33eff64&x-expires=1752940800&x-signature=spZ0wKVbjWtqLjuwuYXqaXAxh2s%3D&t=4d5b0474&ps=13740610&shp=a5d48078&shcp=81f88b70&idc=maliva,JovenLandia (ESPAÑA),https://v16-webapp-prime.tiktok.com/video/tos/no1a/tos-no1a-ve-0068c001-no/owBPM9BIsMBEEYZhAB1rxiXwLQIE5iIaAy9os/?a=1988&bti=ODszNWYuMDE6&ch=0&cr=3&dr=0&lr=all&cd=0%7C0%7C0%7C&cv=1&br=1446&bt=723&cs=0&ds=3&ft=4fUEKMUm8Zmo0iWv5I4jVeMMXpWrKsd.&mime_type=video_mp4&qs=0&rc=cnF8b2hsc2d3SkBwaHIxaDFybndmOTZlZDVpZmkzOTo1aTs0NEBpajRwZmo5cmVlNDMzbzczNUBjRl5Nc3FePmJKYSNvYF90aHFmOiMzMzAtMGIxNmMxYDQzX2NeYSMybWMxMmQ0bzNhLS1kMTFzcw%3D%3D&btag=e000b8000&expire=1752942713&l=20250718003134BE1E96F34BAEE61F85FA&ply_type=2&policy=2&signature=35659168c24e7fbbe9581f956bc097bd&tk=tt_chain_token,https://www.tiktok.com/jovenlandiaa/video/7515590795764747542,,0,0,0,46,,,,,,"Iphone 13 Pink,Green Screen Video,Green Screen,Cris💞,BLUE",
zeeschuimer-export-tiktok.com-2025-07-18T17_45_37.653Z.csv,7458770858291694894,7458770858291694894,kindrhino,David Precheur,1145,510,61,https://p16-sign-va.tiktokcdn.com/tos-maliva-avt-0068/7330541531071250438~tplv-tiktokx-cropcenter:100:100.jpeg?dr=14579&refresh_token=785be363&x-expires=1752940800&x-signature=FExULDLQNox7zO6Wkj0AxdthSMY%3D&t=4d5b0474&ps=13740610&shp=a5d48078&shcp=81f88b70&idc=maliva,#whoville #fakeorreal #cindylouwho #real,Sat Jan 11 2025,1736630428,no,no,original sound,7458770829535087406,https://v77.tiktokcdn.com/add5ac235ded25d146d11aa5e02b0606/687a76fa/video/tos/maliva/tos-maliva-v-27dcd7c799-us/ogo5n7IAkEEWaQcwEvTfdB8eAEMfHCAIKATPjF/?a=1233&bti=ODszNWYuMDE6&ch=0&cr=0&dr=0&er=0&lr=default&cd=0%7C0%7C0%7C0&br=250&bt=125&ds=5&ft=.NpOcInz7Thd4ywKXq8Zmo&mime_type=audio_mpeg&qs=13&rc=amlzOm05cjpoeDMzZzU8NEBpamlzOm05cjpoeDMzZzU8NEBqMnFqMmRjLi5gLS1kMS9zYSNqMnFqMmRjLi5gLS1kMS9zcw%3D%3D&vvpl=1&l=20250718003134BE1E96F34BAEE61F85FA&btag=e00078000&cc=13,https://p16-sign-va.tiktokcdn.com/tos-maliva-avt-0068/7330541531071250438~tplv-tiktokx-cropcenter:1080:1080.jpeg?dr=14579&refresh_token=cf6f3ebb&x-expires=1752940800&x-signature=4E46oKGH%2F8DLb9ELE74vNjQWdjg%3D&t=4d5b0474&ps=13740610&shp=a5d48078&shcp=81f88b70&idc=maliva,David Precheur,https://v16-webapp-prime.tiktok.com/video/tos/maliva/tos-maliva-ve-0068c799-us/oAPzDvfDSItiRenEK43XygwuCBKA5EALFQCjEg/?a=1988&bti=ODszNWYuMDE6&ch=0&cr=3&dr=0&lr=all&cd=0%7C0%7C0%7C&cv=1&br=1874&bt=937&cs=0&ds=3&ft=4fUEKMUm8Zmo0iWv5I4jVeMMXpWrKsd.&mime_type=video_mp4&qs=0&rc=ZDU7OThlPDo0PDtlPDYzNEBpamp5cHA5cjtoeDMzZzczNEAzMDMzNmBgXzQxYjI2MDFeYSNfcWJmMmRzLS5gLS1kMS9zcw%3D%3D&btag=e000b8000&expire=1752942714&l=20250718003134BE1E96F34BAEE61F85FA&ply_type=2&policy=2&signature=058e0683ad4abec47a67155e3f42f3b9&tk=tt_chain_token,https://www.tiktok.com/kindrhino/video/7458770858291694894,,21300,254,646,1600000,whoville‚fakeorreal‚cindylouwho‚real,whoville‚fakeorreal‚cindylouwho‚real,,,Cindy Loo who?,"Green Screen Video,Green Screen,Cris💞,BLUE,Iphone 13 Pink",
zeeschuimer-export-tiktok.com-2025-07-18T17_45_37.653Z.csv,7527070472853343510,7527070472853343510,infsemesp,Sálvame Marrakech 🇲🇦🥖🇫🇷,26500,12800,2653,https://p77-sign-va.tiktokcdn.com/tos-maliva-avt-0068/d13b61b73ce7790d3bf3363dd08bdee1~tplv-tiktokx-cropcenter:100:100.jpeg?dr=14579&refresh_token=7006d27c&x-expires=1752940800&x-signature=9WpJzX92YxUQd%2F53X4cGJyugpBM%3D&t=4d5b0474&ps=13740610&shp=a5d48078&shcp=81f88b70&idc=maliva,Torrepacheco día 3 disturbios los jóvenes nómadas buscan gitanos ‚ ultras y machotes #live #viral  Mañana a las 19;00 manifestación en el ayuntamiento de #torrepacheco #guardiacivil ,Tue Jul 15 2025,1752532668,no,no,sonido original,7527070458762808086,https://v77.tiktokcdn.com/f4560e84e41ede8d48cb8af1a6c6d9b2/687a76fe/video/tos/no1a/tos-no1a-v-2370-no/og5MrarEvWPHiAgiblB7GBYv4AZA1BhuCaAUE/?a=1233&bti=ODszNWYuMDE6&ch=0&cr=0&dr=0&er=0&lr=default&cd=0%7C0%7C0%7C0&br=250&bt=125&ds=5&ft=.NpOcInz7Thd4ywKXq8Zmo&mime_type=audio_mpeg&qs=13&rc=am5kaHU5cmlyNDMzbzU8NUBpam5kaHU5cmlyNDMzbzU8NUA0ajAzMmRrYW5hLS1kMTFzYSM0ajAzMmRrYW5hLS1kMTFzcw%3D%3D&vvpl=1&l=20250718003134BE1E96F34BAEE61F85FA&btag=e00078000&cc=13,https://p77-sign-va.tiktokcdn.com/tos-maliva-avt-0068/d13b61b73ce7790d3bf3363dd08bdee1~tplv-tiktokx-cropcenter:1080:1080.jpeg?dr=14579&refresh_token=cbd64d05&x-expires=1752940800&x-signature=aJ0EyoC4mJFOuthN3zLVgnrBdKY%3D&t=4d5b0474&ps=13740610&shp=a5d48078&shcp=81f88b70&idc=maliva,Sálvame Marrakech 🇲🇦🥖🇫🇷,https://v16-webapp-prime.tiktok.com/video/tos/no1a/tos-no1a-ve-0068c001-no/oYAFPH21aaoEfBUH0NDYXIGXkdjREXFgHzFEfX/?a=1988&bti=ODszNWYuMDE6&ch=0&cr=3&dr=0&lr=all&cd=0%7C0%7C0%7C&cv=1&br=652&bt=326&cs=0&ds=3&ft=4fUEKMUm8Zmo0iWv5I4jVeMMXpWrKsd.&mime_type=video_mp4&qs=0&rc=PDw2ZGk2aGQ4N2UzOjc4NEBpanVkbHQ5cmtyNDMzbzczNUAuXi9eL14uXzExNi0vYzQxYSNja3AzMmRrX25hLS1kMTFzcw%3D%3D&btag=e000b8000&expire=1752942718&l=20250718003134BE1E96F34BAEE61F85FA&ply_type=2&policy=2&signature=8408fcf34ce19e6bb393e4e3c86b4b37&tk=tt_chain_token,https://www.tiktok.com/infsemesp/video/7527070472853343510,,21500,2008,1808,763400,live‚viral‚torrepacheco‚guardiacivil,live‚Viral‚torrepacheco‚guardiacivil,,,Buscamos   gitanos‚ultras y machotes ‚Día 3   Torre Pacheco ,"Green Screen,Cris💞,BLUE,Iphone 13 Pink,Green Screen Video",
zeeschuimer-export-tiktok.com-2025-07-18T17_45_37.653Z.csv,7516717744163769656,7516717744163769656,estrellarodriguezof,Estrella Rodriguez,592,4206,16,https://p16-sign-va.tiktokcdn.com/tos-maliva-avt-0068/4030ce1204fd60de310baffbb9df14c9~tplv-tiktokx-cropcenter:100:100.jpeg?dr=14579&refresh_token=7bda08da&x-expires=1752940800&x-signature=KyY07NtbQhlr7%2Fk0WxT4hwVixMw%3D&t=4d5b0474&ps=13740610&shp=a5d48078&shcp=81f88b70&idc=maliva,Cuando los músicos demoran en llegar‚ nosotras hacemos de las nuestras 😂🎙️ 📷: @victoria.munoz.ofi  #jovenmelodia #orquesta #paratiiiiiiiiiiiiiiiiiiiiiiiiiiiiiii #chachapoyas #elmolino #viral ,Tue Jun 17 2025,1750122239,no,no,sonido original,7516717731284683526,https://v16m.tiktokcdn.com/1f4110fd91d1e8eea2efd8b55619dd6d/687a7719/video/tos/useast2a/tos-useast2a-v-27dcd7/oswKgKAkcEBFzAUTODvfQvAKwoi1uABB0ENEAi/?a=1233&bti=ODszNWYuMDE6&ch=0&cr=0&dr=0&er=0&lr=default&cd=0%7C0%7C0%7C0&br=250&bt=125&ds=5&ft=.NpOcInz7Thd4ywKXq8Zmo&mime_type=audio_mpeg&qs=13&rc=M21uN285cjNlNDMzNzU8M0BpM21uN285cjNlNDMzNzU8M0BscW1rMmRrcjVhLS1kMTZzYSNscW1rMmRrcjVhLS1kMTZzcw%3D%3D&vvpl=1&l=20250718003134BE1E96F34BAEE61F85FA&btag=e00048000&cc=3,https://p16-sign-va.tiktokcdn.com/tos-maliva-avt-0068/4030ce1204fd60de310baffbb9df14c9~tplv-tiktokx-cropcenter:1080:1080.jpeg?dr=14579&refresh_token=ceaa9046&x-expires=1752940800&x-signature=N751wyKpzBUTt4tGPAGf%2Bf5%2FZ%2BE%3D&t=4d5b0474&ps=13740610&shp=a5d48078&shcp=81f88b70&idc=maliva,Estrella Rodriguez,https://v16-webapp-prime.tiktok.com/video/tos/useast2a/tos-useast2a-pve-0068/oQmRguogjlIfC1Q0RLXlIeIiCGHhehA9jAC3lS/?a=1988&bti=ODszNWYuMDE6&ch=0&cr=3&dr=0&lr=all&cd=0%7C0%7C0%7C&cv=1&br=2782&bt=1391&cs=0&ds=3&ft=4fUEKMUm8Zmo0iWv5I4jVeMMXpWrKsd.&mime_type=video_mp4&qs=0&rc=NDc7ZzxpZWlkOGZpNDtnNkBpamk4Z2s5cnZlNDMzNzczM0AuNmIyLWFeNV8xXzYxYTY2YSNiZzBwMmRrcTVhLS1kMTZzcw%3D%3D&btag=e00088000&expire=1752942745&l=20250718003134BE1E96F34BAEE61F85FA&ply_type=2&policy=2&signature=8af044cf2c1bbac09f42420874482b57&tk=tt_chain_token,https://www.tiktok.com/estrellarodriguezof/video/7516717744163769656,,71,18,8,3665,jovenmelodia‚orquesta‚paratiiiiiiiiiiiiiiiiiiiiiiiiiiiiiii‚chachapoyas‚elmolino‚viral,jovenmelodia‚orquesta‚paratiiiiiiiiiiiiiiiiiiiiiiiiiiiiiii‚chachapoyas‚elmolino‚Viral,,,,"Cris💞,BLUE,Iphone 13 Pink,Green Screen Video,Green Screen",
zeeschuimer-export-tiktok.com-2025-07-18T17_45_37.653Z.csv,7524847959071100165,7524847959071100165,camiviseu,camila viseu,1900000,33900,809,https://p77-sign-va.tiktokcdn.com/tos-maliva-avt-0068/7ec8efd5433150979fba3d09e81fcbea~tplv-tiktokx-cropcenter:100:100.jpeg?dr=14579&refresh_token=32adb306&x-expires=1752940800&x-signature=CnAildBI2hJO%2BBTiFWuVnkrIQZg%3D&t=4d5b0474&ps=13740610&shp=a5d48078&shcp=81f88b70&idc=maliva,acho que sou rainha de lá ,Wed Jul 09 2025,1752015202,no,no,Picture You,7389771188298320645,https://sf16-ies-music-va.tiktokcdn.com/obj/tos-useast2a-ve-2774/ok1MXCKv3aSRbJzeBAIPQ8R3gfn7OiFCeDWzA8,https://p16-amd-va.tiktokcdn.com/img/tos-useast2a-v-2774/oIe4aAGEzgFfNeAAvAAroIABIFZQ64D3Hl0DFC~c5_720x720.jpeg,Clara Smallman,https://v16-webapp-prime.tiktok.com/video/tos/useast2a/tos-useast2a-ve-0068c001/osP2fADb9oxBWFRbo7GJFMJEQIEtBebE537aEQ/?a=1988&bti=ODszNWYuMDE6&ch=0&cr=3&dr=0&lr=all&cd=0%7C0%7C0%7C&cv=1&br=2032&bt=1016&cs=0&ds=3&ft=4fUEKMUm8Zmo0iWv5I4jVeMMXpWrKsd.&mime_type=video_mp4&qs=0&rc=NTY1Zjw8Z2c2ZTM6M2U4ZkBpajlneXc5cmx0NDMzNzczM0A2MTUvMWJjNl8xY142NDRhYSNyLWdyMmRjL2phLS1kMTZzcw%3D%3D&btag=e000b0000&expire=1752942701&l=20250718003134BE1E96F34BAEE61F85FA&ply_type=2&policy=2&signature=ec166b866b84d78a278a023e7c165fb7&tk=tt_chain_token,https://www.tiktok.com/camiviseu/video/7524847959071100165,,387200,1799,3622,4400000,,,,, a maior moradora da “quemlândia”,"Cris💞,BLUE,Iphone 13 Pink,Green Screen Video,Green Screen",
zeeschuimer-export-tiktok.com-2025-07-18T17_45_37.653Z.csv,7525467040203738374,7525467040203738374,soujessi_,Jéssica Souza,21900,11700,30,https://p16-sign-va.tiktokcdn.com/tos-maliva-avt-0068/8bb87d4253638fc093726e63c6a8dcbc~tplv-tiktokx-cropcenter:100:100.jpeg?dr=14579&refresh_token=343842f6&x-expires=1752940800&x-signature=NMG9zO1E8iV8wijKSNz2CMVg9N0%3D&t=4d5b0474&ps=13740610&shp=a5d48078&shcp=81f88b70&idc=maliva,Qual de nós seria morador da Quemlandia?  @Enaldinho @Vini @TIGS  #quemlandia #amigos ,Thu Jul 10 2025,1752159338,no,no,Picture You,7389771188298320645,https://sf16-ies-music-va.tiktokcdn.com/obj/tos-useast2a-ve-2774/ok1MXCKv3aSRbJzeBAIPQ8R3gfn7OiFCeDWzA8,https://p16-amd-va.tiktokcdn.com/img/tos-useast2a-v-2774/oIe4aAGEzgFfNeAAvAAroIABIFZQ64D3Hl0DFC~c5_720x720.jpeg,Clara Smallman,https://v16-webapp-prime.tiktok.com/video/tos/useast2a/tos-useast2a-ve-0068c001/oM6V1vnieIIjbCGoAEQER8Eizf5MHOEJBBEBQ2/?a=1988&bti=ODszNWYuMDE6&ch=0&cr=3&dr=0&lr=all&cd=0%7C0%7C0%7C&cv=1&br=2186&bt=1093&cs=0&ds=3&ft=4fUEKMUm8Zmo0iWv5I4jVeMMXpWrKsd.&mime_type=video_mp4&qs=0&rc=M2ZlZTM4ZmQ1aWRoaTs7ZUBpMzZxNHQ5cjd3NDMzNzczM0A2LjU2XjMxXzAxNTIwLS82YSMvYS8vMmRjNGthLS1kMTZzcw%3D%3D&btag=e000b8000&expire=1752942716&l=20250718003134BE1E96F34BAEE61F85FA&ply_type=2&policy=2&signature=7a76f78a6c1bb8b5367a2c8a525da159&tk=tt_chain_token,https://www.tiktok.com/soujessi_/video/7525467040203738374,,21100,532,294,661900,quemlandia‚amigos,quemlandia‚Amigos,,,Vendo se eu e os meus amigos seríamos moradores da Quemlandia:,"Cris💞,BLUE,Iphone 13 Pink,Green Screen Video,Green Screen",
zeeschuimer-export-tiktok.com-2025-07-18T17_45_37.653Z.csv,7493496391424118022,7493496391424118022,juvenilvargas,juvenilvargas,1578,907,1086,https://p16-sign-va.tiktokcdn.com/tos-maliva-avt-0068/7167395318111567877~tplv-tiktokx-cropcenter:100:100.jpeg?dr=14579&refresh_token=94368617&x-expires=1752940800&x-signature=QNLCpMgjvwgFIEY4O3ZJ%2FlRPdWg%3D&t=4d5b0474&ps=13740610&shp=a5d48078&shcp=81f88b70&idc=maliva,,Tue Apr 15 2025,1744715596,no,no,som original,7474175022778190597,https://v16m.tiktokcdn.com/dc7232c996b8478d5111e29cc532b48b/687a7723/video/tos/useast2a/tos-useast2a-v-27dcd7/o4nuCiMmEAZiByFUEgA5IBC6AJFqAJfftQRDqE/?a=1233&bti=ODszNWYuMDE6&ch=0&cr=0&dr=0&er=0&lr=default&cd=0%7C0%7C0%7C0&br=250&bt=125&ds=5&ft=.NpOcInz7Thd4ywKXq8Zmo&mime_type=audio_mpeg&qs=13&rc=M2Y6aWs5cjtzeDMzNzU8M0BpM2Y6aWs5cjtzeDMzNzU8M0BlMW4uMmQ0aXBgLS1kMTZzYSNlMW4uMmQ0aXBgLS1kMTZzcw%3D%3D&vvpl=1&l=20250718003134BE1E96F34BAEE61F85FA&btag=e00050000&cc=3,https://p77-sign-va.tiktokcdn.com/tos-maliva-avt-0068/a63dee5ab23fb3982b6ba925069cac54~tplv-tiktokx-cropcenter:1080:1080.jpeg?dr=14579&refresh_token=75ac1413&x-expires=1752940800&x-signature=PZeUUHyU6ekSbKcaMAhosw%2BIy14%3D&t=4d5b0474&ps=13740610&shp=a5d48078&shcp=81f88b70&idc=maliva,mauroramalho23,https://webapp-va.tiktok.com/53272ab92a87a0c889efa9e347a6a108/687bc889/kmoat/mps/logo/v2/r/p/v09044g40000cvv3u0nog65qso7qqa60/bad14d23c35547a4aa4e2da4a8c497f8/1327698f7898a0283748a1e65dd14290/mp4/main.mp4?a=1988&bti=ODszNWYuMDE6&ch=0&cr=3&dr=0&lr=all&cd=0%7C0%7C0%7C&cv=1&br=0&bt=0&cs=0&ds=3&eid=1286&ft=piBEGMUm8Zmo0iWv5I4jVeMMXpWrKsd.&mime_type=video_mp4&qs=0&rc=cnF8b2hsc2d3SkBwaHIxaDFybndmOzo3OzdnaGQ3Ojg2Nmc0ZEBpM2R0cnQ5cjM2eTMzNzczM0BjRl5Nc3FePmJKYSNvYF90aHFmOiNjNmBeXi8xXl4xMmAvMWFfYSMzbjRwMmRrcnNgLS1kMTZzcw%3D%3D&btag=e00088000&definition=720p&du=35&item_id=7493496391424118022&l=20250718003134BE1E96F34BAEE61F85FA&logo_type=tiktok_m&ply_type=2&policy=eyJ2bSI6MiwiY2siOiJ0dF9jaGFpbl90b2tlbiJ9&user_text=juvenilvargas,https://www.tiktok.com/juvenilvargas/video/7493496391424118022,,67,7,11,1001,,,,,morar no sítio é tudo de bom,"Cris💞,BLUE,Iphone 13 Pink,Green Screen Video,Green Screen",
zeeschuimer-export-tiktok.com-2025-07-18T17_45_37.653Z.csv,7428628177980869893,7428628177980869893,economiauniandes,Facultad de Economía Uniandes,1349,110,77,https://p16-sign-va.tiktokcdn.com/tos-maliva-avt-0068/63fbde9fd8755c2826695aada1ef3c63~tplv-tiktokx-cropcenter:100:100.jpeg?dr=14579&refresh_token=27f1420d&x-expires=1752940800&x-signature=17x%2B3qsaSj0UbiyuZ6E41cI11Mk%3D&t=4d5b0474&ps=13740610&shp=a5d48078&shcp=81f88b70&idc=maliva,🚫 #NoSeaSapo 🐸 tiene un trasfondo profundo sobre las #NormasAntisociales. 🤔 @sara_sin_hache nos presenta algunas de estas conductas ❌. Descubre más en el #DocumentoCEDE: “Anti-social norms” por Leopoldo Fergusson‚ Jose Guerra y #JamesARobinson 🏅 (#NobelEconomía2024). 🌍 👉 Conoce más en el enlace de nuestra BIO y entiende cómo estas normas impactan nuestras #DecisionesColectivas. #Economía #EconomiaUniandes #CEDE #NormasSociales #EconomíaDelComportamiento #CambioSocial,Tue Oct 22 2024,1729612290,no,no,sonido original - Facultad de Economía Uniandes,7428628215340092165,https://v16m.tiktokcdn.com/e6bef22c55b8e7a255c5568606fa7d6a/687a7754/video/tos/useast2a/tos-useast2a-v-27dcd7/oYAUyfaTBEAgSX5KBBiAkdEBvAvdzAgEi3o2Ki/?a=1233&bti=ODszNWYuMDE6&ch=0&cr=0&dr=0&er=0&lr=default&cd=0%7C0%7C0%7C0&br=250&bt=125&ds=5&ft=.NpOcInz7Thd4ywKXq8Zmo&mime_type=audio_mpeg&qs=13&rc=M2lqd3M5cjR2djMzNzU8M0BpM2lqd3M5cjR2djMzNzU8M0A2MGY2MmRraF9gLS1kMTZzYSM2MGY2MmRraF9gLS1kMTZzcw%3D%3D&vvpl=1&l=20250718003134BE1E96F34BAEE61F85FA&btag=e00050000&cc=3,https://p16-sign-va.tiktokcdn.com/tos-maliva-avt-0068/63fbde9fd8755c2826695aada1ef3c63~tplv-tiktokx-cropcenter:1080:1080.jpeg?dr=14579&refresh_token=ff672937&x-expires=1752940800&x-signature=Cv0KROkFZd4Khtbhflaz7RBnrvo%3D&t=4d5b0474&ps=13740610&shp=a5d48078&shcp=81f88b70&idc=maliva,Facultad de Economía Uniandes,,https://www.tiktok.com/economiauniandes/video/7428628177980869893,,2810,33,280,33000,decisionescolectivas.‚economía‚economiauniandes‚cede‚normassociales‚economíadelcomportamiento‚cambiosocial,decisionescolectivas‚economía‚economiauniandes‚cede‚normassociales‚economíadelcomportamiento‚cambiosocial,,,,"Green Screen Video,Green Screen,Cris💞,BLUE,Iphone 13 Pink",
zeeschuimer-export-tiktok.com-2025-07-18T17_45_37.653Z.csv,7160165603729247494,7160165603729247494,taller_gastronomico,Taller Gastronómico,27,21,38,https://p16-sign-va.tiktokcdn.com/tos-maliva-avt-0068/bf240f11fd63aca86cc83516800bb621~tplv-tiktokx-cropcenter:100:100.jpeg?dr=14579&refresh_token=bd953c82&x-expires=1752940800&x-signature=aauUb6%2FJG48aFCiSc7V30wveDd8%3D&t=4d5b0474&ps=13740610&shp=a5d48078&shcp=81f88b70&idc=maliva,= Yunkelaaaaaaannndia......   #Animaniacs  Capitulo 10  #WB #StevenSpielberg #Cartoons #ChildhoodMemories #TallerGastronomico #Atizapan  Uploaded with #Huawey ,Sun Oct 30 2022,1667105980,no,no,sonido original,7160165667096775430,https://v16m.tiktokcdn.com/a105603385667adf2faa49522aad4d52/687a7701/video/tos/useast2a/tos-useast2a-v-27dcd7/621b7401b5bf4ab59c2170264da37209/?a=1233&bti=ODszNWYuMDE6&ch=0&cr=0&dr=0&er=0&lr=default&cd=0%7C0%7C0%7C0&br=252&bt=126&ds=5&ft=.NpOcInz7Thd4ywKXq8Zmo&mime_type=video_mp4&qs=13&rc=Mzw2a2Q6ZmszZzMzNzU8M0BpMzw2a2Q6ZmszZzMzNzU8M0Bxc19ucjRfNmNgLS1kMTZzYSNxc19ucjRfNmNgLS1kMTZzcw%3D%3D&vvpl=1&l=20250718003134BE1E96F34BAEE61F85FA&btag=e00078000&cc=3,https://p16-sign-va.tiktokcdn.com/tos-maliva-avt-0068/bf240f11fd63aca86cc83516800bb621~tplv-tiktokx-cropcenter:1080:1080.jpeg?dr=14579&refresh_token=0f8a44a4&x-expires=1752940800&x-signature=glIno6u1IELI6hhKjWRNM2Sdo7E%3D&t=4d5b0474&ps=13740610&shp=a5d48078&shcp=81f88b70&idc=maliva,Taller Gastronómico,https://webapp-va.tiktok.com/65c6214a1aa28f50a6eddbf105da2e1e/687bc881/kmoat/mps/logo/v2/r/p/v09044g40000cdf098rc77u2p30gagdg/eb535c39d27d494a96fa534840ec1618/8a1e53ca878b65ee0b15272f164e8e87/mp4/main.mp4?a=1988&bti=ODszNWYuMDE6&ch=0&cr=3&dr=0&lr=all&cd=0%7C0%7C0%7C&br=0&bt=0&cs=0&ds=2&eid=1286&ft=piBEGMUm8Zmo0iWv5I4jVeMMXpWrKsd.&mime_type=video_mp4&qs=0&rc=cnF8b2hsc2d3SkBwaHIxaDFybndmOzlmMzs2ZDlkPGc1PGY2ZUBpampqNjU6ZjszZzMzNzczM0BjRl5Nc3FePmJKYSNvYF90aHFmOiMuLmIxMTJjNjExNGEwMjJiYSNhXi1tcjRvNmNgLS1kMTZzcw%3D%3D&btag=e000b8000&definition=480p&du=27&item_id=7160165603729247494&l=20250718003134BE1E96F34BAEE61F85FA&logo_type=tiktok_m&ply_type=2&policy=eyJ2bSI6MiwiY2siOiJ0dF9jaGFpbl90b2tlbiJ9&user_text=taller_gastronomico,https://www.tiktok.com/taller_gastronomico/video/7160165603729247494,,42,0,4,594,animaniacs‚wb‚stevenspielberg‚cartoons‚childhoodmemories‚tallergastronomico‚atizapan‚huawey,animaniacs‚wb‚stevenspielberg‚cartoons‚childhoodmemories‚tallergastronomico‚atizapan‚huawey,,,Yunkelandía... ‚Yunkelandia...‚Yunkelaaaaaaandia .....,"Cris💞,BLUE,Iphone 13 Pink,Green Screen Video,Green Screen",
zeeschuimer-export-tiktok.com-2025-07-18T17_45_37.653Z.csv,7525664073359412536,7525664073359412536,carolainesilv__,Cau,630,12200,19,https://p77-sign-va.tiktokcdn.com/tos-maliva-avt-0068/39d9f039e0169efd87801648f847bf91~tplv-tiktokx-cropcenter:100:100.jpeg?dr=14579&refresh_token=f5864492&x-expires=1752940800&x-signature=sb8JPJRYbPoif0rJBkoXUtLcdBU%3D&t=4d5b0474&ps=13740610&shp=a5d48078&shcp=81f88b70&idc=maliva,COM CERTEZA‚MEU IRMÃO É MORADOR DA QUEMLANDIA.  VEJA ATÉ O FINAL! 😂🥹😅😌🥰 #flypシ #foryou #ViralCut #Meme #trend #grinch #trendgrinch🎄 #gringa ,Fri Jul 11 2025,1752205220,no,no,Picture You,7389771188298320645,https://sf16-ies-music-va.tiktokcdn.com/obj/tos-useast2a-ve-2774/ok1MXCKv3aSRbJzeBAIPQ8R3gfn7OiFCeDWzA8,https://p16-amd-va.tiktokcdn.com/img/tos-useast2a-v-2774/oIe4aAGEzgFfNeAAvAAroIABIFZQ64D3Hl0DFC~c5_720x720.jpeg,Clara Smallman,https://v16-webapp-prime.tiktok.com/video/tos/useast2a/tos-useast2a-ve-0068c002/o4h4QcDg1IoCFTOcxJfBRkk314xLDIEcAEBQfQ/?a=1988&bti=ODszNWYuMDE6&ch=0&cr=3&dr=0&lr=all&cd=0%7C0%7C0%7C&cv=1&br=1632&bt=816&cs=0&ds=3&ft=4fUEKMUm8Zmo0iWv5I4jVeMMXpWrKsd.&mime_type=video_mp4&qs=0&rc=NDxlMzY1MztpZDw5NGU7M0BpM3JyOnY5cjw7NDMzNzczM0AtL2JfNmAzXzExYmJeLzYzYSNoYi42MmQ0YmxhLS1kMTZzcw%3D%3D&btag=e000b0000&expire=1752942709&l=20250718003134BE1E96F34BAEE61F85FA&ply_type=2&policy=2&signature=f339aa0dff2c5323a6ed3c7f8e030f9d&tk=tt_chain_token,https://www.tiktok.com/carolainesilv__/video/7525664073359412536,,69,17,3,6976,flypシ‚foryou‚viralcut‚meme‚trend‚grinch‚trendgrinch🎄‚gringa,flypシ‚foryou‚viralcut‚Meme‚trend‚grinch‚trendgrinch🎄‚gringa,,,Os moradores mais fracos da quemlandia.,"Cris💞,BLUE,Iphone 13 Pink,Green Screen Video,Green Screen",
zeeschuimer-export-tiktok.com-2025-07-18T17_45_37.653Z.csv,7455862535695207686,7455862535695207686,the_ykz_,Ykz,87600,4484,1803,https://p16-sign-sg.tiktokcdn.com/tos-alisg-avt-0068/9ed9c08ae6346a87fdda5e4546e664a9~tplv-tiktokx-cropcenter:100:100.jpeg?dr=14579&refresh_token=e2e78490&x-expires=1752940800&x-signature=jTEBb95VkSpNTfLSQ9N%2FDYM2Zks%3D&t=4d5b0474&ps=13740610&shp=a5d48078&shcp=81f88b70&idc=maliva,4. joven leyenda. @Myke Towers  #myketowers #myke #lykemike #lykemiike #jovenleyenda #youngking #4,Sat Jan 04 2025,1735953282,no,no,sonido original,7455862568131431173,https://v16m.tiktokcdn.com/2dd16efc27839fce150624b758b474ef/687a7710/video/tos/useast2a/tos-useast2a-v-27dcd7/oIOi4KGwzxgATG44A0iioXBCKvBEYokMImfhkE/?a=1233&bti=ODszNWYuMDE6&ch=0&cr=0&dr=0&er=0&lr=default&cd=0%7C0%7C0%7C0&br=250&bt=125&ft=.NpOcInz7Thd4ywKXq8Zmo&mime_type=audio_mpeg&qs=6&rc=aGk3PDNkaTY2Ojg1NTs0ZkBpMzk1Nm45cjQ7dzMzNzU8M0AyNjYvXmIwNTUxLmMtXi5hYSNsL2tnMmRja3BgLS1kMTZzcw%3D%3D&vvpl=1&l=20250718003134BE1E96F34BAEE61F85FA&btag=e00088000&cc=3,https://p16-sign-sg.tiktokcdn.com/tos-alisg-avt-0068/9ed9c08ae6346a87fdda5e4546e664a9~tplv-tiktokx-cropcenter:1080:1080.jpeg?dr=14579&refresh_token=e5b361de&x-expires=1752940800&x-signature=THmIrEqnrorJBBt41Wy5xcCO%2FQU%3D&t=4d5b0474&ps=13740610&shp=a5d48078&shcp=81f88b70&idc=maliva,Ykz,https://v16-webapp-prime.tiktok.com/video/tos/alisg/tos-alisg-ve-37c813-sg/o8IouZQgS6ALMIRiJFjeE8eVfaGICCDI6g5Ob4/?a=1988&bti=ODszNWYuMDE6&ch=0&cr=3&dr=0&lr=all&cd=0%7C0%7C0%7C&cv=1&br=786&bt=393&cs=0&ds=3&ft=4fUEKMUm8Zmo0iWv5I4jVeMMXpWrKsd.&mime_type=video_mp4&qs=0&rc=OWQ4aTs3OzQ1ZTs7NjY6ZUBpM2k7Z2s5cm07dzMzNzczM0AtMl41YDYuXl8xMTQ1Ni1iYSMwcV8wMmQ0anBgLS1kMTZzcw%3D%3D&btag=e00088000&expire=1752942736&l=20250718003134BE1E96F34BAEE61F85FA&ply_type=2&policy=2&signature=3c7c455b0879637e8607d2c11be692a3&tk=tt_chain_token,https://www.tiktok.com/the_ykz_/video/7455862535695207686,,1568,9,102,26300,myketowers‚myke‚lykemike‚lykemiike‚jovenleyenda‚youngking‚4,myketowers‚myke‚lykemike‚lykemiike‚jovenleyenda‚youngking‚4,,,,"Green Screen,Cris💞,BLUE,Iphone 13 Pink,Green Screen Video",
zeeschuimer-export-tiktok.com-2025-07-18T17_45_37.653Z.csv,7517638533469850936,7517638533469850936,jovenal.tb,Jovenal Tb,154,1473,270,https://p16-sign-va.tiktokcdn.com/tos-maliva-avt-0068/0ca735b5499be4d8c571b8c385190004~tplv-tiktokx-cropcenter:100:100.jpeg?dr=14579&refresh_token=97a024c7&x-expires=1752940800&x-signature=NJSRcfI837vnvNf2VO5aoSFE1wM%3D&t=4d5b0474&ps=13740610&shp=a5d48078&shcp=81f88b70&idc=maliva,,Thu Jun 19 2025,1750336623,no,no,som original,7517638541385796358,https://v16m.tiktokcdn.com/42f7e818bc8d6a65cdfef3a7073a3127/687a76fc/video/tos/useast2a/tos-useast2a-v-27dcd7/oUXIEkcF4BBHBxAGAgi8gE0ABKJoUAQKEMfIUi/?a=1233&bti=ODszNWYuMDE6&ch=0&cr=0&dr=0&er=0&lr=default&cd=0%7C0%7C0%7C0&br=250&bt=125&ds=5&ft=.NpOcInz7Thd4ywKXq8Zmo&mime_type=audio_mpeg&qs=13&rc=M25qdnY5cnYzNDMzNzU8M0BpM25qdnY5cnYzNDMzNzU8M0BiZjYvMmRjNV5hLS1kMTZzYSNiZjYvMmRjNV5hLS1kMTZzcw%3D%3D&vvpl=1&l=20250718003134BE1E96F34BAEE61F85FA&btag=e00078000&cc=3,https://p77-sign-va.tiktokcdn.com/tos-maliva-avt-0068/0ca735b5499be4d8c571b8c385190004~tplv-tiktokx-cropcenter:1080:1080.jpeg?dr=14579&refresh_token=a0c06019&x-expires=1752940800&x-signature=CoEfWhQE270Z4YciAqx9FoXv56w%3D&t=4d5b0474&ps=13740610&shp=a5d48078&shcp=81f88b70&idc=maliva,Jovenal Tb,https://v16-webapp-prime.tiktok.com/video/tos/useast2a/tos-useast2a-ve-0068c003/oQGGgfrZDBSoFHZEpoECA8QOVBJIXMpQ7fRjRA/?a=1988&bti=ODszNWYuMDE6&ch=0&cr=3&dr=0&lr=all&cd=0%7C0%7C0%7C&br=2350&bt=1175&cs=0&ds=3&ft=4fUEKMUm8Zmo0iWv5I4jVeMMXpWrKsd.&mime_type=video_mp4&qs=0&rc=NzM8OjtkMzRoMzwzNjg2M0BpM29tdXc5cnQzNDMzNzczM0BeXzExYWM0XjMxL19iNi8yYSNnNjJpMmRjNV5hLS1kMTZzcw%3D%3D&btag=e000b8000&expire=1752942716&l=20250718003134BE1E96F34BAEE61F85FA&ply_type=2&policy=2&signature=c43fdef8803b840a172b109bb5974685&tk=tt_chain_token,https://www.tiktok.com/jovenal.tb/video/7517638533469850936,,0,0,0,35,,,,,,"Cris💞,BLUE,Iphone 13 Pink,Green Screen Video,Green Screen",
zeeschuimer-export-tiktok.com-2025-07-18T17_45_37.653Z.csv,7523378027418373382,7523378027418373382,camiadrt,camille,675800,8212,167,https://p77-sign-va.tiktokcdn.com/tos-maliva-avt-0068/e86375ca7f36b82a9cefbcb8f488bdd1~tplv-tiktokx-cropcenter:100:100.jpeg?dr=14579&refresh_token=23e86109&x-expires=1752940800&x-signature=TZr7HmaGuZ%2BJRks97j0KsvUq%2BhM%3D&t=4d5b0474&ps=13740610&shp=a5d48078&shcp=81f88b70&idc=maliva,gente eu amo fz esse narizin #humor #grinch ,Sat Jul 05 2025,1751672954,no,no,Picture You,7389771188298320645,https://sf16-ies-music-va.tiktokcdn.com/obj/tos-useast2a-ve-2774/ok1MXCKv3aSRbJzeBAIPQ8R3gfn7OiFCeDWzA8,https://p16-amd-va.tiktokcdn.com/img/tos-useast2a-v-2774/oIe4aAGEzgFfNeAAvAAroIABIFZQ64D3Hl0DFC~c5_720x720.jpeg,Clara Smallman,https://v16-webapp-prime.tiktok.com/video/tos/useast2a/tos-useast2a-pve-0068/oA2EctFaKIDcHeQAggNQfQE4ooE8RrjBJBHGaB/?a=1988&bti=ODszNWYuMDE6&ch=0&cr=3&dr=0&lr=all&cd=0%7C0%7C0%7C&cv=1&br=2504&bt=1252&cs=0&ds=3&ft=4fUEKMUm8Zmo0iWv5I4jVeMMXpWrKsd.&mime_type=video_mp4&qs=0&rc=cnF8b2hsc2d3SkBwaHIxaDFybndmODw2PGg0NTRkMzk4O2RpNkBpM2RnN3g5cjQ5NDMzNzczM0BjRl5Nc3FePmJKYSNvYF90aHFmOiNeYV42NGEvNmMxX2A0XzIxYSNkbDFwMmRzZGhhLS1kMTZzcw%3D%3D&btag=e000b0000&expire=1752942702&l=20250718003134BE1E96F34BAEE61F85FA&ply_type=2&policy=2&signature=3a0b199a983c375afaf4caa6d84fab7a&tk=tt_chain_token,https://www.tiktok.com/camiadrt/video/7523378027418373382,,282200,906,3374,3900000,humor‚grinch,humor‚grinch,,,passaria como moradora da   Quemlandia,"Cris💞,BLUE,Iphone 13 Pink,Green Screen Video,Green Screen",
zeeschuimer-export-tiktok.com-2025-07-18T17_45_37.653Z.csv,7280075426800749829,7280075426800749829,joven.landas,Joven Landas,2,3,3,https://p16-sign-va.tiktokcdn.com/tos-maliva-avt-0068/7263354883330768902~tplv-tiktokx-cropcenter:100:100.jpeg?dr=14579&refresh_token=364ce527&x-expires=1752940800&x-signature=phcc3EqSmGWU7NOExA7hsiZawxU%3D&t=4d5b0474&ps=13740610&shp=a5d48078&shcp=81f88b70&idc=maliva,wla nalang unta mo nag Minyo🤧 #fyi  #viral,Mon Sep 18 2023,1695024652,no,no,original sound - SCARF Venger,7138605663663557403,https://v16m.tiktokcdn.com/21383738a177fbf952088fc928ae2ff5/687a7718/video/tos/useast2a/tos-useast2a-v-27dcd7-aiso/55ab73d3dfcd4dcc996acaf96cbe099d/?a=1233&bti=ODszNWYuMDE6&ch=0&cr=0&dr=0&er=0&lr=default&cd=0%7C0%7C0%7C0&br=252&bt=126&ds=5&ft=.NpOcInz7Thd4ywKXq8Zmo&mime_type=video_mp4&qs=13&rc=MzY4Zmg6ZjdwZjMzZjU8M0BpMzY4Zmg6ZjdwZjMzZjU8M0Boci5vcjQwbDVgLS1kMWNzYSNoci5vcjQwbDVgLS1kMWNzcw%3D%3D&vvpl=1&l=20250718003134BE1E96F34BAEE61F85FA&btag=e00048000&cc=3,https://p16-sign-sg.tiktokcdn.com/tos-alisg-avt-0068/7327175546742243348~tplv-tiktokx-cropcenter:1080:1080.jpeg?dr=14579&refresh_token=5874eaf5&x-expires=1752940800&x-signature=BHhpD%2Fn3dV%2F%2F7su6c%2Bv%2FOzii1cA%3D&t=4d5b0474&ps=13740610&shp=a5d48078&shcp=81f88b70&idc=maliva,SCARF Venger,https://v16-webapp-prime.tiktok.com/video/tos/maliva/tos-maliva-ve-0068c801-us/osqoAKBLA2ACAGkyI6IAgzzghhEcIQfIj0MhNz/?a=1988&bti=ODszNWYuMDE6&ch=0&cr=3&dr=0&lr=all&cd=0%7C0%7C0%7C&br=4128&bt=2064&cs=0&ds=3&ft=4fUEKMUm8Zmo0iWv5I4jVeMMXpWrKsd.&mime_type=video_mp4&qs=0&rc=aTU0Omg0PGVlOTloPDY3M0BpM2RpMzk6ZjgzbjMzNzczM0BeYC8vYWIwXjUxYzBfMDQ1YSMxMzNvcjRnLTFgLS1kMTZzcw%3D%3D&btag=e00088000&expire=1752942744&l=20250718003134BE1E96F34BAEE61F85FA&ply_type=2&policy=2&signature=93f61b1acfcab1c37ed4171a3fe47f34&tk=tt_chain_token,https://www.tiktok.com/joven.landas/video/7280075426800749829,,5,1,1,276,fyi‚viral,fyi‚Viral,,,,"Cris💞,BLUE,Iphone 13 Pink,Green Screen Video,Green Screen",
zeeschuimer-export-tiktok.com-2025-07-18T17_45_37.653Z.csv,7519187721466744082,7519187721466744082,marijovelandia,marijovelandia,2497,117600,472,https://p16-sign-sg.tiktokcdn.com/tos-alisg-avt-0068/ea6472819cf2c4d50f75cdf0ed1dcb7d~tplv-tiktokx-cropcenter:100:100.jpeg?dr=14579&refresh_token=e58b7362&x-expires=1752940800&x-signature=IwsxhbTLU6FejTW9Bnlpo7ipOAE%3D&t=4d5b0474&ps=13740610&shp=a5d48078&shcp=81f88b70&idc=maliva,Cualquiera cree que tengo quien me aporte JAJSJSJAJAJAJAJAJAJ #fyp #paratii ,Mon Jun 23 2025,1750697323,no,no,sonido original,7437214501897816888,https://v16m.tiktokcdn.com/66851994699093d75db592b4d093932a/687a76f5/video/tos/useast2a/tos-useast2a-v-27dcd7/oMAA7ZA6EECQwPSPCUZil2BSzRi0QAzZNASAL/?a=1233&bti=ODszNWYuMDE6&ch=0&cr=0&dr=0&er=0&lr=default&cd=0%7C0%7C0%7C0&br=250&bt=125&ds=5&ft=.NpOcInz7Thd4ywKXq8Zmo&mime_type=audio_mpeg&qs=13&rc=amplZ3Q5cmc3djMzNzU8M0BpamplZ3Q5cmc3djMzNzU8M0A0ay8uMmQ0am9gLS1kMTZzYSM0ay8uMmQ0am9gLS1kMTZzcw%3D%3D&vvpl=1&l=20250718003134BE1E96F34BAEE61F85FA&btag=e00078000&cc=3,https://p16-sign-va.tiktokcdn.com/tos-maliva-avt-0068/4bdb12cc21101f89e1509713de718962~tplv-tiktokx-cropcenter:1080:1080.jpeg?dr=14579&refresh_token=af854a7f&x-expires=1752940800&x-signature=mn1f%2BtvfYp5PSfGB9X1w6O0ZaQQ%3D&t=4d5b0474&ps=13740610&shp=a5d48078&shcp=81f88b70&idc=maliva,Carolina Castillo,https://v16-webapp-prime.tiktok.com/video/tos/alisg/tos-alisg-pve-0037c001/oAXjyBJIBDiMAmZfCw8Z1q0UmhIlLA1jiEmAQM/?a=1988&bti=ODszNWYuMDE6&ch=0&cr=3&dr=0&lr=all&cd=0%7C0%7C0%7C&cv=1&br=4230&bt=2115&cs=0&ds=3&ft=4fUEKMUm8Zmo0iWv5I4jVeMMXpWrKsd.&mime_type=video_mp4&qs=0&rc=Njo7Nzw2ZTQzZ2g4M2c8N0BpanF0d3Y5cmZyNDMzODczNEA2YzBfLzZhNjMxX142X2NiYSMtXmBlMmRzNmBhLS1kMTFzcw%3D%3D&btag=e000b8000&expire=1752942709&l=20250718003134BE1E96F34BAEE61F85FA&ply_type=2&policy=2&signature=0dfceffae54e55c813eaee90fbc1c322&tk=tt_chain_token,https://www.tiktok.com/marijovelandia/video/7519187721466744082,,103,1,5,1632,fyp‚paratii,fyp‚paratii,,,,"Iphone 13 Pink,Green Screen Video,Green Screen,Cris💞,BLUE",
zeeschuimer-export-tiktok.com-2025-07-18T17_45_37.653Z.csv,7526230504278969656,7526230504278969656,charanguiadas,Victor Muñoz,1735,96,23,https://p16-sign-va.tiktokcdn.com/tos-maliva-avt-0068/7321960446528290821~tplv-tiktokx-cropcenter:100:100.jpeg?dr=14579&refresh_token=8c45992b&x-expires=1752940800&x-signature=HGXOdLYwSpq5%2FFXYVI%2FhXRYlWDM%3D&t=4d5b0474&ps=13740610&shp=a5d48078&shcp=81f88b70&idc=maliva,#GeneracionJuvenil  Generación Juvenil confirma su presentación oficial este 18 de Julio de 2025 en la 𝗟𝗫𝗫𝗜𝗩 𝗙𝗘𝗥𝗜𝗔 𝗠𝗨𝗡𝗜𝗖𝗜𝗣𝗔𝗟‚ 𝗖𝗢𝗠𝗘𝗥𝗖𝗜𝗔𝗟‚ 𝗣𝗥𝗢𝗗𝗨𝗖𝗧𝗜𝗩𝗔‚ 𝗚𝗔𝗡𝗔𝗗𝗘𝗥𝗔‚ 𝗔𝗥𝗧𝗘𝗦𝗔𝗡𝗔𝗟‚ 𝗧𝗨𝗥𝗜𝗦𝗧𝗜𝗖𝗔 𝗬 𝗗𝗘𝗣𝗢𝗥𝗧𝗜𝗩𝗔 𝗔𝗭𝗨𝗥𝗗𝗨𝗬 𝟮𝟬𝟮𝟱. #FeriaMunicipal #VillaAzurduy ,Sat Jul 12 2025,1752337097,no,no,sonido original,7526230493211134776,https://v16m.tiktokcdn.com/f6458d5b1cb9978bede2301dbaa62079/687a76fa/video/tos/useast2a/tos-useast2a-v-27dcd7/o4yKTQAj5HBIoKeZCEQAVpWeX9egOLQGAESC4R/?a=1233&bti=ODszNWYuMDE6&ch=0&cr=0&dr=0&er=0&lr=default&cd=0%7C0%7C0%7C0&br=250&bt=125&ds=5&ft=.NpOcInz7Thd4ywKXq8Zmo&mime_type=audio_mpeg&qs=13&rc=Mzh3ZnQ5cmw7NDMzNzU8M0BpMzh3ZnQ5cmw7NDMzNzU8M0BjLzBgMmRzaW1hLS1kMTZzYSNjLzBgMmRzaW1hLS1kMTZzcw%3D%3D&vvpl=1&l=20250718003134BE1E96F34BAEE61F85FA&btag=e00078000&cc=3,https://p16-sign-va.tiktokcdn.com/tos-maliva-avt-0068/7321960446528290821~tplv-tiktokx-cropcenter:1080:1080.jpeg?dr=14579&refresh_token=dafe0804&x-expires=1752940800&x-signature=AJfl2jAo8RpG0MPW0ofZCS8XJEg%3D&t=4d5b0474&ps=13740610&shp=a5d48078&shcp=81f88b70&idc=maliva,Victor Muñoz,https://v16-webapp-prime.tiktok.com/video/tos/useast2a/tos-useast2a-ve-0068c004/o0IEyFoVoBBjBtDXEf5HZJQQEgox1cvDfJrARh/?a=1988&bti=ODszNWYuMDE6&ch=0&cr=3&dr=0&lr=all&cd=0%7C0%7C0%7C&cv=1&br=1178&bt=589&cs=0&ds=3&ft=4fUEKMUm8Zmo0iWv5I4jVeMMXpWrKsd.&mime_type=video_mp4&qs=0&rc=MzY2OWc3PDg0OGY8OTZlZEBpajZ1aHE5cmo7NDMzNzczM0BiX19iYTIvXjYxLWBjNC0zYSNuczNpMmRzaW1hLS1kMTZzcw%3D%3D&btag=e000b8000&expire=1752942714&l=20250718003134BE1E96F34BAEE61F85FA&ply_type=2&policy=2&signature=4a369c4684ba146eb4dd48160807d8b4&tk=tt_chain_token,https://www.tiktok.com/charanguiadas/video/7526230504278969656,,757,18,40,73000,generacionjuvenil‚feriamunicipal‚villaazurduy,generacionjuvenil‚feriamunicipal‚villaazurduy,,,,"Iphone 13 Pink,Green Screen Video,Green Screen,Cris💞,BLUE",
zeeschuimer-export-tiktok.com-2025-07-18T17_45_37.653Z.csv,7524024413457534264,7524024413457534264,cantinhodamai,cantinhodamai,4599,13100,184,https://p77-sign-va.tiktokcdn.com/tos-maliva-avt-0068/36fe797ec008fbae42351564e86bf320~tplv-tiktokx-cropcenter:100:100.jpeg?dr=14579&refresh_token=1d2d97a9&x-expires=1752940800&x-signature=vqx%2FQX8nT889sfHHYFK6pUKF%2Bmw%3D&t=4d5b0474&ps=13740610&shp=a5d48078&shcp=81f88b70&idc=maliva,#quenlandia lá vou eu. 🤣 . #quemlandia #quenlandia #nose #grinch #thegrinch ,Sun Jul 06 2025,1751823453,no,no,Picture You,7389771188298320645,https://sf16-ies-music-va.tiktokcdn.com/obj/tos-useast2a-ve-2774/ok1MXCKv3aSRbJzeBAIPQ8R3gfn7OiFCeDWzA8,https://p16-amd-va.tiktokcdn.com/img/tos-useast2a-v-2774/oIe4aAGEzgFfNeAAvAAroIABIFZQ64D3Hl0DFC~c5_720x720.jpeg,Clara Smallman,https://v16-webapp-prime.tiktok.com/video/tos/useast2a/tos-useast2a-ve-0068c002/oAQv2zBEmqBEEUSkrB97xip4EQwGviIaAq9HL/?a=1988&bti=ODszNWYuMDE6&ch=0&cr=3&dr=0&lr=all&cd=0%7C0%7C0%7C&cv=1&br=2442&bt=1221&cs=0&ds=3&ft=4fUEKMUm8Zmo0iWv5I4jVeMMXpWrKsd.&mime_type=video_mp4&qs=0&rc=NzwzODZlZzYzZWZkOTg6M0BpMzdwZnI5cnVlNDMzNzczM0BjXjUuLzNjNmAxLy4yMzM0YSMvYWMvMmRrNGlhLS1kMTZzcw%3D%3D&btag=e000b0000&expire=1752942702&l=20250718003134BE1E96F34BAEE61F85FA&ply_type=2&policy=2&signature=559f5769029d21cbaf64f4b07fbac607&tk=tt_chain_token,https://www.tiktok.com/cantinhodamai/video/7524024413457534264,,42,12,1,7030,quenlandia‚quemlandia‚quenlandia‚nose‚grinch‚thegrinch,quenlandia‚quemlandia‚nose‚grinch‚thegrinch,,,Nós moradores de  quenlândia 🤣   O próprio Grinch,"Cris💞,BLUE,Iphone 13 Pink,Green Screen Video,Green Screen",
zeeschuimer-export-tiktok.com-2025-07-18T17_45_37.653Z.csv,7491305894425234694,7491305894425234694,marijovelandia,marijovelandia,2497,117600,472,https://p16-sign-sg.tiktokcdn.com/tos-alisg-avt-0068/ea6472819cf2c4d50f75cdf0ed1dcb7d~tplv-tiktokx-cropcenter:100:100.jpeg?dr=14579&refresh_token=e58b7362&x-expires=1752940800&x-signature=IwsxhbTLU6FejTW9Bnlpo7ipOAE%3D&t=4d5b0474&ps=13740610&shp=a5d48078&shcp=81f88b70&idc=maliva,,Wed Apr 09 2025,1744205582,no,no,sonido original,7276955669768751878,https://v77.tiktokcdn.com/1b7e3cff9ca62d298e6c0c825e0b6b95/687a77af/video/tos/useast2a/tos-useast2a-v-27dcd7/o8fhKA3kfCLnBIRAhNpnDJ8BJL8NEGGAU9GQEz/?a=1233&bti=ODszNWYuMDE6&ch=0&cr=0&dr=0&er=0&lr=default&cd=0%7C0%7C0%7C0&br=250&bt=125&ds=5&ft=.NpOcInz7Thd4ywKXq8Zmo&mime_type=audio_mpeg&qs=13&rc=Mzt0dGc6ZjtpbTMzNzU8M0BpMzt0dGc6ZjtpbTMzNzU8M0AwYjVycjRnLnJgLS1kMTZzYSMwYjVycjRnLnJgLS1kMTZzcw%3D%3D&vvpl=1&l=20250718003134BE1E96F34BAEE61F85FA&btag=e00058000&cc=13,https://p16-sign-va.tiktokcdn.com/tos-maliva-avt-0068/381705607697a842707d4d1b716380ae~tplv-tiktokx-cropcenter:1080:1080.jpeg?dr=14579&refresh_token=2d30f25e&x-expires=1752940800&x-signature=4FosZsYTB0am%2Brz%2BRHappG82%2Fes%3D&t=4d5b0474&ps=13740610&shp=a5d48078&shcp=81f88b70&idc=maliva,jaime toral es,https://v16-webapp-prime.tiktok.com/video/tos/useast2a/tos-useast2a-pve-0068/oQs0fsJMIYff2Jil7AEYAOiLg4HDe4KgfzR1dA/?a=1988&bti=ODszNWYuMDE6&ch=0&cr=3&dr=0&lr=all&cd=0%7C0%7C0%7C&cv=1&br=1994&bt=997&cs=0&ds=3&ft=4fUEKMUm8Zmo0iWv5I4jVeMMXpWrKsd.&mime_type=video_mp4&qs=0&rc=O2RoZWY4ZWdkOTc7aTU7ZUBpams8c205cm46eTMzNzczM0AuLzJhLjYuNi8xMTExLzExYSNyMmRzMmQ0YG9gLS1kMTZzcw%3D%3D&btag=e000b0000&expire=1752942704&l=20250718003134BE1E96F34BAEE61F85FA&ply_type=2&policy=2&signature=1ee81b8dafbc115ab18c99875bc5aaa6&tk=tt_chain_token,https://www.tiktok.com/marijovelandia/video/7491305894425234694,,167,4,8,2402,,,,,,"BLUE,Iphone 13 Pink,Green Screen Video,Green Screen,Cris💞",
zeeschuimer-export-tiktok.com-2025-07-18T17_45_37.653Z.csv,7505269316611329288,7505269316611329288,marijovelandia,marijovelandia,2497,117600,472,https://p16-sign-sg.tiktokcdn.com/tos-alisg-avt-0068/ea6472819cf2c4d50f75cdf0ed1dcb7d~tplv-tiktokx-cropcenter:100:100.jpeg?dr=14579&refresh_token=e58b7362&x-expires=1752940800&x-signature=IwsxhbTLU6FejTW9Bnlpo7ipOAE%3D&t=4d5b0474&ps=13740610&shp=a5d48078&shcp=81f88b70&idc=maliva,#fyp #foryoupage #paratii ,Sat May 17 2025,1747456692,no,no,sonido original,7491169023892228870,https://v16m.tiktokcdn.com/5fcf488ebf9b8c3e476198a85d44ef5b/687a76f1/video/tos/useast2a/tos-useast2a-v-27dcd7/o8IDP6A9KrSfoCKm3KqCFRAEEHSprlAIrgfFTe/?a=1233&bti=ODszNWYuMDE6&ch=0&cr=0&dr=0&er=0&lr=default&cd=0%7C0%7C0%7C0&br=250&bt=125&ds=5&ft=.NpOcInz7Thd4ywKXq8Zmo&mime_type=audio_mpeg&qs=13&rc=amxwb3g5cjd5eTMzNzU8M0Bpamxwb3g5cjd5eTMzNzU8M0BmZWJtMmRraW5gLS1kMTZzYSNmZWJtMmRraW5gLS1kMTZzcw%3D%3D&vvpl=1&l=20250718003134BE1E96F34BAEE61F85FA&btag=e00070000&cc=3,https://p16-sign-va.tiktokcdn.com/tos-maliva-avt-0068/e06100a91b094194646e57c7c8ba81e4~tplv-tiktokx-cropcenter:1080:1080.jpeg?dr=14579&refresh_token=0e26ae39&x-expires=1752940800&x-signature=NW%2F5NEaEKVIa6l83E9pIIskIb38%3D&t=4d5b0474&ps=13740610&shp=a5d48078&shcp=81f88b70&idc=maliva,yirley.idk☆,https://v16-webapp-prime.tiktok.com/video/tos/alisg/tos-alisg-pve-0037c001/oUUFECoERUJfgJkTEgQBtEIKIAfoQmDmk3rBFB/?a=1988&bti=ODszNWYuMDE6&ch=0&cr=3&dr=0&lr=all&cd=0%7C0%7C0%7C&cv=1&br=3368&bt=1684&cs=0&ds=3&ft=4fUEKMUm8Zmo0iWv5I4jVeMMXpWrKsd.&mime_type=video_mp4&qs=0&rc=aGVkNTpmZTlpOTY1NDQ3M0Bpajg1bG05cnc0MzMzODczNEAzYjEyNC0zNi4xLWMtXzIuYSM2LV5jMmRzMWhhLS1kMTFzcw%3D%3D&btag=e000b0000&expire=1752942705&l=20250718003134BE1E96F34BAEE61F85FA&ply_type=2&policy=2&signature=4069637dfaaca82433c282619ce02db7&tk=tt_chain_token,https://www.tiktok.com/marijovelandia/video/7505269316611329288,,76,0,0,747,fyp‚foryoupage‚paratii,fyp‚foryoupage‚paratii,,,,"Cris💞,BLUE,Iphone 13 Pink,Green Screen Video,Green Screen",
zeeschuimer-export-tiktok.com-2025-07-18T17_45_37.653Z.csv,7490674063858306310,7490674063858306310,jupairaeditz_jr103,Jupairaeditz_JR10,424,653,12,https://p16-sign-sg.tiktokcdn.com/tos-alisg-avt-0068/73b9e90fdbc37f0fddb3b082bfcfa173~tplv-tiktokx-cropcenter:100:100.jpeg?dr=14579&refresh_token=6150c22c&x-expires=1752940800&x-signature=hQeefknGXc4xAivoJLXwp8x7h1Q%3D&t=4d5b0474&ps=13740610&shp=a5d48078&shcp=81f88b70&idc=maliva,HAGAN VIRAL AL HIMNO DE GROENLANDIA 😭🙏🥀🇬🇱🇬🇱🇬🇱#memestiktok #gracioso #comedia #edit #fyp #groenlandia #guaracha #viral_video #quieroserfamoso ,Mon Apr 07 2025,1744058473,no,no,sonido original,7484493903056358199,https://v16m.tiktokcdn.com/0d655390add14458cfa3797a46ed7ad2/687a7723/video/tos/useast2a/tos-useast2a-v-27dcd7/o0evUAcUJIbC5JHfsGIAoGDnAaaFEBRkBQyOQ3/?a=1233&bti=ODszNWYuMDE6&ch=0&cr=0&dr=0&er=0&lr=default&cd=0%7C0%7C0%7C0&br=250&bt=125&ds=5&ft=.NpOcInz7Thd4ywKXq8Zmo&mime_type=audio_mpeg&qs=13&rc=amRnd3A5cjc3eTMzNzU8M0BpamRnd3A5cjc3eTMzNzU8M0AzYy0zMmRjNGNgLS1kMTZzYSMzYy0zMmRjNGNgLS1kMTZzcw%3D%3D&vvpl=1&l=20250718003134BE1E96F34BAEE61F85FA&btag=e00050000&cc=3,https://p16-sign-va.tiktokcdn.com/tos-maliva-avt-0068/2036a2d246deed1f97743dc7fbc69b70~tplv-tiktokx-cropcenter:1080:1080.jpeg?dr=14579&refresh_token=b80f3c63&x-expires=1752940800&x-signature=RLyh%2F0T1KN7CAfGUK9jkyXAfok8%3D&t=4d5b0474&ps=13740610&shp=a5d48078&shcp=81f88b70&idc=maliva,ByKenneth,https://v16-webapp-prime.tiktok.com/video/tos/useast2a/tos-useast2a-pve-0068/ooTBWZnI0CTDzBiaQbJyDfE3FEARfZ9s3WcQgQ/?a=1988&bti=ODszNWYuMDE6&ch=0&cr=3&dr=0&lr=all&cd=0%7C0%7C0%7C&cv=1&br=216&bt=108&cs=0&ds=3&ft=4fUEKMUm8Zmo0iWv5I4jVeMMXpWrKsd.&mime_type=video_mp4&qs=0&rc=OzxkO2RpOGczPDw5Zzo8OEBpajw3M3A5cnA2eTMzNzczM0A2M2I2X2BiNTYxY2E1Yi5jYSNpcF4xMmRzYG5gLS1kMTZzcw%3D%3D&btag=e00090000&expire=1752942755&l=20250718003134BE1E96F34BAEE61F85FA&ply_type=2&policy=2&signature=549a37f2b8dfe5a816b98ed688e69ea9&tk=tt_chain_token,https://www.tiktok.com/jupairaeditz_jr103/video/7490674063858306310,,78400,621,12800,564700,memestiktok‚gracioso‚comedia‚edit‚fyp‚groenlandia‚guaracha‚viral_video‚quieroserfamoso,memestiktok‚gracioso‚comedia‚Edit‚fyp‚groenlandia‚guaracha‚viral_video‚quieroserfamoso,,,,"Cris💞,BLUE,Iphone 13 Pink,Green Screen Video,Green Screen",
zeeschuimer-export-tiktok.com-2025-07-18T17_45_37.653Z.csv,7518076144277687557,7518076144277687557,jovenal.tb,Jovenal Tb,154,1473,270,https://p77-sign-va.tiktokcdn.com/tos-maliva-avt-0068/0ca735b5499be4d8c571b8c385190004~tplv-tiktokx-cropcenter:100:100.jpeg?dr=14579&refresh_token=e86914c5&x-expires=1752940800&x-signature=XLjsXsq25HgTsw1xWhT8EQ%2F9Iog%3D&t=4d5b0474&ps=13740610&shp=a5d48078&shcp=81f88b70&idc=maliva,,Fri Jun 20 2025,1750438514,no,no,som original,7518076127169088312,https://v58.tiktokcdn.com/video/tos/useast2a/tos-useast2a-v-27dcd7/oUPVVSaDcdQ7CUSAMWBlkYklSiAAFBniEEDAN/?a=1233&bti=ODszNWYuMDE6&ch=0&cr=0&dr=0&er=0&lr=default&cd=0%7C0%7C0%7C0&br=250&bt=125&ds=5&ft=.NpOcInz7ThZ4ywKXq8Zmo&mime_type=audio_mpeg&qs=13&rc=ajZvc3U5cndzNDMzNzU8M0BpajZvc3U5cndzNDMzNzU8M0AuXi5mMmQ0MV5hLS1kMTZzYSMuXi5mMmQ0MV5hLS1kMTZzcw%3D%3D&vvpl=1&l=202507180031368BB0CDCE6782BE1CF8CF&VExpiration=1752856309&VSignature=_79YUPbkIQBW_O2CP-fD6g&btag=e00070000&cc=14,https://p16-sign-va.tiktokcdn.com/tos-maliva-avt-0068/0ca735b5499be4d8c571b8c385190004~tplv-tiktokx-cropcenter:1080:1080.jpeg?dr=14579&refresh_token=5c25bf0f&x-expires=1752940800&x-signature=i6Zp3LT0DADQrvn7t%2FVf3hups4Y%3D&t=4d5b0474&ps=13740610&shp=a5d48078&shcp=81f88b70&idc=maliva,Jovenal Tb,https://v16-webapp-prime.tiktok.com/video/tos/useast2a/tos-useast2a-pve-0068/osejIITfoWP9dBfVU3CvEmy3gQLoCQAyqPGSBI/?a=1988&bti=ODszNWYuMDE6&ch=0&cr=3&dr=0&lr=all&cd=0%7C0%7C0%7C&br=1354&bt=677&cs=0&ds=3&ft=4fUEKMUm8Zmo0FWv5I4jVc8hxpWrKsd.&mime_type=video_mp4&qs=0&rc=cnF8b2hsc2d3SkBwaHIxaDFybndmNGk3ZTxoNDs5NDs7MzY2aEBpM247eW85cnNzNDMzNzczM0BjRl5Nc3FePmJKYSNvYF90aHFmOiMuLl9fNmFfNmExYjUwMTVjYSNocnJrMmRzMV5hLS1kMTZzcw%3D%3D&btag=e000b0000&expire=1752942710&l=202507180031368BB0CDCE6782BE1CF8CF&ply_type=2&policy=2&signature=3ad65eb28ca087a1f8ea9cf49fdd2295&tk=tt_chain_token,https://www.tiktok.com/jovenal.tb/video/7518076144277687557,,0,0,0,45,,,,,,"BLUE,Cris💞,star hairpin,Dazzling YF",
zeeschuimer-export-tiktok.com-2025-07-18T17_45_37.653Z.csv,7234947828240403717,7234947828240403717,gladyschirii2,gladyschiri,132900,2527,207,https://p16-sign-va.tiktokcdn.com/tos-maliva-avt-0068/da41e819721154e2244d6fea371d9327~tplv-tiktokx-cropcenter:100:100.jpeg?dr=14579&refresh_token=350af53a&x-expires=1752940800&x-signature=8KSdRC%2FaI%2F%2BaOw5XTt%2B1Ma3uN4A%3D&t=4d5b0474&ps=13740610&shp=a5d48078&shcp=81f88b70&idc=maliva,#gladys #chiri #jhustin #subia #bodaaaa #generacion #juvenil #❤️ #AntesxDepois #CapCut ,Fri May 19 2023,1684517564,no,no,Matrimonio Feliz,6796355403467720706,https://sf16-ies-music-va.tiktokcdn.com/obj/tos-useast2a-ve-2774/05a7cc93c337494c8c2f552094d1e8c9,https://p16-amd-va.tiktokcdn.com/img/tos-useast2a-v-2774/4bf2288f231d414cb484579a163dfb54~c5_720x720.jpeg,Abel Juarez,https://v16-webapp-prime.tiktok.com/video/tos/maliva/tos-maliva-ve-0068c801-us/oMP0UeBRJnkbZ5EAZQyYAyY3QbjRBCBDWeoX7X/?a=1988&bti=ODszNWYuMDE6&ch=0&cr=3&dr=0&lr=all&cd=0%7C0%7C0%7C&cv=1&br=762&bt=381&cs=0&ds=3&ft=4fUEKMUm8Zmo0FWv5I4jVc8hxpWrKsd.&mime_type=video_mp4&qs=0&rc=cnF8b2hsc2d3SkBwaHIxaDFybndmZmllPGdlaWY8NzdmZDRmZUBpM2ttZWQ6Zjd1azMzNzczM0BjRl5Nc3FePmJKYSNvYF90aHFmOiMvMjQwNi4yNWAxYjFiNDNiYSNxazAtcjRfLWdgLS1kMTZzcw%3D%3D&btag=e000b8000&expire=1752942713&l=202507180031368BB0CDCE6782BE1CF8CF&ply_type=2&policy=2&signature=23c102f8f80f371c08d2c0d3c4068190&tk=tt_chain_token,https://www.tiktok.com/gladyschirii2/video/7234947828240403717,,17300,270,327,1700000,gladys‚chiri‚jhustin‚subia‚bodaaaa‚generacion‚juvenil‚❤️‚antesxdepois‚capcut,gladys‚chiri‚jhustin‚subia‚bodaaaa‚generacion‚juvenil‚❤️‚antesxdepois‚CapCut,,,,"Dazzling YF,BLUE,Cris💞,star hairpin",
zeeschuimer-export-tiktok.com-2025-07-18T17_45_37.653Z.csv,7522525314614840582,7522525314614840582,sarelizaa,Sarah Eliza 🌞,7730,35100,1034,https://p77-sign-va.tiktokcdn.com/tos-maliva-avt-0068/4d274c3fe5aa658010f4a16e48deede2~tplv-tiktokx-cropcenter:100:100.jpeg?dr=14579&refresh_token=bf0bf2ab&x-expires=1752940800&x-signature=p%2BjaxSFuT3glvQ1RxJndrYWiKv4%3D&t=4d5b0474&ps=13740610&shp=a5d48078&shcp=81f88b70&idc=maliva,Esperei por esse momento #thegrinch ,Wed Jul 02 2025,1751474416,no,no,Picture You,7389771188298320645,https://sf16-ies-music-va.tiktokcdn.com/obj/tos-useast2a-ve-2774/ok1MXCKv3aSRbJzeBAIPQ8R3gfn7OiFCeDWzA8,https://p16-amd-va.tiktokcdn.com/img/tos-useast2a-v-2774/oIe4aAGEzgFfNeAAvAAroIABIFZQ64D3Hl0DFC~c5_720x720.jpeg,Clara Smallman,https://v16-webapp-prime.tiktok.com/video/tos/useast2a/tos-useast2a-pve-0068/oUxb5SeSoBBmMZZlBrFEQCD7EZAR2guIQ5fjJW/?a=1988&bti=ODszNWYuMDE6&ch=0&cr=3&dr=0&lr=all&cd=0%7C0%7C0%7C&cv=1&br=1222&bt=611&cs=0&ds=3&ft=4fUEKMUm8Zmo0FWv5I4jVc8hxpWrKsd.&mime_type=video_mp4&qs=0&rc=cnF8b2hsc2d3SkBwaHIxaDFybndmNTk3ZGVnNTc2OTk3Ozs8O0BpamZtaG85cmhwNDMzNzczM0BjRl5Nc3FePmJKYSNvYF90aHFmOiM1MzUzLzNjNjMxXy5hNTAtYSNoMDJyMmRzLmZhLS1kMTZzcw%3D%3D&btag=e000b0000&expire=1752942705&l=202507180031368BB0CDCE6782BE1CF8CF&ply_type=2&policy=2&signature=968e1ca1001cba4fb72135e7562d9f9d&tk=tt_chain_token,https://www.tiktok.com/sarelizaa/video/7522525314614840582,,380000,1627,7165,4000000,thegrinch,thegrinch,,,Feliz por ter uma trend pra nós‚ moradoras da Quemlândia ,"Cris💞,star hairpin,Dazzling YF,BLUE",
zeeschuimer-export-tiktok.com-2025-07-18T17_45_37.653Z.csv,7508945731487632647,7508945731487632647,marijovelandia,marijovelandia,2497,117600,472,https://p16-sign-sg.tiktokcdn.com/tos-alisg-avt-0068/ea6472819cf2c4d50f75cdf0ed1dcb7d~tplv-tiktokx-cropcenter:100:100.jpeg?dr=14579&refresh_token=e58b7362&x-expires=1752940800&x-signature=IwsxhbTLU6FejTW9Bnlpo7ipOAE%3D&t=4d5b0474&ps=13740610&shp=a5d48078&shcp=81f88b70&idc=maliva,#paratiiiiiiiiiiiiiiiiiiiiiiiiiiiiiii #fyp ,Tue May 27 2025,1748312676,no,no,sonido original,7316757544024099589,https://v77.tiktokcdn.com/b0634c03d8558c34e0c61525a06abf0d/687a7725/video/tos/useast2a/tos-useast2a-v-27dcd7/oosoXEEDgBACkBOFfALTCAE6IjUOHFIZLfeEtS/?a=1233&bti=ODszNWYuMDE6&ch=0&cr=0&dr=0&er=0&lr=default&cd=0%7C0%7C0%7C0&br=250&bt=125&ds=5&ft=.NpOcInz7ThZ4ywKXq8Zmo&mime_type=audio_mpeg&qs=13&rc=MzM7c3c5cmk4cDMzNzU8M0BpMzM7c3c5cmk4cDMzNzU8M0BlYm41MmRzZDJgLS1kMTZzYSNlYm41MmRzZDJgLS1kMTZzcw%3D%3D&vvpl=1&l=202507180031368BB0CDCE6782BE1CF8CF&btag=e00050000&cc=13,https://p16-sign-va.tiktokcdn.com/tos-maliva-avt-0068/84e77f58482861716d5f52a70ec60105~tplv-tiktokx-cropcenter:1080:1080.jpeg?dr=14579&refresh_token=28007cc2&x-expires=1752940800&x-signature=P8kJOls7MSHCdBfeQBcxEpCE3RA%3D&t=4d5b0474&ps=13740610&shp=a5d48078&shcp=81f88b70&idc=maliva,FYP𓆉,https://v16-webapp-prime.tiktok.com/video/tos/alisg/tos-alisg-pve-0037c001/owAKH0pANODiCLiI7bEQpCAqZIwfg4817oGInB/?a=1988&bti=ODszNWYuMDE6&ch=0&cr=3&dr=0&lr=all&cd=0%7C0%7C0%7C&br=2212&bt=1106&cs=0&ds=3&ft=4fUEKMUm8Zmo0FWv5I4jVc8hxpWrKsd.&mime_type=video_mp4&qs=0&rc=OWQ8NTc1ZDU4Mzw5M2UzaEBpM3U3bHY5cnZsMzMzODczNEBjLzA0YWBiNTUxLy8tNS4vYSNkcGczMmRjMG5hLS1kMTFzcw%3D%3D&btag=e00088000&expire=1752942756&l=202507180031368BB0CDCE6782BE1CF8CF&ply_type=2&policy=2&signature=a45e4c6543f7a9104ceae9dc28deee57&tk=tt_chain_token,https://www.tiktok.com/marijovelandia/video/7508945731487632647,,119,1,0,1083,paratiiiiiiiiiiiiiiiiiiiiiiiiiiiiiii‚fyp,paratiiiiiiiiiiiiiiiiiiiiiiiiiiiiiii‚fyp,,,"""te veo más feliz y tranquila' me dijeron‚ y sonreí‚ porque nadie tiene ni idea de lo que me costó volver a estar tranquila","star hairpin,Dazzling YF,BLUE,Cris💞",
zeeschuimer-export-tiktok.com-2025-07-18T17_45_37.653Z.csv,7525534785373031736,7525534785373031736,marijovelandia,marijovelandia,2497,117600,472,https://p16-sign-sg.tiktokcdn.com/tos-alisg-avt-0068/ea6472819cf2c4d50f75cdf0ed1dcb7d~tplv-tiktokx-cropcenter:100:100.jpeg?dr=14579&refresh_token=e58b7362&x-expires=1752940800&x-signature=IwsxhbTLU6FejTW9Bnlpo7ipOAE%3D&t=4d5b0474&ps=13740610&shp=a5d48078&shcp=81f88b70&idc=maliva,,Thu Jul 10 2025,1752175113,no,no,sonido original,7481751644754987782,https://v77.tiktokcdn.com/906558ce8e3db22c87dd452f60f29850/687a7701/video/tos/useast2a/tos-useast2a-v-27dcd7/ocDiohiYEayKkN6AyUFBfg5ELABiAAkoAUWzEA/?a=1233&bti=ODszNWYuMDE6&ch=0&cr=0&dr=0&er=0&lr=default&cd=0%7C0%7C0%7C0&br=250&bt=125&ds=5&ft=.NpOcInz7ThZ4ywKXq8Zmo&mime_type=audio_mpeg&qs=13&rc=amw1M2w5cjM7eTMzNzU8M0Bpamw1M2w5cjM7eTMzNzU8M0BwMjJhMmRjX15gLS1kMTZzYSNwMjJhMmRjX15gLS1kMTZzcw%3D%3D&vvpl=1&l=202507180031368BB0CDCE6782BE1CF8CF&btag=e00078000&cc=13,https://p16-sign-sg.tiktokcdn.com/tos-alisg-avt-0068/e08a888ae37cff7e4a4a8499fa432438~tplv-tiktokx-cropcenter:1080:1080.jpeg?dr=14579&refresh_token=f0558b26&x-expires=1752940800&x-signature=KUYwskPMMkHQlWz7M7B61P8SFlM%3D&t=4d5b0474&ps=13740610&shp=a5d48078&shcp=81f88b70&idc=maliva,UnaLlanera♡,https://v16-webapp-prime.tiktok.com/video/tos/useast2a/tos-useast2a-ve-0068c004/oEBGLC9zCId8wTOgQgJCIeilSJ4NQIAffC7jgM/?a=1988&bti=ODszNWYuMDE6&ch=0&cr=3&dr=0&lr=all&cd=0%7C0%7C0%7C&cv=1&br=3554&bt=1777&cs=0&ds=3&ft=4fUEKMUm8Zmo0FWv5I4jVc8hxpWrKsd.&mime_type=video_mp4&qs=0&rc=OjwzZTU5ODRmNDxpZ2gzN0BpanJ1aXE5cm40NDMzNzczM0A0Nl4uLTUtNV4xMzExX2NjYSM1b3NiMmRrMGxhLS1kMTZzcw%3D%3D&btag=e000b8000&expire=1752942720&l=202507180031368BB0CDCE6782BE1CF8CF&ply_type=2&policy=2&signature=1140dbfbdffab05c742f7ee7e35abc0a&tk=tt_chain_token,https://www.tiktok.com/marijovelandia/video/7525534785373031736,,84,3,0,1010,,,,,,"Cris💞,star hairpin,Dazzling YF,BLUE",
zeeschuimer-export-tiktok.com-2025-07-18T17_45_37.653Z.csv,7521750390979759416,7521750390979759416,comuna_joven.llanada,CMNA JOVEN ALIANZA 2 Y 3,100,251,12,https://p16-sign-va.tiktokcdn.com/tos-maliva-avt-0068/2aed08007f450f913d7e8b689a62fe84~tplv-tiktokx-cropcenter:100:100.jpeg?dr=14579&refresh_token=3b751208&x-expires=1752940800&x-signature=hKnPU3utVw0mbqzfozUqWKmeW7g%3D&t=4d5b0474&ps=13740610&shp=a5d48078&shcp=81f88b70&idc=maliva,#Comuna AlianzaRevolucionaria 2 y 3 🗣️ #Enterate  ▶️ Desde las instalaciones del Complejo Educativo Mariscal Sucre‚ La Comuna Joven Alianza Revolucionaria 2 y 3. Se Llevó a cabo la Asamblea para las  postulaciones de los 7 Proyectos de la 1era Consulta Popular de la Juventud 2025  🚩 !!De la Juventud para la Juventud!! 🚩 #construyendosueños #juventudsocialista💪🚩 #ComunaJoven #seguimosavanzando🙏💪 #comunaonada🇻🇪❤️   @Nicolás Maduro @Jhoanna Carrillo @jhoannavzla @sergiolotartaro_ @francilvysm @JeanS @greciacs ,Mon Jun 30 2025,1751293990,no,no,sonido original,7521750409321532165,https://v77.tiktokcdn.com/4f825c2065fb03ec000cf35820ecdcea/687a771e/video/tos/useast2a/tos-useast2a-v-27dcd7/oEAbuCf9JYIASQJDUpQJINFEeJAYAoFFDEBqBV/?a=1233&bti=ODszNWYuMDE6&ch=0&cr=0&dr=0&er=0&lr=default&cd=0%7C0%7C0%7C0&br=250&bt=125&ds=5&ft=.NpOcInz7ThZ4ywKXq8Zmo&mime_type=audio_mpeg&qs=13&rc=amZseXE5cmRkNDMzNzU8M0BpamZseXE5cmRkNDMzNzU8M0AxYWgzMmRjLWVhLS1kMTZzYSMxYWgzMmRjLWVhLS1kMTZzcw%3D%3D&vvpl=1&l=202507180031368BB0CDCE6782BE1CF8CF&btag=e00048000&cc=13,https://p16-sign-va.tiktokcdn.com/tos-maliva-avt-0068/2aed08007f450f913d7e8b689a62fe84~tplv-tiktokx-cropcenter:1080:1080.jpeg?dr=14579&refresh_token=b175d99b&x-expires=1752940800&x-signature=%2B6MXwR0L0GPz7l1UpjzL1mYwCv8%3D&t=4d5b0474&ps=13740610&shp=a5d48078&shcp=81f88b70&idc=maliva,CMNA JOVEN ALIANZA 2 Y 3,https://v16-webapp-prime.tiktok.com/video/tos/useast2a/tos-useast2a-ve-0068c004/oIbkfAUhQMCewwjXCrXQgAMVIxAjpemiAr8KSU/?a=1988&bti=ODszNWYuMDE6&ch=0&cr=3&dr=0&lr=all&cd=0%7C0%7C0%7C&br=780&bt=390&cs=0&ds=3&ft=4fUEKMUm8Zmo0FWv5I4jVc8hxpWrKsd.&mime_type=video_mp4&qs=0&rc=PGQ8NzY4aDtkNjYzZDU7OUBpM3BrcHc5cjVkNDMzNzczM0A2LjM2Nl8uNmExMmBhNDE1YSMvZm9iMmRrLWVhLS1kMTZzcw%3D%3D&btag=e00088000&expire=1752942752&l=202507180031368BB0CDCE6782BE1CF8CF&ply_type=2&policy=2&signature=a0fb399f6118d475827686d327548da1&tk=tt_chain_token,https://www.tiktok.com/comuna_joven.llanada/video/7521750390979759416,,50,3,7,481,comuna‚enterate‚construyendosueños‚juventudsocialista💪🚩‚comunajoven‚seguimosavanzando🙏💪‚comunaonada🇻🇪❤️,comuna‚enterate‚construyendosueños‚juventudsocialista💪🚩‚comunajoven‚seguimosavanzando🙏💪‚comunaonada🇻🇪❤️,,,,"Cris💞,star hairpin,Dazzling YF,BLUE",
zeeschuimer-export-tiktok.com-2025-07-18T17_45_37.653Z.csv,7503558229675232520,7503558229675232520,marijovelandia,marijovelandia,2497,117600,472,https://p16-sign-sg.tiktokcdn.com/tos-alisg-avt-0068/ea6472819cf2c4d50f75cdf0ed1dcb7d~tplv-tiktokx-cropcenter:100:100.jpeg?dr=14579&refresh_token=e58b7362&x-expires=1752940800&x-signature=IwsxhbTLU6FejTW9Bnlpo7ipOAE%3D&t=4d5b0474&ps=13740610&shp=a5d48078&shcp=81f88b70&idc=maliva,,Mon May 12 2025,1747058297,no,no,sonido original,7423644303994964741,https://v77.tiktokcdn.com/76f2f4bfddbeb2a7c37071789353558c/687a7725/video/tos/useast2a/tos-useast2a-v-27dcd7/owrnh7UYACAxAJ9sQEF3BFJD4feGJThEBUBAGE/?a=1233&bti=ODszNWYuMDE6&ch=0&cr=0&dr=0&er=0&lr=default&cd=0%7C0%7C0%7C0&br=250&bt=125&ds=5&ft=.NpOcInz7ThZ4ywKXq8Zmo&mime_type=audio_mpeg&qs=13&rc=ajkzeXI5cmg0djMzNzU8M0BpajkzeXI5cmg0djMzNzU8M0BvZmduMmQ0XjBgLS1kMTZzYSNvZmduMmQ0XjBgLS1kMTZzcw%3D%3D&vvpl=1&l=202507180031368BB0CDCE6782BE1CF8CF&btag=e00050000&cc=13,https://p77-sign-sg-lite.tiktokcdn.com/tos-alisg-avt-0068/e29a2d7a6eab7cf99b6792ef05098ec3~tplv-tiktokx-cropcenter:1080:1080.jpeg?dr=14579&refresh_token=295b6692&x-expires=1752940800&x-signature=ubAt6qTTr3r%2BZOu771eU9eQOYEI%3D&t=4d5b0474&ps=13740610&shp=a5d48078&shcp=81f88b70&idc=maliva,Blessd,https://v16-webapp-prime.tiktok.com/video/tos/alisg/tos-alisg-pve-0037c001/oYJkD7fD4Q7SjmQI2fbqxQBfDCoAVE5yFgDdIA/?a=1988&bti=ODszNWYuMDE6&ch=0&cr=3&dr=0&lr=all&cd=0%7C0%7C0%7C&cv=1&br=2064&bt=1032&cs=0&ds=3&ft=4fUEKMUm8Zmo0FWv5I4jVc8hxpWrKsd.&mime_type=video_mp4&qs=0&rc=aTw4ODk2O2Q4ODM3NGU5aEBpajNxbnc5cnF5MzMzODczNEA1YzIwYzUzNWExL2NjYzMvYSNuM2dxMmRjcGRhLS1kMWBzcw%3D%3D&btag=e000b8000&expire=1752942713&l=202507180031368BB0CDCE6782BE1CF8CF&ply_type=2&policy=2&signature=24dc8d188950be01e94452530d375c20&tk=tt_chain_token,https://www.tiktok.com/marijovelandia/video/7503558229675232520,,122,6,0,1064,,,,,,"BLUE,Cris💞,star hairpin,Dazzling YF",
zeeschuimer-export-tiktok.com-2025-07-18T17_45_37.653Z.csv,7524395610368150789,7524395610368150789,anita_244_,anita_244_,236800,1695,582,https://p77-sign-va.tiktokcdn.com/tos-maliva-avt-0068/101d44ec626dd3ec44e1da3e328fb4b0~tplv-tiktokx-cropcenter:100:100.jpeg?dr=14579&refresh_token=1147c983&x-expires=1752940800&x-signature=LjB0OL2Sz%2FZdG%2BiX8iI%2BLJ00LZQ%3D&t=4d5b0474&ps=13740610&shp=a5d48078&shcp=81f88b70&idc=maliva,,Mon Jul 07 2025,1751909877,no,no,Picture You,7389771188298320645,https://sf16-ies-music-va.tiktokcdn.com/obj/tos-useast2a-ve-2774/ok1MXCKv3aSRbJzeBAIPQ8R3gfn7OiFCeDWzA8,https://p16-amd-va.tiktokcdn.com/img/tos-useast2a-v-2774/oIe4aAGEzgFfNeAAvAAroIABIFZQ64D3Hl0DFC~c5_720x720.jpeg,Clara Smallman,https://v16-webapp-prime.tiktok.com/video/tos/useast2a/tos-useast2a-ve-0068c004/ocmvRBLIoBiggHtfCo6sqk0aDpI3NAQ6iErAQY/?a=1988&bti=ODszNWYuMDE6&ch=0&cr=3&dr=0&lr=all&cd=0%7C0%7C0%7C&cv=1&br=1898&bt=949&cs=0&ds=3&ft=4fUEKMUm8Zmo0FWv5I4jVc8hxpWrKsd.&mime_type=video_mp4&qs=0&rc=M2dkZzo1NzM1aWdmNjg3N0BpMzlpdHQ5cnAzNDMzNzczM0A0YDAuLzVhNmExNTJfNl5iYSNoY2lrMmRzX2phLS1kMTZzcw%3D%3D&btag=e000b0000&expire=1752942709&l=202507180031368BB0CDCE6782BE1CF8CF&ply_type=2&policy=2&signature=ea3be8f091839222cd44238f2309897e&tk=tt_chain_token,https://www.tiktok.com/anita_244_/video/7524395610368150789,,17100,39,135,289300,,,,,fugi da quemlandia,"star hairpin,Dazzling YF,BLUE,Cris💞",
zeeschuimer-export-tiktok.com-2025-07-18T17_45_37.653Z.csv,7394145948961737989,7394145948961737989,..arancibia,✨😉Diaz💫🫰🇧🇴,38100,96000,600,https://p16-sign-va.tiktokcdn.com/tos-maliva-avt-0068/636cf349f6d73fa10f5755b9ad507376~tplv-tiktokx-cropcenter:100:100.jpeg?dr=14579&refresh_token=7199f921&x-expires=1752940800&x-signature=1vyEV7so%2BUlavHkv9JsBjozVD58%3D&t=4d5b0474&ps=13740610&shp=a5d48078&shcp=81f88b70&idc=maliva,#genercionjuvenil#,Sun Jul 21 2024,1721583765,no,no,sonido original,7394145983611849478,https://v77.tiktokcdn.com/acd4e87690128fc70f42bfe80240b3c8/687a7736/video/tos/useast2a/tos-useast2a-v-27dcd7/osBdOuoTfBE09RCcABEzjJAgSigkiKAPWqAEa9/?a=1233&bti=ODszNWYuMDE6&ch=0&cr=0&dr=0&er=0&lr=default&cd=0%7C0%7C0%7C0&br=250&bt=125&ds=5&ft=.NpOcInz7ThZ4ywKXq8Zmo&mime_type=audio_mpeg&qs=13&rc=M2g3O3c5cjpudDMzNzU8M0BpM2g3O3c5cjpudDMzNzU8M0Bkc2xfMmRjZWJgLS1kMTZzYSNkc2xfMmRjZWJgLS1kMTZzcw%3D%3D&vvpl=1&l=202507180031368BB0CDCE6782BE1CF8CF&btag=e00050000&cc=13,https://p16-sign-va.tiktokcdn.com/tos-maliva-avt-0068/636cf349f6d73fa10f5755b9ad507376~tplv-tiktokx-cropcenter:1080:1080.jpeg?dr=14579&refresh_token=15e62722&x-expires=1752940800&x-signature=2li3mvZ2%2FVRrswCGvcYEOCBLqDw%3D&t=4d5b0474&ps=13740610&shp=a5d48078&shcp=81f88b70&idc=maliva,✨😉Diaz💫🫰🇧🇴,,https://www.tiktok.com/..arancibia/video/7394145948961737989,,4328,66,385,300600,genercionjuvenil,genercionjuvenil,,,Generación juvenil ❤️🇧🇴🥰‚vol 1,"BLUE,Cris💞,star hairpin,Dazzling YF",
zeeschuimer-export-tiktok.com-2025-07-18T17_45_37.653Z.csv,7524817368938188038,7524817368938188038,off.isah7,miazzw'ㅤ愛,136,519,12,https://p16-sign-va.tiktokcdn.com/tos-maliva-avt-0068/fd83195bda65afffb3898f419606d47a~tplv-tiktokx-cropcenter:100:100.jpeg?dr=14579&refresh_token=6ce836cc&x-expires=1752940800&x-signature=dCALrhFQAozP7vQoI%2FosBdqOPRc%3D&t=4d5b0474&ps=13740610&shp=a5d48078&shcp=81f88b70&idc=maliva,AKAKAKAKAKAK #quemlandia #fyp ,Tue Jul 08 2025,1752008077,no,no,Picture You,7389771188298320645,https://sf16-ies-music-va.tiktokcdn.com/obj/tos-useast2a-ve-2774/ok1MXCKv3aSRbJzeBAIPQ8R3gfn7OiFCeDWzA8,https://p16-amd-va.tiktokcdn.com/img/tos-useast2a-v-2774/oIe4aAGEzgFfNeAAvAAroIABIFZQ64D3Hl0DFC~c5_720x720.jpeg,Clara Smallman,https://v16-webapp-prime.tiktok.com/video/tos/useast2a/tos-useast2a-ve-0068c002/oIV0zFtIEIjQgd2ywbfmoGeAjBZeQDShCg09C2/?a=1988&bti=ODszNWYuMDE6&ch=0&cr=3&dr=0&lr=all&cd=0%7C0%7C0%7C&cv=1&br=5968&bt=2984&cs=0&ds=3&ft=4fUEKMUm8Zmo0FWv5I4jVc8hxpWrKsd.&mime_type=video_mp4&qs=0&rc=cnF8b2hsc2d3SkBwaHIxaDFybndmNTc6NWg7ZjxoZzRoZGVlPEBpM3M2ZXQ5cnFyNDMzNzczM0BjRl5Nc3FePmJKYSNvYF90aHFmOiMuYTAvY2BjNmIxMDViNjUzYSNuZjNfMmRrNmphLS1kMTZzcw%3D%3D&btag=e000b0000&expire=1752942706&l=202507180031368BB0CDCE6782BE1CF8CF&ply_type=2&policy=2&signature=7cec026e52bab1ebcab1a16e1ed6dbf9&tk=tt_chain_token,https://www.tiktok.com/off.isah7/video/7524817368938188038,,6141,66,546,70900,quemlandia‚fyp,quemlandia‚fyp,,,o cachorro sendo morador da quemlandia,"Cris💞,star hairpin,Dazzling YF,BLUE",
zeeschuimer-export-tiktok.com-2025-07-18T17_45_37.653Z.csv,7474809266742840582,7474809266742840582,deleonardo,Leonardo,18600,63500,59,https://p77-sign-va.tiktokcdn.com/tos-maliva-avt-0068/d203657c6374bfba9000de17c7c81cd8~tplv-tiktokx-cropcenter:100:100.jpeg?dr=14579&refresh_token=d0974385&x-expires=1752940800&x-signature=go3Wc4HVuL4UUf7veveGTOUuprY%3D&t=4d5b0474&ps=13740610&shp=a5d48078&shcp=81f88b70&idc=maliva,"Horton e o Mundo dos Quem!‚ um encantador filme de animação‚ narra a história de Horton‚ um elefante imaginativo e bondoso‚ que descobre uma comunidade microscópica chamada ""Quemlândia"" em um grão de poeira. Enquanto Horton tenta proteger os habitantes minúsculos‚ enfrenta descrédito e desafios de seus amigos na selva. Com uma mensagem poderosa sobre aceitação e a importância de cada ser‚ independentemente do tamanho‚ o filme é uma celebração do espírito de comunidade e da coragem de defender o que é certo. #HortonEOsQuem  #DrSeuss #AnimaçãoInfantil #UmaPessoaÉUmaPessoa  #HortonHearsAWho  ",Mon Feb 24 2025,1740364660,no,no,som original,7474809293165038341,https://v77.tiktokcdn.com/cf405224f9f0dd8abf6f54723567efcf/687a773f/video/tos/useast2a/tos-useast2a-v-27dcd7/oEjuADtIuAF9Be5fUQl37JnvtFJwuCDxEICBAJ/?a=1233&bti=ODszNWYuMDE6&ch=0&cr=0&dr=0&er=0&lr=default&cd=0%7C0%7C0%7C0&br=250&bt=125&ds=5&ft=.NpOcInz7ThZ4ywKXq8Zmo&mime_type=audio_mpeg&qs=13&rc=ams4cWw5cnh3eDMzNzU8M0Bpams4cWw5cnh3eDMzNzU8M0BvZGBvMmRjanFgLS1kMTZzYSNvZGBvMmRjanFgLS1kMTZzcw%3D%3D&vvpl=1&l=202507180031368BB0CDCE6782BE1CF8CF&btag=e00050000&cc=13,https://p16-sign-va.tiktokcdn.com/tos-maliva-avt-0068/d203657c6374bfba9000de17c7c81cd8~tplv-tiktokx-cropcenter:1080:1080.jpeg?dr=14579&refresh_token=06c50198&x-expires=1752940800&x-signature=zVy57rLF5jHQNXRmf6Ap68ZadPY%3D&t=4d5b0474&ps=13740610&shp=a5d48078&shcp=81f88b70&idc=maliva,Leonardo,,https://www.tiktok.com/deleonardo/video/7474809266742840582,,10800,49,165,245800,hortoneosquem‚drseuss‚animaçãoinfantil‚umapessoaéumapessoa‚hortonhearsawho,hortoneosquem‚drseuss‚animaçãoinfantil‚umapessoaéumapessoa‚hortonhearsawho,,,,"Cris💞,star hairpin,Dazzling YF,BLUE",
zeeschuimer-export-tiktok.com-2025-07-18T17_45_37.653Z.csv,7524758421774601478,7524758421774601478,dudinhabarbs,dudinha❤️‍🔥,254800,7009,1352,https://p77-sign-va.tiktokcdn.com/tos-maliva-avt-0068/b43defac763de591d389f99307f3323c~tplv-tiktokx-cropcenter:100:100.jpeg?dr=14579&refresh_token=3abf70f3&x-expires=1752940800&x-signature=NrmAuHSnxa7%2FfUugpPxTLt%2BWGvM%3D&t=4d5b0474&ps=13740610&shp=a5d48078&shcp=81f88b70&idc=maliva,pfv mt obrigada #quemlandia ,Tue Jul 08 2025,1751994353,no,no,som original,7524758434962164485,https://v77.tiktokcdn.com/89c0a4de17269cab9ea95166b7256af0/687a7728/video/tos/useast2a/tos-useast2a-v-27dcd7/oUrBQ6etAfemJQSehAQGioXgQsF1kT8PEkAMMA/?a=1233&bti=ODszNWYuMDE6&ch=0&cr=0&dr=0&er=0&lr=default&cd=0%7C0%7C0%7C0&br=250&bt=125&ds=5&ft=.NpOcInz7ThZ4ywKXq8Zmo&mime_type=audio_mpeg&qs=13&rc=ajxsZHk5cnduNDMzNzU8M0BpajxsZHk5cnduNDMzNzU8M0AuajFrMmRjc2phLS1kMTZzYSMuajFrMmRjc2phLS1kMTZzcw%3D%3D&vvpl=1&l=202507180031368BB0CDCE6782BE1CF8CF&btag=e00050000&cc=13,https://p77-sign-va.tiktokcdn.com/tos-maliva-avt-0068/b43defac763de591d389f99307f3323c~tplv-tiktokx-cropcenter:1080:1080.jpeg?dr=14579&refresh_token=f8c92560&x-expires=1752940800&x-signature=k1nEzDcg8vkeSHqzh3E3nM4p9jQ%3D&t=4d5b0474&ps=13740610&shp=a5d48078&shcp=81f88b70&idc=maliva,dudinha❤️‍🔥,https://v16-webapp-prime.tiktok.com/video/tos/useast2a/tos-useast2a-ve-0068c004/okdgLjIIQCgQVz2e8tLSaOj3qfvMtIAuGCpjge/?a=1988&bti=ODszNWYuMDE6&ch=0&cr=3&dr=0&lr=all&cd=0%7C0%7C0%7C&cv=1&br=3778&bt=1889&cs=0&ds=3&ft=4fUEKMUm8Zmo0FWv5I4jVc8hxpWrKsd.&mime_type=video_mp4&qs=0&rc=Njw7NDM1PGY2NGdkNWVnaUBpajhzcXk5cnRuNDMzNzczM0BjNjVeLTAvXy8xXzReYTUvYSNua2RfMmRrb2phLS1kMTZzcw%3D%3D&btag=e00090000&expire=1752942761&l=202507180031368BB0CDCE6782BE1CF8CF&ply_type=2&policy=2&signature=efd0aa73fbbe4aa37450eb49c8030190&tk=tt_chain_token,https://www.tiktok.com/dudinhabarbs/video/7524758421774601478,,12900,279,100,354200,quemlandia,quemlandia,,,alguem explica pfv,"Dazzling YF,BLUE,Cris💞,star hairpin",
zeeschuimer-export-tiktok.com-2025-07-18T17_45_37.653Z.csv,7505064492338924805,7505064492338924805,red.juvenil.adulam.ruah,Red Juvenil Adulam,214,49,19,https://p16-sign-va.tiktokcdn.com/tos-maliva-avt-0068/dfa5de2d032fd4e3d041732db44b6f97~tplv-tiktokx-cropcenter:100:100.jpeg?dr=14579&refresh_token=3ac8007f&x-expires=1752940800&x-signature=H46xHoeatRc2SsANELRlGIMeyjY%3D&t=4d5b0474&ps=13740610&shp=a5d48078&shcp=81f88b70&idc=maliva,Aquí les dejo el detrás de cámara de nuestro video 😅,Fri May 16 2025,1747409002,no,no,sonido original,7505064497507273478,https://v77.tiktokcdn.com/54e58ba5789c0845c9dc8b0ed28b8a33/687a7748/video/tos/useast2a/tos-useast2a-v-27dcd7/oQAgXw0vAWEwi2dKi6BAYEEBnoHkEA7AJ1fLGy/?a=1233&bti=ODszNWYuMDE6&ch=0&cr=0&dr=0&er=0&lr=default&cd=0%7C0%7C0%7C0&br=250&bt=125&ds=5&ft=.NpOcInz7ThZ4ywKXq8Zmo&mime_type=audio_mpeg&qs=13&rc=amp5dWw5cnVvMzMzNzU8M0Bpamp5dWw5cnVvMzMzNzU8M0Axa25iMmRjZGdhLS1kMTZzYSMxa25iMmRjZGdhLS1kMTZzcw%3D%3D&vvpl=1&l=202507180031368BB0CDCE6782BE1CF8CF&btag=e00050000&cc=13,https://p16-sign-va.tiktokcdn.com/tos-maliva-avt-0068/dfa5de2d032fd4e3d041732db44b6f97~tplv-tiktokx-cropcenter:1080:1080.jpeg?dr=14579&refresh_token=77a24686&x-expires=1752940800&x-signature=FiL4JAlPdb4axJUXxgWLKxyewLA%3D&t=4d5b0474&ps=13740610&shp=a5d48078&shcp=81f88b70&idc=maliva,Red Juvenil Adulam,https://v16-webapp-prime.tiktok.com/video/tos/useast2a/tos-useast2a-pve-0068/oApjGIg2gDQApaIKRCOftSLtzTwf5Cer28AjAZ/?a=1988&bti=ODszNWYuMDE6&ch=0&cr=3&dr=0&lr=all&cd=0%7C0%7C0%7C&cv=1&br=1962&bt=981&cs=0&ds=3&ft=4fUEKMUm8Zmo0FWv5I4jVc8hxpWrKsd.&mime_type=video_mp4&qs=0&rc=Zjs3ODg4MzVnNztkMztmNEBpM3VwaXc5cjZvMzMzNzczM0BgLzMwXzNgXjYxMi4xY2ItYSNiaDRkMmQ0ZGdhLS1kMTZzcw%3D%3D&btag=e00090000&expire=1752942793&l=202507180031368BB0CDCE6782BE1CF8CF&ply_type=2&policy=2&signature=817a718afe7b5c96de33ff128eeb4b0c&tk=tt_chain_token,https://www.tiktok.com/red.juvenil.adulam.ruah/video/7505064492338924805,,76,11,11,1783,,,,,,"Cris💞,star hairpin,Dazzling YF,BLUE",
zeeschuimer-export-tiktok.com-2025-07-18T17_45_37.653Z.csv,7093655228465024261,7093655228465024261,jazzvoltage,Santiago Manchego,1754,4660,19,https://p16-sign-sg.tiktokcdn.com/tos-alisg-avt-0068/7324079183397650433~tplv-tiktokx-cropcenter:100:100.jpeg?dr=14579&refresh_token=cbd2a673&x-expires=1752940800&x-signature=2yUP8YEuXHhxkXZ8x7BOAIXUG5o%3D&t=4d5b0474&ps=13740610&shp=a5d48078&shcp=81f88b70&idc=maliva,#CapCut #thetruesize #colombia #suramerica #norteamerica #groelandia #groelandia🇬🇱 #tamaño #tamañoreal #curioso #jazzvoltage,Wed May 04 2022,1651620315,no,no,Cornfield Chase,7019714357059881733,https://sf16-ies-music-va.tiktokcdn.com/obj/tos-useast2a-ve-2774/ocRaKgDUIBgjXidbfd8Q3Bh1GJSewtCynB3ZJb,https://p16-amd-va.tiktokcdn.com/img/tos-useast2a-v-2774/osBAiBCiMEAyCZAgHUttWeEJu8n6Bf4BQ33mR0~c5_720x720.jpeg,Dorian Marko,https://v16-webapp-prime.tiktok.com/video/tos/maliva/tos-maliva-ve-0068c801-us/o4I9INWCxIkBCqgN4AOfEXvhEQzQHFAcootHBi/?a=1988&bti=ODszNWYuMDE6&ch=0&cr=3&dr=0&lr=all&cd=0%7C0%7C0%7C&cv=1&br=2170&bt=1085&cs=0&ds=3&ft=4fUEKMUm8Zmo0FWv5I4jVc8hxpWrKsd.&mime_type=video_mp4&qs=0&rc=M2VlN2Y2ZzU8PDhkPGU2NkBpMzs0cmc6Zm51PDMzNzczM0AtL2MtLzRhNjIxLTY0Nl9iYSNfbGYwcjRfY2xgLS1kMTZzcw%3D%3D&btag=e000b0000&expire=1752942710&l=202507180031368BB0CDCE6782BE1CF8CF&ply_type=2&policy=2&signature=e66dc2d6b972677ffe39fc86624d1864&tk=tt_chain_token,https://www.tiktok.com/jazzvoltage/video/7093655228465024261,,5472,111,8,132900,capcut‚thetruesize‚colombia‚suramerica‚norteamerica‚groelandia‚groelandia🇬🇱‚tamaño‚tamañoreal‚curioso‚jazzvoltage,CapCut‚thetruesize‚colombia‚suramerica‚norteamerica‚groelandia‚groelandia🇬🇱‚tamaño‚tamañoreal‚curioso‚jazzvoltage,,,Este es el tamaño real de Groelandia‚comparado con Colombia en el portal‚The true size ‚Un sitio gratuito en el que podemos observar ‚el tamaño real de los países‚¿Lo conocías?‚Groelandia   vs Colombia,"Cris💞,star hairpin,Dazzling YF,BLUE",
zeeschuimer-export-tiktok.com-2025-07-18T17_45_37.653Z.csv,7500556650470886674,7500556650470886674,joveneslan,JóvenesLAN_TlapaGro,15,98,21,https://p16-sign-sg.tiktokcdn.com/tos-alisg-avt-0068/e737eb5a061f001eb344190e56e0de72~tplv-tiktokx-cropcenter:100:100.jpeg?dr=14579&refresh_token=8134f91c&x-expires=1752940800&x-signature=po40Gp5Qb6YSd7I9U2f6mCLe5nQ%3D&t=4d5b0474&ps=13740610&shp=a5d48078&shcp=81f88b70&idc=maliva,Tarde de conexión 🥰 #cristo #cristianos #alabanza #hagamosviralajesus #jesus #iglesia #jesus #juegos ,Sun May 04 2025,1746359435,no,no,sonido original,7500556668745665297,https://v77.tiktokcdn.com/86f8e3afe7a4b1108498e7f210f33a50/687a76f5/video/tos/alisg/tos-alisg-v-27dcd7/o8BXAoAGEAICFEiKIfEVK18Ampb36wFMACBAi0/?a=1233&bti=ODszNWYuMDE6&ch=0&cr=0&dr=0&er=0&lr=default&cd=0%7C0%7C0%7C0&br=250&bt=125&ds=5&ft=.NpOcInz7ThZ4ywKXq8Zmo&mime_type=audio_mpeg&qs=13&rc=ajhuNnY5cjZvMzMzODU8NEBpajhuNnY5cjZvMzMzODU8NEBvZC0uMmRjNl9hLS1kMS1zYSNvZC0uMmRjNl9hLS1kMS1zcw%3D%3D&vvpl=1&l=202507180031368BB0CDCE6782BE1CF8CF&btag=e00070000&cc=13,https://p16-sign-sg.tiktokcdn.com/tos-alisg-avt-0068/e737eb5a061f001eb344190e56e0de72~tplv-tiktokx-cropcenter:1080:1080.jpeg?dr=14579&refresh_token=e6900ed5&x-expires=1752940800&x-signature=vSq51u6WPLh4PLYfPfK35Aq5ZA8%3D&t=4d5b0474&ps=13740610&shp=a5d48078&shcp=81f88b70&idc=maliva,JóvenesLAN_TlapaGro,https://webapp-sg.tiktok.com/3a2efdf01e857553e8cded0b4c08ae15/687bc876/kmoat/mps/logo/v2/r/p/v14044g50000d0bl8e7og65gh7qk4v30/2d7e65a45a624539849c7527ea3b5182/d139e09fa21ab15ca850a892b84c0e7b/mp4/main.mp4?a=1988&bti=ODszNWYuMDE6&ch=0&cr=3&dr=0&lr=all&cd=0%7C0%7C0%7C&br=0&bt=0&cs=0&ds=3&eid=1286&ft=piBE5MUm8Zmo0FWv5I4jVc8hxpWrKsd.&mime_type=video_mp4&qs=0&rc=cnF8b2hsc2d3SkBwaHIxaDFybndmNTRlZDo4Zjc8ODVkNzhoZ0BpM3luOmo5cmhvMzMzODczNEBjRl5Nc3FePmJKYSNvYF90aHFmOiM1MjBiLzQ2NTAxMzJeMzQvYSMwMW5lMmQ0NV9hLS1kMTFzcw%3D%3D&btag=e000b0000&definition=720p&du=13&item_id=7500556650470886674&l=202507180031368BB0CDCE6782BE1CF8CF&logo_type=tiktok_m&ply_type=2&policy=eyJ2bSI6MiwiY2siOiJ0dF9jaGFpbl90b2tlbiJ9&user_text=joveneslan,https://www.tiktok.com/joveneslan/video/7500556650470886674,,41,0,0,618,cristo‚cristianos‚alabanza‚hagamosviralajesus‚jesus‚iglesia‚jesus‚juegos,cristo‚cristianos‚alabanza‚hagamosviralajesus‚jesus‚iglesia‚juegos,,,,"Cris💞,star hairpin,Dazzling YF,BLUE",
zeeschuimer-export-tiktok.com-2025-07-18T17_45_37.653Z.csv,7514242264957242632,7514242264957242632,joven.andales,@Joven Andales,95,1439,28,https://p16-sign-sg.tiktokcdn.com/tos-alisg-avt-0068/7f87683e1c20342f2e4f92ce4dbd05f9~tplv-tiktokx-cropcenter:100:100.jpeg?dr=14579&refresh_token=dfba8c02&x-expires=1752940800&x-signature=KYn7cX6QsOx0QgrU3ERyi5j8aFg%3D&t=4d5b0474&ps=13740610&shp=a5d48078&shcp=81f88b70&idc=maliva,,Tue Jun 10 2025,1749545868,no,no,original sound - Mark Anthony Edaño,7497556066067237648,https://v77.tiktokcdn.com/390d18f4f988f1774526a6a61fceb0eb/687a76f8/video/tos/alisg/tos-alisg-v-27dcd7/o4xMC7XiAXEdAEWEUAi0BqABw7o2AAS4flBKnw/?a=1233&bti=ODszNWYuMDE6&ch=0&cr=0&dr=0&er=0&lr=default&cd=0%7C0%7C0%7C0&br=250&bt=125&ds=5&ft=.NpOcInz7ThZ4ywKXq8Zmo&mime_type=audio_mpeg&qs=13&rc=amtwb2o5cjRkMzMzODU8NEBpamtwb2o5cjRkMzMzODU8NEBxY29xMmRjazNhLS1kMS1zYSNxY29xMmRjazNhLS1kMS1zcw%3D%3D&vvpl=1&l=202507180031368BB0CDCE6782BE1CF8CF&btag=e00078000&cc=13,https://p16-sign-sg.tiktokcdn.com/tos-alisg-avt-0068/ce3644468f245a64549ac0d27476dcfa~tplv-tiktokx-cropcenter:1080:1080.jpeg?dr=14579&refresh_token=f73506fc&x-expires=1752940800&x-signature=mzbJq%2BOH65QxtoSeB0kAWFtLW80%3D&t=4d5b0474&ps=13740610&shp=a5d48078&shcp=81f88b70&idc=maliva,Mark Anthony Edaño,https://v16-webapp-prime.tiktok.com/video/tos/alisg/tos-alisg-pve-0037c001/oA1Ez9fRIRlIoHjCzHIDfD8jN4AFQdfADYdQED/?a=1988&bti=ODszNWYuMDE6&ch=0&cr=3&dr=0&lr=all&cd=0%7C0%7C0%7C&cv=1&br=3732&bt=1866&cs=0&ds=3&ft=4fUEKMUm8Zmo0FWv5I4jVc8hxpWrKsd.&mime_type=video_mp4&qs=0&rc=OzozNzplZjw7aGY8NThmNUBpM206O2w5cnh5NDMzODczNEA2MTZjXjYtXzIxY18zMi1hYSNyc2NoMmQ0MzBhLS1kMTFzcw%3D%3D&btag=e000b8000&expire=1752942713&l=202507180031368BB0CDCE6782BE1CF8CF&ply_type=2&policy=2&signature=1646faa4a0b4bdc82b4d43c4d933adbe&tk=tt_chain_token,https://www.tiktok.com/joven.andales/video/7514242264957242632,,4,0,0,56,,,,,,"Cris💞,star hairpin,Dazzling YF,BLUE",
zeeschuimer-export-tiktok.com-2025-07-18T17_45_37.653Z.csv,7470944778947988742,7470944778947988742,mariolefernandez467,MariolyfernandezFlores Soto467,13700,141800,1492,https://p16-sign-va.tiktokcdn.com/tos-maliva-avt-0068/c1bd80535b3821fa999721fd5b2dfa19~tplv-tiktokx-cropcenter:100:100.jpeg?dr=14579&refresh_token=4231f1d2&x-expires=1752940800&x-signature=c3%2FxjPypHppvjziaBgoSBW7e4nU%3D&t=4d5b0474&ps=13740610&shp=a5d48078&shcp=81f88b70&idc=maliva,,Thu Feb 13 2025,1739464887,no,no,sonido original,7470944791375776567,https://v77.tiktokcdn.com/bb875cadcb1cd6e13c920437c12ca2d3/687a7718/video/tos/useast2a/tos-useast2a-v-27dcd7/o0A4t7SfJnEHCJB1BYDufCFiALvrQCyEJuIAEU/?a=1233&bti=ODszNWYuMDE6&ch=0&cr=0&dr=0&er=0&lr=default&cd=0%7C0%7C0%7C0&br=250&bt=125&ds=5&ft=.NpOcInz7ThZ4ywKXq8Zmo&mime_type=audio_mpeg&qs=13&rc=M3JrZ3M5cmg1eDMzNzU8M0BpM3JrZ3M5cmg1eDMzNzU8M0A2c2kvMmRzLmtgLS1kMTZzYSM2c2kvMmRzLmtgLS1kMTZzcw%3D%3D&vvpl=1&l=202507180031368BB0CDCE6782BE1CF8CF&btag=e00048000&cc=13,https://p16-sign-va.tiktokcdn.com/tos-maliva-avt-0068/c1bd80535b3821fa999721fd5b2dfa19~tplv-tiktokx-cropcenter:1080:1080.jpeg?dr=14579&refresh_token=0c23189a&x-expires=1752940800&x-signature=bo0biE4kbXnbAnY%2FUfcrylghKu0%3D&t=4d5b0474&ps=13740610&shp=a5d48078&shcp=81f88b70&idc=maliva,MariolyfernandezFlores Soto467,,https://www.tiktok.com/mariolefernandez467/video/7470944778947988742,,2864,31,163,179400,,,,,,"Cris💞,star hairpin,Dazzling YF,BLUE",
zeeschuimer-export-tiktok.com-2025-07-18T17_45_37.653Z.csv,7527070176056036630,7527070176056036630,visionmoruna,VisionMoruna,1287,83,62,https://p77-sign-va.tiktokcdn.com/tos-maliva-avt-0068/504af4e82e44bb71918af5ad5103fcf2~tplv-tiktokx-cropcenter:100:100.jpeg?dr=14579&refresh_token=e74f1c6f&x-expires=1752940800&x-signature=z52%2FARONeDMG36rrVTBoQRgf3H8%3D&t=4d5b0474&ps=13740610&shp=a5d48078&shcp=81f88b70&idc=maliva,marroquís en busca de gitanos y ultras en torre pacheco martes 15 a las0:20 de la noche #descontrol #anciano #manifestation #españa #morroco #gitanos #kebab ,Tue Jul 15 2025,1752532601,no,no,sonido original,7527070153829583638,https://v77.tiktokcdn.com/a3dbe849b4ac5db68a5067d015f440a7/687a770d/video/tos/no1a/tos-no1a-v-2370-no/oQnUSfY14gtJD6AEA72EC7BkhFdFEEFWo4ZfAB/?a=1233&bti=ODszNWYuMDE6&ch=0&cr=0&dr=0&er=0&lr=default&cd=0%7C0%7C0%7C0&br=250&bt=125&ds=5&ft=.NpOcInz7ThZ4ywKXq8Zmo&mime_type=audio_mpeg&qs=13&rc=M3Jpb3U5cnhyNDMzbzU8NUBpM3Jpb3U5cnhyNDMzbzU8NUA2ZWtjMmRzYG5hLS1kMTFzYSM2ZWtjMmRzYG5hLS1kMTFzcw%3D%3D&vvpl=1&l=202507180031368BB0CDCE6782BE1CF8CF&btag=e00048000&cc=13,https://p16-sign-va.tiktokcdn.com/tos-maliva-avt-0068/504af4e82e44bb71918af5ad5103fcf2~tplv-tiktokx-cropcenter:1080:1080.jpeg?dr=14579&refresh_token=34ca5ee5&x-expires=1752940800&x-signature=Nd%2BshOETCfs1nn4fJl3hh8P2WpU%3D&t=4d5b0474&ps=13740610&shp=a5d48078&shcp=81f88b70&idc=maliva,VisionMoruna,https://v16-webapp-prime.tiktok.com/video/tos/no1a/tos-no1a-ve-0068-no/oAdA8BEYKeDDRSgtNLviFzrFf0kgboIEGvQpqI/?a=1988&bti=ODszNWYuMDE6&ch=0&cr=3&dr=0&lr=all&cd=0%7C0%7C0%7C&cv=1&br=848&bt=424&cs=0&ds=3&ft=4fUEKMUm8Zmo0FWv5I4jVc8hxpWrKsd.&mime_type=video_mp4&qs=0&rc=aDZkO2ZpPDc8aDM8NmdnaUBpM3B5d3Q5cnRyNDMzbzczNUAvMjVfXjJiNWMxXmNjMDZfYSNzL14vMmRjM25hLS1kMTFzcw%3D%3D&btag=e00088000&expire=1752942734&l=202507180031368BB0CDCE6782BE1CF8CF&ply_type=2&policy=2&signature=764ba4f8df4c966114635367f5611a13&tk=tt_chain_token,https://www.tiktok.com/visionmoruna/video/7527070176056036630,,2584,230,403,157900,descontrol‚anciano‚manifestation‚españa‚morroco‚gitanos‚kebab,descontrol‚anciano‚manifestation‚españa‚morroco‚gitanos‚kebab,,,marroquis rodeados   por la guardia civil   sueltan los palos   ahora quieren hablar ‚🥷:queremos justicia por loque pasó en el  kebab‚🥷: queremos a los racistas  fuera‚🥷: nosotros vamos encontrá  de la violencia ( con palos en las manos)‚🥷: El único problema que tenemos  con los gitanos y con los ultras‚estamos buscando gitanos y ultras !!!,"Cris💞,star hairpin,Dazzling YF,BLUE",
zeeschuimer-export-tiktok.com-2025-07-18T17_45_37.653Z.csv,7412056177196010758,7412056177196010758,yolandagarcia07111,Yoli,104,1339,256,https://p16-sign-va.tiktokcdn.com/tos-maliva-avt-0068/d54e9bb2e377d900a699529acd9b408b~tplv-tiktokx-cropcenter:100:100.jpeg?dr=14579&refresh_token=22e76e91&x-expires=1752940800&x-signature=9KA2vOdJIl7gtWRF1gOqbxB1skg%3D&t=4d5b0474&ps=13740610&shp=a5d48078&shcp=81f88b70&idc=maliva,Fui a #MundoJovenFest es real los tours estan al 2x1… chequen los precios increíbles!!! @Mundo Joven #viajes #tour #Tipsdeviaje #fyppppppppppppppppppppppp  ,Sun Sep 08 2024,1725753823,no,no,Whispered Secrets Untold,7398950460394080272,https://sf16-ies-music-va.tiktokcdn.com/obj/tos-useast2a-ve-2774/osmYWCZEiukduiiPUaHOq0UB2AbZWpIx1MrA5,https://p16-amd-va.tiktokcdn.com/img/tos-useast2a-v-2774/oIdfVVmlfAAtfQQ2NqW8MKACIf4AfMQCMAMCr3~c5_720x720.jpeg,"Perfect, so dystopian",https://v16-webapp-prime.tiktok.com/video/tos/maliva/tos-maliva-ve-0068c801-us/osJB3scAzODDmeutQCtRErfjEwBFdCEmQInEOO/?a=1988&bti=ODszNWYuMDE6&ch=0&cr=3&dr=0&lr=all&cd=0%7C0%7C0%7C&cv=1&br=3386&bt=1693&cs=0&ds=3&ft=4fUEKMUm8Zmo0FWv5I4jVc8hxpWrKsd.&mime_type=video_mp4&qs=0&rc=NWRpZGY1ZzpnOjM4ODozM0BpampmOnE5cnRodTMzNzczM0AzMTJjX2NfNTMxYS9iYTQ0YSNncS1jMmRzZWJgLS1kMTZzcw%3D%3D&btag=e000b0000&expire=1752942711&l=202507180031368BB0CDCE6782BE1CF8CF&ply_type=2&policy=2&signature=5d65fcca7332efc0881b9344d75f4004&tk=tt_chain_token,https://www.tiktok.com/yolandagarcia07111/video/7412056177196010758,,31,5,21,4946,mundojovenfest‚viajes‚tour‚tipsdeviaje‚fyppppppppppppppppppppppp,mundojovenfest‚viajes‚tour‚tipsdeviaje‚fyppppppppppppppppppppppp,,,Fuimos a comprobar las ofertas de viajes en Mundo Joven Fest. recuerda que están hoy y mañana en centro Citibanamex.,"BLUE,Cris💞,star hairpin,Dazzling YF",
zeeschuimer-export-tiktok.com-2025-07-18T17_45_37.653Z.csv,7483328608090590486,7483328608090590486,mente..libre,Mentelibre,1273,119,99,https://p16-sign-useast2a.tiktokcdn.com/tos-useast2a-avt-0068-euttp/95a59cf315bdc60e742d69c1ef3a4a57~tplv-tiktokx-cropcenter:100:100.jpeg?dr=14579&refresh_token=434174e7&x-expires=1752940800&x-signature=rZkKxNwrNF9WNT3bk604aw5%2FOUs%3D&t=4d5b0474&ps=13740610&shp=a5d48078&shcp=81f88b70&idc=maliva,Alemana aterrorizada al ser perseguida por un jovenlandés #pedrosanchezdimision #psoe #derecha #hombres #mujeres #psoe #trending #viral #españa #españoles #trend #actualidad #noticiastiktok #noticias ,Wed Mar 19 2025,1742348228,no,no,sonido original,7483328545930939159,https://v58.tiktokcdn.com/video/tos/no1a/tos-no1a-v-2370-no/ooIA0PHoZDDATATW7BIEGFELfPDf8tA3kfIG4I/?a=1233&bti=ODszNWYuMDE6&ch=0&cr=0&dr=0&er=0&lr=default&cd=0%7C0%7C0%7C0&br=250&bt=125&ds=5&ft=.NpOcInz7ThZ4ywKXq8Zmo&mime_type=audio_mpeg&qs=13&rc=M3g1NXc5cms0eTMzbzU8NUBpM3g1NXc5cms0eTMzbzU8NUAvNGxtMmRrc2FgLS1kMTFzYSMvNGxtMmRrc2FgLS1kMTFzcw%3D%3D&vvpl=1&l=202507180031368BB0CDCE6782BE1CF8CF&VExpiration=1752856320&VSignature=oIPQDQ_YHlyvoe5qHUr9MQ&btag=e00078000&cc=14,https://p16-sign-useast2a.tiktokcdn.com/tos-useast2a-avt-0068-euttp/95a59cf315bdc60e742d69c1ef3a4a57~tplv-tiktokx-cropcenter:1080:1080.jpeg?dr=14579&refresh_token=cb135707&x-expires=1752940800&x-signature=LKRphacQDLYAOm7fCMPSG6RWqnc%3D&t=4d5b0474&ps=13740610&shp=a5d48078&shcp=81f88b70&idc=maliva,Mentelibre,https://v16-webapp-prime.tiktok.com/video/tos/no1a/tos-no1a-ve-0068-no/owvz3aITCVB7qajinHifvI78C1CIEwA1Q6QykA/?a=1988&bti=ODszNWYuMDE6&ch=0&cr=3&dr=0&lr=all&cd=0%7C0%7C0%7C&cv=1&br=2038&bt=1019&cs=0&ds=3&ft=4fUEKMUm8Zmo0FWv5I4jVc8hxpWrKsd.&mime_type=video_mp4&qs=0&rc=OTo0NTY6ZmQ5NWRmaTlkNkBpanQ8NW85cmk0eTMzbzczNUBjXzNiXl9gXi8xLzYxMGEwYSNuaTJmMmRrc2FgLS1kMTFzcw%3D%3D&btag=e000b8000&expire=1752942721&l=202507180031368BB0CDCE6782BE1CF8CF&ply_type=2&policy=2&signature=f5ce47b20d7ad33c696bbbfb0ac7d780&tk=tt_chain_token,https://www.tiktok.com/mente..libre/video/7483328608090590486,,1885,367,167,39900,pedrosanchezdimision‚psoe‚derecha‚hombres‚mujeres‚psoe‚trending‚viral‚españa‚españoles‚trend‚actualidad‚noticiastiktok‚noticias,pedrosanchezdimision‚psoe‚derecha‚hombres‚mujeres‚trending‚Viral‚españa‚españoles‚trend‚actualidad‚noticiastiktok‚noticias,,,Alemana aterrorizada al ser perseguida por un jovenlandés,"star hairpin,Dazzling YF,BLUE,Cris💞",
zeeschuimer-export-tiktok.com-2025-07-18T17_45_37.653Z.csv,7518448358084693262,7518448358084693262,auner.santiago4,💔🖤,19200,28600,62,https://p16-sign-va.tiktokcdn.com/tos-maliva-avt-0068/18c3aad45e1bb3fb3fd6e7d9b10aa448~tplv-tiktokx-cropcenter:100:100.jpeg?dr=14579&refresh_token=983171d2&x-expires=1752940800&x-signature=rM4Hun6Nh%2F%2Bx%2FF9tUKz%2BchczunI%3D&t=4d5b0474&ps=13740610&shp=a5d48078&shcp=81f88b70&idc=maliva,,Sat Jun 21 2025,1750525207,no,no,sonido original,7518448421468998414,https://v58.tiktokcdn.com/video/tos/maliva/tos-maliva-v-27dcd7c799-us/ogBEUAnWEFCKjVAgEJvDSY9Bu05AUeoWMDqfBR/?a=1233&bti=ODszNWYuMDE6&ch=0&cr=0&dr=0&er=0&lr=default&cd=0%7C0%7C0%7C0&br=250&bt=125&ds=5&ft=.NpOcInz7ThZ4ywKXq8Zmo&mime_type=audio_mpeg&qs=13&rc=M25uZHg5cjloNDMzZzU8NEBpM25uZHg5cjloNDMzZzU8NEBfMGsyMmQ0Xl9hLS1kMS9zYSNfMGsyMmQ0Xl9hLS1kMS9zcw%3D%3D&vvpl=1&l=202507180031368BB0CDCE6782BE1CF8CF&VExpiration=1752856310&VSignature=--ZWzGiJ2k1txzxXnsK6Wg&btag=e00070000&cc=14,https://p16-sign-va.tiktokcdn.com/tos-maliva-avt-0068/18c3aad45e1bb3fb3fd6e7d9b10aa448~tplv-tiktokx-cropcenter:1080:1080.jpeg?dr=14579&refresh_token=b4aa1dfc&x-expires=1752940800&x-signature=xD%2BMXAtWacsW6OKywhj6lNal76k%3D&t=4d5b0474&ps=13740610&shp=a5d48078&shcp=81f88b70&idc=maliva,💔🖤,https://v16-webapp-prime.tiktok.com/video/tos/maliva/tos-maliva-ve-0068c799-us/oof8yNjCuoq7QgEpybpFFEeDBtHUVIRtT2SAgD/?a=1988&bti=ODszNWYuMDE6&ch=0&cr=3&dr=0&lr=all&cd=0%7C0%7C0%7C&cv=1&br=4750&bt=2375&cs=0&ds=3&ft=4fUEKMUm8Zmo0FWv5I4jVc8hxpWrKsd.&mime_type=video_mp4&qs=0&rc=NDozOzc7NWc3aGQ3aGVoNUBpMzlxZ3U5cnloNDMzZzczNEA2LmMvYjE1Xi8xLl5gXzUxYSNpNjYuMmQ0Nl9hLS1kMS9zcw%3D%3D&btag=e000b0000&expire=1752942711&l=202507180031368BB0CDCE6782BE1CF8CF&ply_type=2&policy=2&signature=b122ab87faafa3beba13a354169e4644&tk=tt_chain_token,https://www.tiktok.com/auner.santiago4/video/7518448358084693262,,4405,245,1429,268200,,,,,,"Cris💞,star hairpin,Dazzling YF,BLUE",
zeeschuimer-export-tiktok.com-2025-07-18T17_45_37.653Z.csv,7526734132299205910,7526734132299205910,armadahispana,Armada Hispana,83500,599,639,https://p16-sign-useast2a.tiktokcdn.com/tos-useast2a-avt-0068-euttp/01f0a871c1ce234dfaa7936d7e428608~tplv-tiktokx-cropcenter:100:100.jpeg?dr=14579&refresh_token=8abe01e1&x-expires=1752940800&x-signature=JffcMeapCetg6yieg3OmEOw1fgQ%3D&t=4d5b0474&ps=13740610&shp=a5d48078&shcp=81f88b70&idc=maliva,🚨 LA ÚNICA CUENTA que DBEES SEGUIR sobre esto 🫡 🚨 cualquier VIDEOJUEGO se queda CORTO al lado de TORRE PACHECO en estos momentos 🤣  #torrepacheco #ciclista #murcia #españa ,Mon Jul 14 2025,1752454366,no,no,sonido original,7526734109406808854,https://v77.tiktokcdn.com/5b950f2f29fab26036e2bba44e834628/687a7722/video/tos/no1a/tos-no1a-v-2370-no/oU0AC4A7iBUBRp3HBYIyatViEAjlOjpxvZEAC/?a=1233&bti=ODszNWYuMDE6&ch=0&cr=0&dr=0&er=0&lr=default&cd=0%7C0%7C0%7C0&br=250&bt=125&ds=5&ft=.NpOcInz7ThZ4ywKXq8Zmo&mime_type=audio_mpeg&qs=13&rc=M2c6dHE5cnI4NDMzbzU8NUBpM2c6dHE5cnI4NDMzbzU8NUAua2JoMmRrNm5hLS1kMTFzYSMua2JoMmRrNm5hLS1kMTFzcw%3D%3D&vvpl=1&l=202507180031368BB0CDCE6782BE1CF8CF&btag=e00048000&cc=13,https://p16-sign-useast2a.tiktokcdn.com/tos-useast2a-avt-0068-euttp/01f0a871c1ce234dfaa7936d7e428608~tplv-tiktokx-cropcenter:1080:1080.jpeg?dr=14579&refresh_token=df12a56e&x-expires=1752940800&x-signature=bIB3OEC%2FbRdWo3uCfnBQfOb3B4o%3D&t=4d5b0474&ps=13740610&shp=a5d48078&shcp=81f88b70&idc=maliva,Armada Hispana,https://v16-webapp-prime.tiktok.com/video/tos/no1a/tos-no1a-ve-0068c001-no/oAiVOQGXohFMdAv0BeFEgTDCEdARS46EITfjkF/?a=1988&bti=ODszNWYuMDE6&ch=0&cr=3&dr=0&lr=all&cd=0%7C0%7C0%7C&cv=1&br=1958&bt=979&cs=0&ds=3&ft=4fUEKMUm8Zmo0FWv5I4jVc8hxpWrKsd.&mime_type=video_mp4&qs=0&rc=NWg7OjczNDZkZDVoOTM5NkBpajN4cng5cmo4NDMzbzczNUAzNDEvLmEvNV4xLzE2NDQ2YSNfM2k2MmRrNm5hLS1kMTFzcw%3D%3D&btag=e00088000&expire=1752942755&l=202507180031368BB0CDCE6782BE1CF8CF&ply_type=2&policy=2&signature=933a1d22731dfb23a7765ae34f42ff95&tk=tt_chain_token,https://www.tiktok.com/armadahispana/video/7526734132299205910,,190700,4876,27600,5100000,torrepacheco‚ciclista‚murcia‚españa,torrepacheco‚ciclista‚murcia‚españa,,,,"Cris💞,star hairpin,Dazzling YF,BLUE",
zeeschuimer-export-tiktok.com-2025-07-18T17_45_37.653Z.csv,7527264789144440087,7527264789144440087,zonagemelos_tiktok,ZonaGemelos,2911,74,93,https://p77-sign-va.tiktokcdn.com/tos-maliva-avt-0068/8391313c1b62c1d1d832fd8b316d5b1c~tplv-tiktokx-cropcenter:100:100.jpeg?dr=14579&refresh_token=a958859c&x-expires=1752940800&x-signature=eyx1KnqeaFzRpFKJIhlQ9dMD8xM%3D&t=4d5b0474&ps=13740610&shp=a5d48078&shcp=81f88b70&idc=maliva,Se vive mucha tensión #torrepacheco #españa #pajaroazul #gitanos #viral #dancia #zonagemelos #españa🇪🇸marruecos🇲🇦casablanca #malaga #abuelo #ocupas #ultimahora #churumbedemalaga ,Tue Jul 15 2025,1752577911,no,no,sonido original,7527264785803709206,https://v77.tiktokcdn.com/57347bd40c688712d7524ca9c56cc4b2/687a7754/video/tos/no1a/tos-no1a-v-2370-no/oAoCAu0E2HlBXAZNwey3xvigiKBEBAO1rEWCAE/?a=1233&bti=ODszNWYuMDE6&ch=0&cr=0&dr=0&er=0&lr=default&cd=0%7C0%7C0%7C0&br=250&bt=125&ds=5&ft=.NpOcInz7ThZ4ywKXq8Zmo&mime_type=audio_mpeg&qs=13&rc=Mzg4NG85cng2NDMzbzU8NUBpMzg4NG85cng2NDMzbzU8NUAvYW8uMmRrYm9hLS1kMTFzYSMvYW8uMmRrYm9hLS1kMTFzcw%3D%3D&vvpl=1&l=202507180031368BB0CDCE6782BE1CF8CF&btag=e00050000&cc=13,https://p77-sign-va.tiktokcdn.com/tos-maliva-avt-0068/8391313c1b62c1d1d832fd8b316d5b1c~tplv-tiktokx-cropcenter:1080:1080.jpeg?dr=14579&refresh_token=1e62f315&x-expires=1752940800&x-signature=HRJ44Q9Z6ujW0tSr0FOOzJxnewo%3D&t=4d5b0474&ps=13740610&shp=a5d48078&shcp=81f88b70&idc=maliva,ZonaGemelos,https://v16-webapp-prime.tiktok.com/video/tos/no1a/tos-no1a-ve-0068-no/oIeQfhj3IFG7MYeI63L1pg7mLYdlRADYGoAIOA/?a=1988&bti=ODszNWYuMDE6&ch=0&cr=3&dr=0&lr=all&cd=0%7C0%7C0%7C&cv=1&br=1136&bt=568&cs=0&ds=3&ft=4fUEKMUm8Zmo0FWv5I4jVc8hxpWrKsd.&mime_type=video_mp4&qs=0&rc=OTg7PGY3MzszZzs0ZjM0NkBpM3RmdHA5cmc2NDMzbzczNUBhMGBfX15iNTAxLzYzYGFfYSMwZF4uMmQ0YW9hLS1kMTFzcw%3D%3D&btag=e00090000&expire=1752942805&l=202507180031368BB0CDCE6782BE1CF8CF&ply_type=2&policy=2&signature=71385fa84b1b54af03967545a8aee4bd&tk=tt_chain_token,https://www.tiktok.com/zonagemelos_tiktok/video/7527264789144440087,,27100,1260,3337,1200000,torrepacheco‚españa‚pajaroazul‚gitanos‚viral‚dancia‚zonagemelos‚españa🇪🇸marruecos🇲🇦casablanca‚malaga‚abuelo‚ocupas‚ultimahora‚churumbedemalaga,torrepacheco‚españa‚pajaroazul‚gitanos‚Viral‚dancia‚zonagemelos‚españa🇪🇸marruecos🇲🇦casablanca‚malaga‚abuelo‚ocupas‚ultimahora‚churumbedemalaga,,,En medio la entrevista de David santos  Tienen que llevarse a un grupo de inmigrantes   Que estuvieron a punto de llegar a algo más ‚TORRE-PACHECO ,"Cris💞,star hairpin,Dazzling YF,BLUE",
zeeschuimer-export-tiktok.com-2025-07-18T17_45_37.653Z.csv,7504822795713432838,7504822795713432838,willyjv700,Willy Valenzuela328,1052,4272,188,https://p16-sign-sg.tiktokcdn.com/tos-alisg-avt-0068/1e0b3bf1028a6918616fd92f0082f9a6~tplv-tiktokx-cropcenter:100:100.jpeg?dr=14579&refresh_token=240b3954&x-expires=1752940800&x-signature=JMT0hKutPkqI1RBYiapcsOV8GW4%3D&t=4d5b0474&ps=13740610&shp=a5d48078&shcp=81f88b70&idc=maliva,Jóvenes y jovanas ya ustedes saben 😂😂😂😂😂😂#constanza #viralditiktok #tik_tok #fyp ,Fri May 16 2025,1747352728,no,no,sonido original,7504822788520168197,https://v77.tiktokcdn.com/6735b4a0d0c44ef0d159dab35bd896a3/687a7701/video/tos/useast2a/tos-useast2a-v-27dcd7/osJUGfnMnQlJDkAIAiiECZBJfBJFI7iCo0yqAB/?a=1233&bti=ODszNWYuMDE6&ch=0&cr=0&dr=0&er=0&lr=default&cd=0%7C0%7C0%7C0&br=250&bt=125&ds=5&ft=.NpOcInz7Thz4ywKXq8Zmo&mime_type=audio_mpeg&qs=13&rc=anQ4ams5cjk6MzMzNzU8M0BpanQ4ams5cjk6MzMzNzU8M0AuNF5eMmRjbWdhLS1kMTZzYSMuNF5eMmRjbWdhLS1kMTZzcw%3D%3D&vvpl=1&l=202507180031398BC4AC1747C1591D1E52&btag=e00078000&cc=13,https://p16-sign-sg.tiktokcdn.com/tos-alisg-avt-0068/1e0b3bf1028a6918616fd92f0082f9a6~tplv-tiktokx-cropcenter:1080:1080.jpeg?dr=14579&refresh_token=e8ec01d5&x-expires=1752940800&x-signature=z65ehZ50St7stX7LM1J1RXoKSpQ%3D&t=4d5b0474&ps=13740610&shp=a5d48078&shcp=81f88b70&idc=maliva,Willy Valenzuela328,https://webapp-va.tiktok.com/e6ff548c8ae3b84b0328c88147866e08/687bc881/kmoat/mps/logo/v2/r/p/v09044g40000d0j7oqnog65v2eliejpg/dbbba5c198b8494994319bd18b543c12/9432012fda0780526acc7c79b02b9caa/mp4/main.mp4?a=1988&bti=ODszNWYuMDE6&ch=0&cr=3&dr=0&lr=all&cd=0%7C0%7C0%7C&br=0&bt=0&cs=0&ds=2&eid=1286&ft=piBEGMUm8Zmo0ZWv5I4jVdIW8pWrKsd.&mime_type=video_mp4&qs=0&rc=cnF8b2hsc2d3SkBwaHIxaDFybndmNWY3ZTRlNDc8PDs7NDhlZUBpam1saHk5cnQ6MzMzNzczM0BjRl5Nc3FePmJKYSNvYF90aHFmOiMuMDI1YTYwNjExXzZgXl9hYSNtYmkvMmRrbGdhLS1kMTZzcw%3D%3D&btag=e000b8000&definition=480p&du=21&item_id=7504822795713432838&l=202507180031398BC4AC1747C1591D1E52&logo_type=tiktok_m&ply_type=2&policy=eyJ2bSI6MiwiY2siOiJ0dF9jaGFpbl90b2tlbiJ9&user_text=willyjv700,https://www.tiktok.com/willyjv700/video/7504822795713432838,,42,15,37,1291,constanza‚viralditiktok‚tik_tok‚fyp,constanza‚viralditiktok‚tik_tok‚fyp,,,,cinematic 4K,
zeeschuimer-export-tiktok.com-2025-07-18T17_45_37.653Z.csv,7453971435279764741,7453971435279764741,conejitastraviesas2004,MUÑEQUITAS TRAVIESAS ECUADOR,413400,2442,393,https://p16-sign-va.tiktokcdn.com/tos-maliva-avt-0068/87164ab7f83b873707f85585cfe25f81~tplv-tiktokx-cropcenter:100:100.jpeg?dr=14579&refresh_token=cf451595&x-expires=1752940800&x-signature=BotFMVl7dY6yHQzvUFsO3VIMlsg%3D&t=4d5b0474&ps=13740610&shp=a5d48078&shcp=81f88b70&idc=maliva,#bailestiktok #baby #ecuador🇪🇨 #jovencitas ,Sun Dec 29 2024,1735512977,no,no,sonido original,7453971463250037510,https://v77.tiktokcdn.com/0c1ef17694b4064f399b23400863b84a/687a76f4/video/tos/useast2a/tos-useast2a-v-27dcd7/ooBnEkiBAmfgM1MA0zOxK8vE5AicCEBu5JAEPo/?a=1233&bti=ODszNWYuMDE6&ch=0&cr=0&dr=0&er=0&lr=default&cd=0%7C0%7C0%7C0&br=250&bt=125&ds=5&ft=.NpOcInz7Thz4ywKXq8Zmo&mime_type=audio_mpeg&qs=13&rc=anY3M285cjd3dzMzNzU8M0BpanY3M285cjd3dzMzNzU8M0BrbWtnMmRzNGxgLS1kMTZzYSNrbWtnMmRzNGxgLS1kMTZzcw%3D%3D&vvpl=1&l=202507180031398BC4AC1747C1591D1E52&btag=e00070000&cc=13,https://p16-sign-va.tiktokcdn.com/tos-maliva-avt-0068/87164ab7f83b873707f85585cfe25f81~tplv-tiktokx-cropcenter:1080:1080.jpeg?dr=14579&refresh_token=8da00ee9&x-expires=1752940800&x-signature=Kuripzeib1DwW0Tu98L9yA47s2k%3D&t=4d5b0474&ps=13740610&shp=a5d48078&shcp=81f88b70&idc=maliva,MUÑEQUITAS TRAVIESAS ECUADOR,https://v16-webapp-prime.tiktok.com/video/tos/useast2a/tos-useast2a-ve-0068c003/o8JjVKcICDjTfQ7gSCLOApTGgASR8Ceye64I7n/?a=1988&bti=ODszNWYuMDE6&ch=0&cr=3&dr=0&lr=all&cd=0%7C0%7C0%7C&cv=1&br=1796&bt=898&cs=0&ds=3&ft=4fUEKMUm8Zmo0ZWv5I4jVdIW8pWrKsd.&mime_type=video_mp4&qs=0&rc=aWg3ZDU2ZDc1aWlnaTk4aEBpM2xtO3M5cjV3dzMzNzczM0BhYDA2YjZfNjQxXl5jMWIyYSM1cTNtMmRrNGxgLS1kMTZzcw%3D%3D&btag=e000b0000&expire=1752942709&l=202507180031398BC4AC1747C1591D1E52&ply_type=2&policy=2&signature=e623e2afeb61b27986bf01d4d01c2ecb&tk=tt_chain_token,https://www.tiktok.com/conejitastraviesas2004/video/7453971435279764741,,42600,1427,1217,1600000,bailestiktok‚baby‚ecuador🇪🇨‚jovencitas,bailestiktok‚baby‚ecuador🇪🇨‚jovencitas,,,,cinematic 4K,
zeeschuimer-export-tiktok.com-2025-07-18T17_45_37.653Z.csv,7513615150268632338,7513615150268632338,aventuras3b,Aventuras3B 🇵🇪🗻🏔,23500,8459,674,https://p16-sign-sg.tiktokcdn.com/tos-alisg-avt-0068/087a3f48c4f688d0f7a2e9b0a763032f~tplv-tiktokx-cropcenter:100:100.jpeg?dr=14579&refresh_token=056c5b38&x-expires=1752940800&x-signature=VlWPxtft%2FSd2XoNGt6pGmBQM194%3D&t=4d5b0474&ps=13740610&shp=a5d48078&shcp=81f88b70&idc=maliva,Treking Santa Cruz. 4dias/3noches.  Fiesta Patrias 🇵🇪 También tenemos salidas semanal 🙂 #humortiktok #viajestiktok #montañismo #trekingsantacruz ,Sun Jun 08 2025,1749399855,no,no,sonido original,7494656721454287671,https://v77.tiktokcdn.com/7c833afb43b4bd9b49e8ee56279491cd/687a7727/video/tos/useast2a/tos-useast2a-v-27dcd7/o4vUoE4DQyABB6AFfAoJBAC4IpEGTAIelYEA5J/?a=1233&bti=ODszNWYuMDE6&ch=0&cr=0&dr=0&er=0&lr=default&cd=0%7C0%7C0%7C0&br=250&bt=125&ds=5&ft=.NpOcInz7Thz4ywKXq8Zmo&mime_type=audio_mpeg&qs=13&rc=M3M1O3Y5cjk4MzMzNzU8M0BpM3M1O3Y5cjk4MzMzNzU8M0BiLWxeMmQ0cS5hLS1kMTZzYSNiLWxeMmQ0cS5hLS1kMTZzcw%3D%3D&vvpl=1&l=202507180031398BC4AC1747C1591D1E52&btag=e00050000&cc=13,https://p16-sign-va.tiktokcdn.com/tos-maliva-avt-0068/395d70fd37a0615420538db72c22e535~tplv-tiktokx-cropcenter:1080:1080.jpeg?dr=14579&refresh_token=265e53fc&x-expires=1752940800&x-signature=Ge6qSdVazGWAPZC5JU1iJO%2FH%2BLo%3D&t=4d5b0474&ps=13740610&shp=a5d48078&shcp=81f88b70&idc=maliva,jóvenes  para eso vienen,https://v16-webapp-prime.tiktok.com/video/tos/alisg/tos-alisg-pve-0037c001/oI1TFAggbUQ1PEEopRFfBBgt5uJqYaIfRTDuEX/?a=1988&bti=ODszNWYuMDE6&ch=0&cr=3&dr=0&lr=all&cd=0%7C0%7C0%7C&cv=1&br=6474&bt=3237&cs=0&ds=3&ft=4fUEKMUm8Zmo0ZWv5I4jVdIW8pWrKsd.&mime_type=video_mp4&qs=0&rc=ZWk6Z2RnM2hpNDpmZzk8Z0BpM3N4d3E5cjh1NDMzODczNEBjYWMvMV5hNjUxXy1fNWJfYSNhLjZjMmRzYC9hLS1kMTFzcw%3D%3D&btag=e00088000&expire=1752942749&l=202507180031398BC4AC1747C1591D1E52&ply_type=2&policy=2&signature=fe748836aa45234e0eb48e31d87f5515&tk=tt_chain_token,https://www.tiktok.com/aventuras3b/video/7513615150268632338,,8405,358,556,481900,humortiktok‚viajestiktok‚montañismo‚trekingsantacruz,humortiktok‚viajestiktok‚montañismo‚trekingsantacruz,,,Jovenes... pa eso vienen...,cinematic 4K,
zeeschuimer-export-tiktok.com-2025-07-18T17_45_37.653Z.csv,7482590105539022085,7482590105539022085,valesulca_,Vale Sulca,378300,31500,470,https://p16-sign-va.tiktokcdn.com/tos-maliva-avt-0068/6882182622136ee6a107117b3b43809a~tplv-tiktokx-cropcenter:100:100.jpeg?dr=14579&refresh_token=46a9e4d3&x-expires=1752940800&x-signature=4K%2FRyQTqDXtr34f4ykLynPV21EU%3D&t=4d5b0474&ps=13740610&shp=a5d48078&shcp=81f88b70&idc=maliva,fui a Buenos Aires y me hice un amigo yankee qué es más argentino que cualquier argentino  • • • • • • • •  #entrevista #calle #humor #argentina @iggy!! 🤠🐻 ,Mon Mar 17 2025,1742176278,no,no,sonido original,7482590201291148038,https://v77.tiktokcdn.com/f3c7eb4a19df0692432296d5502bd3bb/687a77ed/video/tos/useast2a/tos-useast2a-v-27dcd7/oUC8MB6REBkXRcAK0ggiKkAA9EDEoAiSzXA5uf/?a=1233&bti=ODszNWYuMDE6&ch=0&cr=0&dr=0&er=0&lr=default&cd=0%7C0%7C0%7C0&br=250&bt=125&ds=5&ft=.NpOcInz7Thz4ywKXq8Zmo&mime_type=audio_mpeg&qs=13&rc=M3ZkeG45cmVyeTMzNzU8M0BpM3ZkeG45cmVyeTMzNzU8M0BrNV41MmRzLV9gLS1kMTZzYSNrNV41MmRzLV9gLS1kMTZzcw%3D%3D&vvpl=1&l=202507180031398BC4AC1747C1591D1E52&btag=e00058000&cc=13,https://p16-sign-va.tiktokcdn.com/tos-maliva-avt-0068/6882182622136ee6a107117b3b43809a~tplv-tiktokx-cropcenter:1080:1080.jpeg?dr=14579&refresh_token=038f081f&x-expires=1752940800&x-signature=XNUjMvKbJZenCb5tZnNnMH4aunU%3D&t=4d5b0474&ps=13740610&shp=a5d48078&shcp=81f88b70&idc=maliva,Vale Sulca,https://v16-webapp-prime.tiktok.com/video/tos/useast2a/tos-useast2a-ve-0068c001/oUABgCbzkiqRFIREfkXvAir6rBHJQ7I8sAlCno/?a=1988&bti=ODszNWYuMDE6&ch=0&cr=3&dr=0&lr=all&cd=0%7C0%7C0%7C&cv=1&br=4384&bt=2192&cs=0&ds=3&ft=4fUEKMUm8Zmo0ZWv5I4jVdIW8pWrKsd.&mime_type=video_mp4&qs=0&rc=ZzVmZWY0OzhoOTg6PDw5O0BpM2ZkPHY5cmRxeTMzNzczM0A0XjIxY2FhNi0xYjEyMGNgYSNmX2w1MmRrc19gLS1kMTZzcw%3D%3D&btag=e00098000&expire=1752942957&l=202507180031398BC4AC1747C1591D1E52&ply_type=2&policy=2&signature=eb01549c20e940ba153438e621b20b72&tk=tt_chain_token,https://www.tiktok.com/valesulca_/video/7482590105539022085,,1200000,9211,104400,10700000,entrevista‚calle‚humor‚argentina,entrevista‚calle‚humor‚argentina,,,,cinematic 4K,
zeeschuimer-export-tiktok.com-2025-07-18T17_45_37.653Z.csv,7526259041501334806,7526259041501334806,marloclip,Marlovi,2775,132,44,https://p77-sign-va.tiktokcdn.com/tos-maliva-avt-0068/5be95a473075d4e4cafe0ea302cd5372~tplv-tiktokx-cropcenter:100:100.jpeg?dr=14579&refresh_token=c99fb4e4&x-expires=1752940800&x-signature=moH5IbG5v3YET0bbpYkFP5xOQHM%3D&t=4d5b0474&ps=13740610&shp=a5d48078&shcp=81f88b70&idc=maliva,#xokas #inmigrantes #inmigracion #parati #viral ,Sat Jul 12 2025,1752343742,no,no,sonido original,7526259889203612438,https://v77.tiktokcdn.com/ab7d2296bf48232bbc1df7d8f4a93a5e/687a773d/video/tos/no1a/tos-no1a-v-2370-no/owBSyYfLAUVV0iAKyN8ABAyuiOECpEnwEzBAHD/?a=1233&bti=ODszNWYuMDE6&ch=0&cr=0&dr=0&er=0&lr=default&cd=0%7C0%7C0%7C0&br=250&bt=125&ds=5&ft=.NpOcInz7Thz4ywKXq8Zmo&mime_type=audio_mpeg&qs=13&rc=M29tPHY5cjNkNDMzbzU8NUBpM29tPHY5cjNkNDMzbzU8NUBrM242MmRjX21hLS1kMTFzYSNrM242MmRjX21hLS1kMTFzcw%3D%3D&vvpl=1&l=202507180031398BC4AC1747C1591D1E52&btag=e00050000&cc=13,https://p77-sign-va.tiktokcdn.com/tos-maliva-avt-0068/5be95a473075d4e4cafe0ea302cd5372~tplv-tiktokx-cropcenter:1080:1080.jpeg?dr=14579&refresh_token=adca80a4&x-expires=1752940800&x-signature=SH0R%2F%2B2h73d90uLtqD0Spt0%2Fan0%3D&t=4d5b0474&ps=13740610&shp=a5d48078&shcp=81f88b70&idc=maliva,Marlovi,https://v16-webapp-prime.tiktok.com/video/tos/no1a/tos-no1a-ve-0068-no/osKGEFAF7ID0NRQgZxEcqQEqQeqADfwBkBWowy/?a=1988&bti=ODszNWYuMDE6&ch=0&cr=3&dr=0&lr=all&cd=0%7C0%7C0%7C&cv=1&br=1220&bt=610&cs=0&ds=3&ft=4fUEKMUm8Zmo0ZWv5I4jVdIW8pWrKsd.&mime_type=video_mp4&qs=0&rc=Ozo1aDlpNmVnNGZkZzVkOEBpM29vaHQ5cjNkNDMzbzczNUBeXmAtXl9iNS0xL2M1Xl5jYSNjby0zMmQ0NW1hLS1kMTFzcw%3D%3D&btag=e00090000&expire=1752942781&l=202507180031398BC4AC1747C1591D1E52&ply_type=2&policy=2&signature=b6ec9d040c4c4c08c06a18d16015bfb4&tk=tt_chain_token,https://www.tiktok.com/marloclip/video/7526259041501334806,,5200,195,374,109500,xokas‚inmigrantes‚inmigracion‚parati‚viral,xokas‚inmigrantes‚inmigracion‚parati‚Viral,,,,cinematic 4K,
zeeschuimer-export-tiktok.com-2025-07-18T17_45_37.653Z.csv,7527270434593574166,7527270434593574166,divergentedigitaloficial,Divergente Digital,85100,797,1249,https://p16-sign-useast2a.tiktokcdn.com/tos-useast2a-avt-0068-euttp/6d2bf74c23199840bbb354dcad17db50~tplv-tiktokx-cropcenter:100:100.jpeg?dr=14579&refresh_token=d37dfb42&x-expires=1752940800&x-signature=LfyvKiA3thGOBSei1s%2Fgwen5ZCM%3D&t=4d5b0474&ps=13740610&shp=a5d48078&shcp=81f88b70&idc=maliva,PROTEGIDO ROBªNDO A GENTE TERMINA RECIBIENDO AUTOTUTELA EN PLAYA MASNOU‚ BARCELONA 🚨,Tue Jul 15 2025,1752579225,no,no,sonido original,7527270438109154070,https://v77.tiktokcdn.com/15f5677f3dd80e53d694ba155e83b7bb/687a771c/video/tos/no1a/tos-no1a-v-2370-no/o0PK5Ilrn8LwSHYBdYBMPiZJFD2pHaRCd8HAi/?a=1233&bti=ODszNWYuMDE6&ch=0&cr=0&dr=0&er=0&lr=default&cd=0%7C0%7C0%7C0&br=250&bt=125&ft=.NpOcInz7Thz4ywKXq8Zmo&mime_type=audio_mpeg&qs=6&rc=ZTo8OzZpOzs8OGZlPGY7O0BpajxubnY5cjo2NDMzbzU8NUBhMDBgMTY1XzIxMC02NmIuYSNiYzUxMmQ0bW9hLS1kMTFzcw%3D%3D&vvpl=1&l=202507180031398BC4AC1747C1591D1E52&btag=e00088000&cc=13,https://p16-sign-useast2a.tiktokcdn.com/tos-useast2a-avt-0068-euttp/6d2bf74c23199840bbb354dcad17db50~tplv-tiktokx-cropcenter:1080:1080.jpeg?dr=14579&refresh_token=4371e593&x-expires=1752940800&x-signature=b0WOH5siCxKIrZn2Xq23T3FXO3E%3D&t=4d5b0474&ps=13740610&shp=a5d48078&shcp=81f88b70&idc=maliva,Divergente Digital,https://v16-webapp-prime.tiktok.com/video/tos/no1a/tos-no1a-ve-0068c001-no/o8IG4Tf6I3nARVLAQO2AheHeXkajDpI7YgLn3z/?a=1988&bti=ODszNWYuMDE6&ch=0&cr=3&dr=0&lr=all&cd=0%7C0%7C0%7C&cv=1&br=1696&bt=848&cs=0&ds=3&ft=4fUEKMUm8Zmo0ZWv5I4jVdIW8pWrKsd.&mime_type=video_mp4&qs=0&rc=N2c5MzM3MzQ0NWhkNzMzZEBpM3c0eXA5cjg2NDMzbzczNUAvLl5fLmNfXzIxLjQ1MDRiYSNrbWNmMmQ0bW9hLS1kMTFzcw%3D%3D&btag=e00088000&expire=1752942748&l=202507180031398BC4AC1747C1591D1E52&ply_type=2&policy=2&signature=5433db9cc953125d244ddfd0b798ed70&tk=tt_chain_token,https://www.tiktok.com/divergentedigitaloficial/video/7527270434593574166,,11600,278,739,423000,,,,,,cinematic 4K,
zeeschuimer-export-tiktok.com-2025-07-18T17_45_37.653Z.csv,7390441262354091270,7390441262354091270,soyjuandelosrios,Juan de los rios,14000,2443,430,https://p16-sign-va.tiktokcdn.com/tos-maliva-avt-0068/7329617199777120261~tplv-tiktokx-cropcenter:100:100.jpeg?dr=14579&refresh_token=9024023b&x-expires=1752940800&x-signature=OVjamOChApOIbc0GnwPk3rr5OxM%3D&t=4d5b0474&ps=13740610&shp=a5d48078&shcp=81f88b70&idc=maliva,Y eso que en Colombia no hay plata! jajaj ,Thu Jul 11 2024,1720721200,no,no,"X-Files Main Theme (From ""The X-Files"")",6891415383983523842,https://sf16-ies-music-va.tiktokcdn.com/obj/tos-useast2a-ve-2774/owxaDzOgGYFfgqq2uA8MnbdHIADKACnhIQVzee,https://p16-amd-va.tiktokcdn.com/img/tos-useast2a-v-2774/owdmAYiqYAJ292BAiUAditZpurDA5EsPSEWkL~c5_720x720.jpeg,Geek Music,https://v16-webapp-prime.tiktok.com/video/tos/maliva/tos-maliva-ve-0068c801-us/ooCfBF8eAC7R0D8BI6VBIRs6kMEEkm6JQgBgQl/?a=1988&bti=ODszNWYuMDE6&ch=0&cr=3&dr=0&lr=all&cd=0%7C0%7C0%7C&cv=1&br=3338&bt=1669&cs=0&ds=3&ft=4fUEKMUm8Zmo0ZWv5I4jVdIW8pWrKsd.&mime_type=video_mp4&qs=0&rc=ZzdkNDs8OmdkaGg7OTY0OEBpajNvZng5cjU0dDMzNzczM0BeMTEzLTZjX2IxMV82MS4tYSNyb2sxMmQ0cjVgLS1kMTZzcw%3D%3D&btag=e000b0000&expire=1752942706&l=202507180031398BC4AC1747C1591D1E52&ply_type=2&policy=2&signature=1a845fefc652256708920ab4840ec3bc&tk=tt_chain_token,https://www.tiktok.com/soyjuandelosrios/video/7390441262354091270,,694900,13800,136900,14100000,,,,,,cinematic 4K,
zeeschuimer-export-tiktok.com-2025-07-18T17_45_37.653Z.csv,7515883805484322071,7515883805484322071,tomy27080,Tomy2708🇪🇸💪🇪🇸,1393,7708,111,https://p16-sign-useast2a.tiktokcdn.com/tos-useast2a-avt-0068-euttp/6c47fb1bb85867e070c190942ca80ac2~tplv-tiktokx-cropcenter:100:100.jpeg?dr=14579&refresh_token=38af8176&x-expires=1752940800&x-signature=wS9gLeSaj6brsZPSihAzbsEH2Ug%3D&t=4d5b0474&ps=13740610&shp=a5d48078&shcp=81f88b70&idc=maliva,#juventuddeespaña #vivaespaña🇪🇸🇪🇸 #sanchezdimision #ferraz ,Sat Jun 14 2025,1749928068,no,no,sonido original,7515883795636357910,https://v77.tiktokcdn.com/869f17103fdbd38b0532d8e9218cecd7/687a76fb/video/tos/no1a/tos-no1a-v-2370-no/oMENEALATytmEYGQkLBjez0ffEioNIAAIQ5ID6/?a=1233&bti=ODszNWYuMDE6&ch=0&cr=0&dr=0&er=0&lr=default&cd=0%7C0%7C0%7C0&br=250&bt=125&ds=5&ft=.NpOcInz7Thz4ywKXq8Zmo&mime_type=audio_mpeg&qs=13&rc=anN0bXI5cjR2NDMzbzU8NUBpanN0bXI5cjR2NDMzbzU8NUBzZHJoMmRrZTNhLS1kMTFzYSNzZHJoMmRrZTNhLS1kMTFzcw%3D%3D&vvpl=1&l=202507180031398BC4AC1747C1591D1E52&btag=e00078000&cc=13,https://p16-sign-useast2a.tiktokcdn.com/tos-useast2a-avt-0068-euttp/6c47fb1bb85867e070c190942ca80ac2~tplv-tiktokx-cropcenter:1080:1080.jpeg?dr=14579&refresh_token=f2df386f&x-expires=1752940800&x-signature=vy0eigCCXmZ6znNVp2mODjeeqEw%3D&t=4d5b0474&ps=13740610&shp=a5d48078&shcp=81f88b70&idc=maliva,Tomy2708🇪🇸💪🇪🇸,https://v16-webapp-prime.tiktok.com/video/tos/no1a/tos-no1a-ve-0068-no/oAtCQXBciEiGJIOboIxnAAiCaxtIEyQfw0uLWi/?a=1988&bti=ODszNWYuMDE6&ch=0&cr=3&dr=0&lr=all&cd=0%7C0%7C0%7C&cv=1&br=5052&bt=2526&cs=0&ds=3&ft=4fUEKMUm8Zmo0ZWv5I4jVdIW8pWrKsd.&mime_type=video_mp4&qs=0&rc=cnF8b2hsc2d3SkBwaHIxaDFybndmNzw6ZzRnO2g7NTQ2O2Y6ZEBpajVwNWs5cjZ2NDMzbzczNUBjRl5Nc3FePmJKYSNvYF90aHFmOiM2YTMxLTAtNTYxMDY1Y2IxYSNnMnFhMmRjZDNhLS1kMTFzcw%3D%3D&btag=e000b8000&expire=1752942715&l=202507180031398BC4AC1747C1591D1E52&ply_type=2&policy=2&signature=d327303a9d6631f313de249914e00736&tk=tt_chain_token,https://www.tiktok.com/tomy27080/video/7515883805484322071,,3610,153,182,37900,juventuddeespaña‚vivaespaña🇪🇸🇪🇸‚sanchezdimision‚ferraz,juventuddeespaña‚vivaespaña🇪🇸🇪🇸‚sanchezdimision‚ferraz,,,LA JUVENTUD DE ESPAÑA  CADA DIA MAS JOVENES DEFENDIENDO LA PATRIA🇪🇸💪,cinematic 4K,
zeeschuimer-export-tiktok.com-2025-07-18T17_45_37.653Z.csv,7320827089333046533,7320827089333046533,mi_son2410,Junior Velandia2410,14000,19800,846,https://p16-sign-va.tiktokcdn.com/tos-maliva-avt-0068/a6d57931a68679e46fc051e71f054ac7~tplv-tiktokx-cropcenter:100:100.jpeg?dr=14579&refresh_token=d190f651&x-expires=1752940800&x-signature=OCj%2Ff%2Blb7d7CSvC0ncwGNFrs1R4%3D&t=4d5b0474&ps=13740610&shp=a5d48078&shcp=81f88b70&idc=maliva,#salsa #fypシ #parati ,Sat Jan 06 2024,1704512888,no,no,sonido original,7320827095546481414,https://v77.tiktokcdn.com/ac786481ec269f8c2af31b81bf2db120/687a7708/video/tos/useast2a/tos-useast2a-v-27dcd7/ogaE8ziCmA3ptYkXK4a9z0oEBfB2igA33AAyGE/?a=1233&bti=ODszNWYuMDE6&ch=0&cr=0&dr=0&er=0&lr=default&cd=0%7C0%7C0%7C0&br=250&bt=125&ds=5&ft=.NpOcInz7Thz4ywKXq8Zmo&mime_type=audio_mpeg&qs=13&rc=M3F1eHY5cnhmcDMzNzU8M0BpM3F1eHY5cnhmcDMzNzU8M0BhYzFvMmRzbmBgLS1kMTZzYSNhYzFvMmRzbmBgLS1kMTZzcw%3D%3D&vvpl=1&l=202507180031398BC4AC1747C1591D1E52&btag=e00078000&cc=13,https://p16-sign-va.tiktokcdn.com/tos-maliva-avt-0068/a6d57931a68679e46fc051e71f054ac7~tplv-tiktokx-cropcenter:1080:1080.jpeg?dr=14579&refresh_token=707dcb88&x-expires=1752940800&x-signature=rWI0vdI7M4rgA1TlHfxLoJ71jsM%3D&t=4d5b0474&ps=13740610&shp=a5d48078&shcp=81f88b70&idc=maliva,Junior Velandia2410,https://v16-webapp-prime.tiktok.com/video/tos/useast2a/tos-useast2a-ve-0068c002/oUeIADYQe9ymFkWOSXzfRTQGxMAv8eADGgERUk/?a=1988&bti=ODszNWYuMDE6&ch=0&cr=3&dr=0&lr=all&cd=0%7C0%7C0%7C&br=1974&bt=987&cs=0&ds=2&ft=4fUEKMUm8Zmo0ZWv5I4jVdIW8pWrKsd.&mime_type=video_mp4&qs=0&rc=ODQ7PDQzPGc6aDpnZzwzOUBpajR3c3I5cjpmcDMzNzczM0BiYDJgYV9hNl4xLzFeYi0xYSNncjIwMmRzbmBgLS1kMTZzcw%3D%3D&btag=e000b8000&expire=1752942728&l=202507180031398BC4AC1747C1591D1E52&ply_type=2&policy=2&signature=0091db638da1a5bd67728db5b495cdb8&tk=tt_chain_token,https://www.tiktok.com/mi_son2410/video/7320827089333046533,,25900,156,1453,757000,salsa‚fypシ‚parati,Salsa‚fypシ‚parati,,,,cinematic 4K,
zeeschuimer-export-tiktok.com-2025-07-18T17_45_37.653Z.csv,7510587062093876502,7510587062093876502,soypatriota,Soy Patriota 🇪🇸,47400,3340,280,https://p77-sign-va.tiktokcdn.com/tos-maliva-avt-0068/200525ff1e0a2ca5b718d8980134a208~tplv-tiktokx-cropcenter:100:100.jpeg?dr=14579&refresh_token=8ad362bd&x-expires=1752940800&x-signature=jEyr40kR4yxLcNSA2PKnnZ2IScw%3D&t=4d5b0474&ps=13740610&shp=a5d48078&shcp=81f88b70&idc=maliva,#viral #politica #españa #jovenes #VOX  Video de: RescueYou,Sat May 31 2025,1748694824,no,no,Winner,7364889650308352016,https://sf16-ies-music-va.tiktokcdn.com/obj/tos-useast2a-ve-2774/o8fmNCZUttDNs17EOZFVwQeXBiqiYgBiWPdQCC,https://p16-amd-va.tiktokcdn.com/img/tos-useast2a-v-2774/oIXtjAFNSEDvmeACVWAgfME6m1EZZjTBQAWWZB~c5_720x720.jpeg,AShamaluevMusic,https://v16-webapp-prime.tiktok.com/video/tos/no1a/tos-no1a-ve-0068-no/o0zlISiHq2yKODk6CQBAEuHwIB0w9AQCFXi7f5/?a=1988&bti=ODszNWYuMDE6&ch=0&cr=3&dr=0&lr=all&cd=0%7C0%7C0%7C&cv=1&br=2538&bt=1269&cs=0&ds=3&ft=4fUEKMUm8Zmo0ZWv5I4jVdIW8pWrKsd.&mime_type=video_mp4&qs=0&rc=NTlpaDlpN2c2Nzw8PDs8ZUBpMzZod2o5cjhpMzMzbzczNUBfYTVgYzYtXl8xLjRfYjBgYSM2XmstMmRjYnFhLS1kMTFzcw%3D%3D&btag=e00088000&expire=1752942736&l=202507180031398BC4AC1747C1591D1E52&ply_type=2&policy=2&signature=261b6eb1960f62b11314b722da045b5a&tk=tt_chain_token,https://www.tiktok.com/soypatriota/video/7510587062093876502,,51900,3327,2013,620100,viral‚politica‚españa‚jovenes‚vox,Viral‚politica‚españa‚jovenes‚vox,,,LOS JÓVENES LO TIENEN CLARO 🟢🇪🇸,cinematic 4K,
zeeschuimer-export-tiktok.com-2025-07-18T17_45_37.653Z.csv,7087170516842319131,7087170516842319131,basitiktok12,༻꫞꯭ BasiTikTok12 ꫞꯭༺,1362,836,137,https://p16-sign-useast2a.tiktokcdn.com/tos-useast2a-avt-0068-giso/6e93b71026ab4627bb98da1ee3e4714c~tplv-tiktokx-cropcenter:100:100.jpeg?dr=14579&refresh_token=e29fac3c&x-expires=1752940800&x-signature=k2zNp15F5GMwsYpIsWuLx0%2BWaq4%3D&t=4d5b0474&ps=13740610&shp=a5d48078&shcp=81f88b70&idc=maliva,Pangit si joben #joben #rap #pangitsijoben #itlognijoben,Sat Apr 16 2022,1650110474,no,no,original sound - DAGUL CHAD,7037046678867725083,https://v77.tiktokcdn.com/0636da55d51312bdbd84565ccc112938/687a7709/video/tos/useast2a/tos-useast2a-v-27dcd7-aiso/ea9c51083cb34d5f8a2c1e58eac758a4/?a=1233&bti=ODszNWYuMDE6&ch=0&cr=0&dr=0&er=0&lr=default&cd=0%7C0%7C0%7C0&br=252&bt=126&ds=5&ft=.NpOcInz7Thz4ywKXq8Zmo&mime_type=video_mp4&qs=13&rc=ajd1Ozw6ZmQ8OTMzZjU8M0Bpajd1Ozw6ZmQ8OTMzZjU8M0BqYHI0cjRfbWhgLS1kMWNzYSNqYHI0cjRfbWhgLS1kMWNzcw%3D%3D&vvpl=1&l=202507180031398BC4AC1747C1591D1E52&btag=e00048000&cc=13,https://p16-sign-sg.tiktokcdn.com/tos-alisg-avt-0068/14646fac2f10756ee70f21e7ca8f3587~tplv-tiktokx-cropcenter:1080:1080.jpeg?dr=14579&refresh_token=66ddd46c&x-expires=1752940800&x-signature=8HSXPhu3M%2BHdasJh4i%2BSli5Z95g%3D&t=4d5b0474&ps=13740610&shp=a5d48078&shcp=81f88b70&idc=maliva,GARANT,https://v16-webapp-prime.tiktok.com/video/tos/useast2a/tos-useast2a-ve-0068c004/ok3rNtD8oBqoHIeCE5fi9ygInbAQeGQegEjEVE/?a=1988&bti=ODszNWYuMDE6&ch=0&cr=3&dr=0&lr=all&cd=0%7C0%7C0%7C&br=1340&bt=670&cs=0&ds=3&ft=4fUEKMUm8Zmo0ZWv5I4jVdIW8pWrKsd.&mime_type=video_mp4&qs=0&rc=ZzxlZGU3ZTdkNmg8N2dkNkBpanhrcTk6ZnJkPDMzZjgzM0AzXzJfMDUvNWMxLTY2Mi5eYSNvLTNucjRnc2FgLS1kL2Nzcw%3D%3D&btag=e000b8000&expire=1752942715&l=202507180031398BC4AC1747C1591D1E52&ply_type=2&policy=2&signature=87d37bafbcf0d330ddab943ebb8d914f&tk=tt_chain_token,https://www.tiktok.com/basitiktok12/video/7087170516842319131,,387,70,42,47800,joben‚rap‚pangitsijoben‚itlognijoben,joben‚Rap‚pangitsijoben‚itlognijoben,,,,cinematic 4K,
zeeschuimer-export-tiktok.com-2025-07-18T17_45_37.653Z.csv,7524396328579779870,7524396328579779870,juvenilcerrodepiedra0,La Juvenil Bajo Cerro De Piedr,2640,245,117,https://p16-sign-va.tiktokcdn.com/tos-maliva-avt-0068/cfa1c79d037940bef87c7e0f5676b928~tplv-tiktokx-cropcenter:100:100.jpeg?dr=14579&refresh_token=1f10401b&x-expires=1752940800&x-signature=JEFjldnAdOFwGgOJRSfiN82Wixs%3D&t=4d5b0474&ps=13740610&shp=a5d48078&shcp=81f88b70&idc=maliva,@Jhader Zeledon @deylinggonzalez70 Que bueno disfrutaron la fiesta 😎🏆#ligacampesina #paratii #foryoupage #paratiiiiiiiiiiiiiiiiiiiiiiiiiiiiiii #fyp #viralvideo #viral #parati #PARATIIIIIIIIIIIIIIIIIIIIIIIIIIIIIII ,Mon Jul 07 2025,1751910064,no,no,sonido original,7524396317762800414,https://v77.tiktokcdn.com/6de544fc5a2f810bfd2968235df7b02a/687a7709/video/tos/maliva/tos-maliva-v-27dcd7c799-us/owbCyBEAWADAJrAZaAA3FUYEftVADoIUDOIy3f/?a=1233&bti=ODszNWYuMDE6&ch=0&cr=0&dr=0&er=0&lr=default&cd=0%7C0%7C0%7C0&br=250&bt=125&ds=5&ft=.NpOcInz7Thz4ywKXq8Zmo&mime_type=audio_mpeg&qs=13&rc=amZ3OXA5cmYzNDMzaTU8NEBpamZ3OXA5cmYzNDMzaTU8NEBwa3BkMmRrYWphLS1kMTJzYSNwa3BkMmRrYWphLS1kMTJzcw%3D%3D&vvpl=1&l=202507180031398BC4AC1747C1591D1E52&btag=e00048000&cc=13,https://p16-sign-va.tiktokcdn.com/tos-maliva-avt-0068/cfa1c79d037940bef87c7e0f5676b928~tplv-tiktokx-cropcenter:1080:1080.jpeg?dr=14579&refresh_token=c3628862&x-expires=1752940800&x-signature=Rv6I9CJMvZh%2F%2B5jJSExlm1TZ%2FW0%3D&t=4d5b0474&ps=13740610&shp=a5d48078&shcp=81f88b70&idc=maliva,La Juvenil Bajo Cerro De Piedr,https://v16-webapp-prime.tiktok.com/video/tos/maliva/tos-maliva-ve-0068c799-us/oEfpZhg8QEhoVlGEADoEYDXBbIVMVcafAA8FzR/?a=1988&bti=ODszNWYuMDE6&ch=0&cr=3&dr=0&lr=all&cd=0%7C0%7C0%7C&br=1770&bt=885&cs=0&ds=2&ft=4fUEKMUm8Zmo0ZWv5I4jVdIW8pWrKsd.&mime_type=video_mp4&qs=0&rc=OzszOGczZjY1OGk5OTtoNEBpM2pqNGo5cnQzNDMzaTczNEBgMF8wL15fNi0xNS00LzE1YSNzcGZzMmRjYGphLS1kMTJzcw%3D%3D&btag=e00088000&expire=1752942729&l=202507180031398BC4AC1747C1591D1E52&ply_type=2&policy=2&signature=9afc5d270256e7715dd016141ed4bafd&tk=tt_chain_token,https://www.tiktok.com/juvenilcerrodepiedra0/video/7524396328579779870,,84,12,13,1158,ligacampesina‚paratii‚foryoupage‚paratiiiiiiiiiiiiiiiiiiiiiiiiiiiiiii‚fyp‚viralvideo‚viral‚parati‚paratiiiiiiiiiiiiiiiiiiiiiiiiiiiiiii,ligacampesina‚paratii‚foryoupage‚paratiiiiiiiiiiiiiiiiiiiiiiiiiiiiiii‚fyp‚viralvideo‚Viral‚parati,,,,cinematic 4K,
zeeschuimer-export-tiktok.com-2025-07-18T17_45_37.653Z.csv,7257666998010694918,7257666998010694918,gabymirablefelipe,Gabi 🙃🥱,4960,11200,107,https://p16-sign-va.tiktokcdn.com/tos-maliva-avt-0068/99daab09286cc15d039fc252092935e8~tplv-tiktokx-cropcenter:100:100.jpeg?dr=14579&refresh_token=fbe62165&x-expires=1752940800&x-signature=LNdZAWvSQ0S8nIdzJexDxMO7FaU%3D&t=4d5b0474&ps=13740610&shp=a5d48078&shcp=81f88b70&idc=maliva,#generacion_juvenil🇧🇴#viralvideo#cochabambabolivia#potosi_bolivia🇧🇴tiktok_para_ti#chalita#lindastemitas,Thu Jul 20 2023,1689807282,no,no,sonido original,7257666994202282758,https://v77.tiktokcdn.com/72fea94640fdf8e854d2972456c92206/687a7728/video/tos/useast2a/tos-useast2a-v-27dcd7/oQpTEkTpazBbajAUADfBgEyACK0oIArXE6t84h/?a=1233&bti=ODszNWYuMDE6&ch=0&cr=0&dr=0&er=0&lr=default&cd=0%7C0%7C0%7C0&br=250&bt=125&ds=5&ft=.NpOcInz7Thz4ywKXq8Zmo&mime_type=audio_mpeg&qs=13&rc=ajtlcjQ6Zmc5bDMzNzU8M0BpajtlcjQ6Zmc5bDMzNzU8M0A2NXNocjRfZ3BgLS1kMTZzYSM2NXNocjRfZ3BgLS1kMTZzcw%3D%3D&vvpl=1&l=202507180031398BC4AC1747C1591D1E52&btag=e00050000&cc=13,https://p16-sign-va.tiktokcdn.com/tos-maliva-avt-0068/99daab09286cc15d039fc252092935e8~tplv-tiktokx-cropcenter:1080:1080.jpeg?dr=14579&refresh_token=692682b5&x-expires=1752940800&x-signature=VEiIpaJs1laFirzGDuhS0FtMAG0%3D&t=4d5b0474&ps=13740610&shp=a5d48078&shcp=81f88b70&idc=maliva,Gabi 🙃🥱,https://v16-webapp-prime.tiktok.com/video/tos/maliva/tos-maliva-ve-68c800-us/o0SXztOuChIkUbaL1QyofAJ4IyIDAwOEig5GaV/?a=1988&bti=ODszNWYuMDE6&ch=0&cr=3&dr=0&lr=all&cd=0%7C0%7C0%7C&cv=1&br=1832&bt=916&cs=0&ds=3&ft=4fUEKMUm8Zmo0ZWv5I4jVdIW8pWrKsd.&mime_type=video_mp4&qs=0&rc=OTQ3ODRkZTU7OzY5aTlnN0BpM2U7bGg6ZnE5bDMzNzczM0AxYF80YzMtX2AxNTE2MzMtYSMvcF9ucjRfZnBgLS1kMTZzcw%3D%3D&btag=e00090000&expire=1752942760&l=202507180031398BC4AC1747C1591D1E52&ply_type=2&policy=2&signature=3782169150137077bc82e0ceb7c9d63c&tk=tt_chain_token,https://www.tiktok.com/gabymirablefelipe/video/7257666998010694918,,232,6,29,16200,generacion_juvenil🇧🇴‚viralvideo‚cochabambabolivia‚potosi_bolivia🇧🇴tiktok_para_ti‚chalita‚lindastemitas,generacion_juvenil🇧🇴‚viralvideo‚cochabambabolivia‚potosi_bolivia🇧🇴tiktok_para_ti‚chalita‚lindastemitas,,,🎶🇧🇴GENERACIÓNJUVENIL 🎶🇧🇴💃‚lindas temitas 🎶💃‚bolivianito🇧🇴👍,cinematic 4K,
zeeschuimer-export-tiktok.com-2025-07-18T17_45_37.653Z.csv,7206147233023134982,7206147233023134982,andreacuintaco,Andrea Cuintaco,723600,3133,469,https://p16-sign-va.tiktokcdn.com/tos-maliva-avt-0068/48903d7d7f481b17fa86b5e37a75d439~tplv-tiktokx-cropcenter:100:100.jpeg?dr=14579&refresh_token=92bd7578&x-expires=1752940800&x-signature=3EmBrbgD5I3Y1LYagfsLdfNvnr4%3D&t=4d5b0474&ps=13740610&shp=a5d48078&shcp=81f88b70&idc=maliva,,Fri Mar 03 2023,1677811905,no,no,Vengo De Un Trabajo De Llano,6788483692428789761,https://sf16-ies-music-va.tiktokcdn.com/obj/tos-useast2a-ve-2774/oAi1MQpfkQbIEmtZFnfm7Oi6XjaB3DgBC9018B,https://p16-amd-va.tiktokcdn.com/img/tos-useast2a-v-2774/oAADFCirJayAwHz5IAAdEfiogOfjNIFYjD4zAe~c5_720x720.jpeg,Jairo Parales,https://v16-webapp-prime.tiktok.com/video/tos/maliva/tos-maliva-ve-0068c801-us/ookwwWPynoQZUCTCAcegJARwWBbfkIBQDsQSEA/?a=1988&bti=ODszNWYuMDE6&ch=0&cr=3&dr=0&lr=all&cd=0%7C0%7C0%7C&cv=1&br=7974&bt=3987&cs=0&ds=3&ft=4fUEKMUm8Zmo0ZWv5I4jVdIW8pWrKsd.&mime_type=video_mp4&qs=0&rc=cnF8b2hsc2d3SkBwaHIxaDFybndmaWk4PDNkZWk3OmZmOmc0NUBpM2UzbDw6ZmZwajMzNzczM0BjRl5Nc3FePmJKYSNvYF90aHFmOiMzNTMtNTI2Ni0xYzBgNTNhYSMycF9wcjQwLi1gLS1kMTZzcw%3D%3D&btag=e000b0000&expire=1752942708&l=202507180031398BC4AC1747C1591D1E52&ply_type=2&policy=2&signature=33243335a84538b33b275394a7d5a624&tk=tt_chain_token,https://www.tiktok.com/andreacuintaco/video/7206147233023134982,,12500,29,62,431000,,,,,Sabían que en el llano los jóvenes montan caballos sin amansar desde los 10 años más o menos ,cinematic 4K,
zeeschuimer-export-tiktok.com-2025-07-18T17_45_37.653Z.csv,7490698263817964806,7490698263817964806,deivlogs,Deivlogs - Cazador de Ofertas,50600,3387,85,https://p16-sign-va.tiktokcdn.com/tos-maliva-avt-0068/2c628e94edd3761e2d789afcf97db168~tplv-tiktokx-cropcenter:100:100.jpeg?dr=14579&refresh_token=c5e78ee2&x-expires=1752940800&x-signature=h9KroNvNmtzR2j%2FxxkvKJT2lsJU%3D&t=4d5b0474&ps=13740610&shp=a5d48078&shcp=81f88b70&idc=maliva,SI SOS FAN DE LA ROPA AMERICANA DE COLECCIÓN‚ TE GUSTA VESTIRTE BIEN O SIMPLEMENTE QUERES COMPRAR BARATO TENES QUE VISITAR @yankylandia🇦🇷🇺🇸  📌Colon 643‚ Merlo (Lunes a viernes de 10 a 17hs) 📌Av. Del Libertador 223‚ Merlo (Sabados y Domingos de 10 a 20hs) 📌España 287‚ Avellaneda (Sabados y Domingos de 10 a 17hs),Tue Apr 08 2025,1744064106,no,no,Baianá (Sped Up Version),7171062868945684482,https://sf16-ies-music-va.tiktokcdn.com/obj/tos-useast2a-ve-2774/oE5gnQdHCvvtLTQjZL6BBOekeDoRQd8JPMrhbn,https://p16-amd-va.tiktokcdn.com/img/tos-useast2a-v-2774/1e07407adc064fa28fdb00f45b0c57c2~c5_720x720.jpeg,Bakermat,https://v16-webapp-prime.tiktok.com/video/tos/useast2a/tos-useast2a-ve-0068c004/ogBwAnj9eFHN8EEgQnEDpSfmIqrhQ3p9BJonaR/?a=1988&bti=ODszNWYuMDE6&ch=0&cr=3&dr=0&lr=all&cd=0%7C0%7C0%7C&cv=1&br=3736&bt=1868&cs=0&ds=3&ft=4fUEKMUm8Zmo0ZWv5I4jVdIW8pWrKsd.&mime_type=video_mp4&qs=0&rc=OTw0PGloaDk6ZGZnNjY6ZUBpamtsOm45cnM3eTMzNzczM0AtNS0uNjZhXjMxLjNiNjBeYSNtbmpzMmRzb25gLS1kMTZzcw%3D%3D&btag=e00088000&expire=1752942729&l=202507180031398BC4AC1747C1591D1E52&ply_type=2&policy=2&signature=3b1dc5d8d7eb13e23e2bf217b5ba9fe6&tk=tt_chain_token,https://www.tiktok.com/deivlogs/video/7490698263817964806,,28900,514,7161,784100,,,,,,cinematic 4K,
zeeschuimer-export-tiktok.com-2025-07-18T17_45_37.653Z.csv,7526164960179768598,7526164960179768598,soypatriota,Soy Patriota 🇪🇸,47400,3340,280,https://p77-sign-va.tiktokcdn.com/tos-maliva-avt-0068/200525ff1e0a2ca5b718d8980134a208~tplv-tiktokx-cropcenter:100:100.jpeg?dr=14579&refresh_token=8ad362bd&x-expires=1752940800&x-signature=jEyr40kR4yxLcNSA2PKnnZ2IScw%3D&t=4d5b0474&ps=13740610&shp=a5d48078&shcp=81f88b70&idc=maliva,#viral #jovenes #españa #politica #parati #fyp #vox #pedrosanchez #gitanos ,Sat Jul 12 2025,1752321837,no,no,sonido original,7526164967570049815,https://v77.tiktokcdn.com/c3bad96ed9d9ad15e274b3c8c5b990d4/687a7748/video/tos/no1a/tos-no1a-v-2370-no/ooBJBig0EdoAkEUzEByAbkiAOcOYTFfk4ACGeY/?a=1233&bti=ODszNWYuMDE6&ch=0&cr=0&dr=0&er=0&lr=default&cd=0%7C0%7C0%7C0&br=250&bt=125&ds=5&ft=.NpOcInz7Thz4ywKXq8Zmo&mime_type=audio_mpeg&qs=13&rc=M3VsbXI5cmY3NDMzbzU8NUBpM3VsbXI5cmY3NDMzbzU8NUA0NWpiMmRjcm1hLS1kMTFzYSM0NWpiMmRjcm1hLS1kMTFzcw%3D%3D&vvpl=1&l=202507180031398BC4AC1747C1591D1E52&btag=e00050000&cc=13,https://p77-sign-va.tiktokcdn.com/tos-maliva-avt-0068/200525ff1e0a2ca5b718d8980134a208~tplv-tiktokx-cropcenter:1080:1080.jpeg?dr=14579&refresh_token=351b52f0&x-expires=1752940800&x-signature=maT1FTzw7LtUVubW2nFtOSEhiE0%3D&t=4d5b0474&ps=13740610&shp=a5d48078&shcp=81f88b70&idc=maliva,Soy Patriota 🇪🇸,https://v16-webapp-prime.tiktok.com/video/tos/no1a/tos-no1a-ve-0068c001-no/oUQTNE2fRoi4BkFsB3Bymeiko0RcgAxIGPTIEE/?a=1988&bti=ODszNWYuMDE6&ch=0&cr=3&dr=0&lr=all&cd=0%7C0%7C0%7C&cv=1&br=1528&bt=764&cs=0&ds=3&ft=4fUEKMUm8Zmo0ZWv5I4jVdIW8pWrKsd.&mime_type=video_mp4&qs=0&rc=Ozc6ZTo8ZGlpM2YzOzRlaEBpM214Nms5cjU3NDMzbzczNUBhYzZfXl82NjUxLl8yNDE1YSNvYGIwMmRjcm1hLS1kMTFzcw%3D%3D&btag=e00090000&expire=1752942792&l=202507180031398BC4AC1747C1591D1E52&ply_type=2&policy=2&signature=6edeb2dedc9ac1126c6eea8c8bb198c6&tk=tt_chain_token,https://www.tiktok.com/soypatriota/video/7526164960179768598,,3228,603,410,108700,viral‚jovenes‚españa‚politica‚parati‚fyp‚vox‚pedrosanchez‚gitanos,Viral‚jovenes‚españa‚politica‚parati‚fyp‚vox‚pedrosanchez‚gitanos,,,Siempre lo dije que al final los GITANOS salvarán ESPAÑA 🇪🇸 🫡,cinematic 4K,
zeeschuimer-export-tiktok.com-2025-07-18T17_45_37.653Z.csv,7443116546957888823,7443116546957888823,roberto.gonzalezm,Roberto Gonzalez,933,42,4,https://p16-sign-va.tiktokcdn.com/tos-maliva-avt-0068/a5690b2d81a61595dbd3e3b2b5bee8cc~tplv-tiktokx-cropcenter:100:100.jpeg?dr=14579&refresh_token=2bc43d42&x-expires=1752940800&x-signature=MxWilLROIC4A3urYEVhrKLBdqJ0%3D&t=4d5b0474&ps=13740610&shp=a5d48078&shcp=81f88b70&idc=maliva,Cuando no eres rubio 😂🇩🇰  #viajes #dinamarca #chile ,Sat Nov 30 2024,1732985624,no,no,original sound,7443116578643315511,https://v77.tiktokcdn.com/f8b8d8ac8afbfdadb913d1383740d399/687a76f9/video/tos/useast2a/tos-useast2a-v-27dcd7/oYBNLxfGAy2aziAK0v0ABNkxipEgQEEoE9BAsE/?a=1233&bti=ODszNWYuMDE6&ch=0&cr=0&dr=0&er=0&lr=default&cd=0%7C0%7C0%7C0&br=250&bt=125&ds=5&ft=.NpOcInz7Thz4ywKXq8Zmo&mime_type=audio_mpeg&qs=13&rc=anBla245cjludzMzNzU8M0BpanBla245cjludzMzNzU8M0BsbzMzMmRzMzJgLS1kMTZzYSNsbzMzMmRzMzJgLS1kMTZzcw%3D%3D&vvpl=1&l=202507180031398BC4AC1747C1591D1E52&btag=e00070000&cc=13,https://p16-sign-va.tiktokcdn.com/tos-maliva-avt-0068/a5690b2d81a61595dbd3e3b2b5bee8cc~tplv-tiktokx-cropcenter:1080:1080.jpeg?dr=14579&refresh_token=f5f4b1b7&x-expires=1752940800&x-signature=%2BMqf51FyhgoM%2Fn1gpWZnY8A4By4%3D&t=4d5b0474&ps=13740610&shp=a5d48078&shcp=81f88b70&idc=maliva,Roberto Gonzalez,https://webapp-sg.tiktok.com/0c1e95ffb538536e9e569eeb78e5912c/687bc879/kmoat/mps/logo/v3/r/p/v09044g40000ct5k5qfog65i972bmsrg/eb3669c8f21b4999bc63e3a9083b3c0a/1ecde9fe33c8a31f7768531054542d09/mp4/main.mp4?a=1988&bti=ODszNWYuMDE6&ch=0&cr=3&dr=0&lr=all&cd=0%7C0%7C0%7C&cv=1&br=0&bt=0&cs=0&ds=3&ft=piBE5MUm8Zmo0ZWv5I4jVdIW8pWrKsd.&mime_type=video_mp4&qs=0&rc=cnF8b2hsc2d3SkBwaHIxaDFybndmZGZlOzw2NmY8PGU1Ozw5ZUBpanZlOmw5cnRudzMzNzczM0BjRl5Nc3FePmJKYSNvYF90aHFmOiMtMDAtXmIzXzYxLmNgMzBiYSNvai82MmRjMjJgLS1kMTZzcw%3D%3D&btag=e000b0000&definition=720p&du=13&item_id=7443116546957888823&l=202507180031398BC4AC1747C1591D1E52&logo_type=tiktok_creator&ply_type=2&policy=eyJ2bSI6MiwiY2siOiJ0dF9jaGFpbl90b2tlbiJ9&sign_params=item_id%2Cuser_text&user_text=roberto.gonzalezm,https://www.tiktok.com/roberto.gonzalezm/video/7443116546957888823,,105600,1888,25000,1000000,viajes‚dinamarca‚chile,,,,,cinematic 4K,
zeeschuimer-export-tiktok.com-2025-07-18T17_45_37.653Z.csv,7513626800145173782,7513626800145173782,steph.writes,Stephanie  Schulz,1808,4800,9,https://p16-common-sign-useastred.tiktokcdn-eu.com/tos-useast2a-avt-0068-euttp/7582515b52cacc85242b7689a82256d8~tplv-tiktokx-cropcenter:100:100.jpeg?dr=14579&refresh_token=a130e39c&x-expires=1752940800&x-signature=6CD8NRAhB9BEHgv2NXj7O0c40rA%3D&t=4d5b0474&ps=13740610&shp=a5d48078&shcp=81f88b70&idc=maliva,Momento de la llegada de Erra a Valencia‚ 7/6/2025.  Desmadre absoluto… #Erra #ValenciaLoca #TikTokEspaña #FandomEnLlamas #MeetAndChaos #ErraEnValencia #CaosTotal #ErraEffect #LoViDesdeMiVentana #TikTokers #FYP #juanbeato #viral @Erra ,Sun Jun 08 2025,1749402567,no,no,original sound,7513626804956908310,https://v77.tiktokcdn.com/dbfbee18540aee89d15abe68c52985e9/687a7728/video/tos/no1a/tos-no1a-v-2370-no/ocFCEYlEyA2BTDWinwyatZAoA8LBBXi8vAEpU/?a=1233&bti=ODszNWYuMDE6&ch=0&cr=0&dr=0&er=0&lr=default&cd=0%7C0%7C0%7C0&br=250&bt=125&ds=5&ft=.NpOcInz7Thz4ywKXq8Zmo&mime_type=audio_mpeg&qs=13&rc=anB1c3Y5cmx2NDMzbzU8NUBpanB1c3Y5cmx2NDMzbzU8NUBqMXI2MmRrNC9hLS1kMTFzYSNqMXI2MmRrNC9hLS1kMTFzcw%3D%3D&vvpl=1&l=202507180031398BC4AC1747C1591D1E52&btag=e00050000&cc=13,https://p16-common-sign-useastred.tiktokcdn-eu.com/tos-useast2a-avt-0068-euttp/7582515b52cacc85242b7689a82256d8~tplv-tiktokx-cropcenter:1080:1080.jpeg?dr=14579&refresh_token=fa7eb697&x-expires=1752940800&x-signature=p9XQiJXX3J7viRjiHp3RWIuOAC4%3D&t=4d5b0474&ps=13740610&shp=a5d48078&shcp=81f88b70&idc=maliva,Stephanie  Schulz,https://v16-webapp-prime.tiktok.com/video/tos/no1a/tos-no1a-ve-0068c001-no/oMzFNLoEGLfD8BsOgpkCcfEjFEARNQR8SAUUOI/?a=1988&bti=ODszNWYuMDE6&ch=0&cr=3&dr=0&lr=all&cd=0%7C0%7C0%7C&cv=1&br=3878&bt=1939&cs=0&ds=3&ft=4fUEKMUm8Zmo0ZWv5I4jVdIW8pWrKsd.&mime_type=video_mp4&qs=0&rc=OThoZTU2ZDZkMzVkO2Y4NUBpM3lyNHg5cnR2NDMzbzczNUAvNTI2LmI0XzIxNmIuYjZgYSMtaGIyMmRjMi9hLS1kMTFzcw%3D%3D&btag=e00090000&expire=1752942760&l=202507180031398BC4AC1747C1591D1E52&ply_type=2&policy=2&signature=59d50aedf0bdf1779770f2fdfed33379&tk=tt_chain_token,https://www.tiktok.com/steph.writes/video/7513626800145173782,,24400,2161,6562,1100000,erra‚valencialoca‚tiktokespaña‚fandomenllamas‚meetandchaos‚erraenvalencia‚caostotal‚erraeffect‚lovidesdemiventana‚tiktokers‚fyp‚juanbeato‚viral,erra‚valencialoca‚tiktokespaña‚fandomenllamas‚meetandchaos‚erraenvalencia‚caostotal‚erraeffect‚lovidesdemiventana‚tiktokers‚fyp‚juanbeato‚Viral,,,,cinematic 4K,
zeeschuimer-export-tiktok.com-2025-07-18T17_45_37.653Z.csv,7424547028979485958,7424547028979485958,psuvlaguaira,PSUV LA GUAIRA,46300,650,1616,https://p16-sign-va.tiktokcdn.com/tos-maliva-avt-0068/d8dd648de56065e307f02cd4b66c0f77~tplv-tiktokx-cropcenter:100:100.jpeg?dr=14579&refresh_token=12fbe9b8&x-expires=1752940800&x-signature=dwzeHU1QV61CSE1u4mFRMKYegp0%3D&t=4d5b0474&ps=13740610&shp=a5d48078&shcp=81f88b70&idc=maliva,¡¡¡Juventud!!! 🇻🇪✌🏼 acá te explicamos qué es la comuna joven y cómo tu desde tu comunidad puedes crear soluciones para la juventud. Nuestro   presidente de la juventud siempre ha estado comprometido con la juventud venezolana y sus necesidades‚ por eso participa y se @Nicolás Maduro parte de esta gran experiencia 😎 ¡Nos vemos en la comunidad!✊🏼🇻🇪  @Juventud PSUV - @Partido_PSUV . @Diosdado Cabello Rondón .,Fri Oct 11 2024,1728662074,no,no,sonido original,7424547057816046342,https://v77.tiktokcdn.com/7a42b676cdbc1fe90e1df7363e715582/687a7707/video/tos/useast2a/tos-useast2a-v-27dcd7/og7oEJ3FeBCjS6A2AUi7BJnAAUGQKBqCE6fIJi/?a=1233&bti=ODszNWYuMDE6&ch=0&cr=0&dr=0&er=0&lr=default&cd=0%7C0%7C0%7C0&br=250&bt=125&ds=5&ft=.NpOcInz7Thz4ywKXq8Zmo&mime_type=audio_mpeg&qs=13&rc=amQ7eHU5cmludjMzNzU8M0BpamQ7eHU5cmludjMzNzU8M0BvYGsvMmRjaDFgLS1kMTZzYSNvYGsvMmRjaDFgLS1kMTZzcw%3D%3D&vvpl=1&l=202507180031398BC4AC1747C1591D1E52&btag=e00078000&cc=13,https://p16-sign-va.tiktokcdn.com/tos-maliva-avt-0068/d8dd648de56065e307f02cd4b66c0f77~tplv-tiktokx-cropcenter:1080:1080.jpeg?dr=14579&refresh_token=c7968233&x-expires=1752940800&x-signature=untfG0zlj5omnCC%2FDMZ665dgyb0%3D&t=4d5b0474&ps=13740610&shp=a5d48078&shcp=81f88b70&idc=maliva,PSUV LA GUAIRA,https://webapp-sg.tiktok.com/0562c9dce159f724895185cb2f086a05/687bc887/kmoat/mps/logo/v2/r/p/v09044g40000cs4kkdfog65ll5mm4p6g/4ef02136a5404a9a846aa38bb052ece0/5fb10e9b300052fb7dfe47fd699d5b47/mp4/main.mp4?a=1988&bti=ODszNWYuMDE6&ch=0&cr=3&dr=0&lr=all&cd=0%7C0%7C0%7C&br=0&bt=0&cs=0&ds=1&eid=1286&ft=piBE5MUm8Zmo0ZWv5I4jVdIW8pWrKsd.&mime_type=video_mp4&qs=0&rc=cnF8b2hsc2d3SkBwaHIxaDFybndmM2Y1M2U2ZDdkZDM4OTQzaEBpanNwOG85cmdudjMzNzczM0BjRl5Nc3FePmJKYSNvYF90aHFmOiNiYjJfNV4zNTYxMV4wL2MxYSMzMWppMmRjaDFgLS1kMTZzcw%3D%3D&btag=e000b8000&definition=360p&du=28&item_id=7424547028979485958&l=202507180031398BC4AC1747C1591D1E52&logo_type=tiktok_m&ply_type=2&policy=eyJ2bSI6MiwiY2siOiJ0dF9jaGFpbl90b2tlbiJ9&user_text=psuvlaguaira,https://www.tiktok.com/psuvlaguaira/video/7424547028979485958,,380,9,105,11400,,,,,,cinematic 4K,
zeeschuimer-export-tiktok.com-2025-07-18T17_45_37.653Z.csv,6936685495241952518,6936685495241952518,alfredopokemon,Alfredo Pokemon,10800,11200,451,https://p16-sign-va.tiktokcdn.com/tos-maliva-avt-0068/bca826b4e072b7b6883b75b2438d603e~tplv-tiktokx-cropcenter:100:100.jpeg?dr=14579&refresh_token=84495d69&x-expires=1752940800&x-signature=bwkTxhgir5ImqReAbaerMWmOczw%3D&t=4d5b0474&ps=13740610&shp=a5d48078&shcp=81f88b70&idc=maliva,#pequelandia #chile #nostalgia #inicio #tvchile #recuerdo #programadetv #ucv #canal5 #dibujosanimados #años90y2000  #programainfantil,Sun Mar 07 2021,1615072952,no,no,sonido original,6936685432075864838,https://v77.tiktokcdn.com/46f56fd5c42152279ca5c0f116ef8edd/687a7724/video/tos/useast2a/tos-useast2a-v-27dcd7/abcf24582c5e49e789247d859e3c1d5d/?a=1233&bti=ODszNWYuMDE6&ch=0&cr=0&dr=0&er=0&lr=default&cd=0%7C0%7C0%7C0&br=252&bt=126&ds=5&ft=.NpOcInz7Thz4ywKXq8Zmo&mime_type=video_mp4&qs=13&rc=MzR0Nmd0NGkzNDMzNzU8M0BpMzR0Nmd0NGkzNDMzNzU8M0BjanFyMV4xcS9gLS00MTZzYSNjanFyMV4xcS9gLS00MTZzcw%3D%3D&vvpl=1&l=202507180031398BC4AC1747C1591D1E52&btag=e00048000&cc=13,https://p16-sign-va.tiktokcdn.com/tos-maliva-avt-0068/bca826b4e072b7b6883b75b2438d603e~tplv-tiktokx-cropcenter:1080:1080.jpeg?dr=14579&refresh_token=ce7ff671&x-expires=1752940800&x-signature=iVWblXPiOjWcsGe2%2FiV2R83BFkM%3D&t=4d5b0474&ps=13740610&shp=a5d48078&shcp=81f88b70&idc=maliva,Alfredo Pokemon,https://v16-webapp-prime.tiktok.com/video/tos/maliva/tos-maliva-ve-68c800-us/6ddf59bbc5c04ac4b18fe8702d719dc1/?a=1988&bti=ODszNWYuMDE6&ch=0&cr=3&dr=0&lr=all&cd=0%7C0%7C0%7C&br=476&bt=238&cs=0&ds=2&ft=4fUEKMUm8Zmo0ZWv5I4jVdIW8pWrKsd.&mime_type=video_mp4&qs=0&rc=ZTU1ODdnZDNmOTtpaDU8M0BpanFobHZrcTUzNDMzZjczM0A1LmBfYjRjNV8xNGIzMTE2YSNgYGJkY2JfcS9gLS1eMTZzcw%3D%3D&btag=e00088000&expire=1752942756&l=202507180031398BC4AC1747C1591D1E52&ply_type=2&policy=2&signature=a167e1ac5e90e549b0c29556c8d2ec7e&tk=tt_chain_token,https://www.tiktok.com/alfredopokemon/video/6936685495241952518,,55,11,5,2056,pequelandia‚chile‚nostalgia‚inicio‚tvchile‚recuerdo‚programadetv‚ucv‚canal5‚dibujosanimados‚años90y2000‚programainfantil,pequelandia‚chile‚nostalgia‚inicio‚tvchile‚recuerdo‚programadetv‚ucv‚canal5‚dibujosanimados‚años90y2000‚programainfantil,,,1995 - 2003‚Pequelandia UCV,cinematic 4K,
zeeschuimer-export-tiktok.com-2025-07-18T17_45_37.653Z.csv,7375860833558990113,7375860833558990113,faustiny_1402,faustiny 666_18,21100,112200,888,https://p77-sign-va.tiktokcdn.com/tos-maliva-avt-0068/ef11541395f4c65a3074483507c963ed~tplv-tiktokx-cropcenter:100:100.jpeg?dr=14579&refresh_token=54c0fe65&x-expires=1752940800&x-signature=c5VQqHNaLAyJQ9S%2Fxb8VpiicrKs%3D&t=4d5b0474&ps=13740610&shp=a5d48078&shcp=81f88b70&idc=maliva,Comedia  Entretenimiento en Madrid 🇪🇸  #parati #fyp #foryou #,Sun Jun 02 2024,1717326433,no,no,son original - Electro Anthology,7303182345308293921,https://v77.tiktokcdn.com/07fc28ed819e47bfc7d441f07aba8ce2/687a772a/video/tos/useast2a/tos-useast2a-v-2370-euttp/oQoWgoEEgqTeNtWHX8ePawD1KaeHOMlLteQgEG/?a=1233&bti=ODszNWYuMDE6&ch=0&cr=0&dr=0&er=0&lr=default&cd=0%7C0%7C0%7C0&br=250&bt=125&ft=.NpOcInz7Thz4ywKXq8Zmo&mime_type=audio_mpeg&qs=6&rc=OWU2OWk1OWQ8ZWYzNzw5Z0BpM2RvdnE5cjs0bzMzZjU8M0BgMl9eLzE0NjQxXjIuYzE2YSMxL3FlMmRzb2FgLS1kMWNzcw%3D%3D&vvpl=1&l=202507180031398BC4AC1747C1591D1E52&btag=e00090000&cc=13,https://p16-common-sign-useastred.tiktokcdn-eu.com/tos-useast2a-avt-0068-euttp/cc54eecf1e7f1838361d7bf585992a06~tplv-tiktokx-cropcenter:1080:1080.jpeg?dr=14579&refresh_token=787fb8f0&x-expires=1752940800&x-signature=1k9VKuvdkmkcCoX7CHAbmnSzrJk%3D&t=4d5b0474&ps=13740610&shp=a5d48078&shcp=81f88b70&idc=maliva,Electro Anthology,https://webapp-i18n.tiktok.com/cd7bfa982d252bb33d345dd5cc8f32fd/687bc880/kmoat/mps/logo/v2/r/p/v0f044gc0000cpe54l7og65s7ho3pq70/25cd4be825ba494db33a5e2982723646/c3e7f2a48c3284bae2d825439787469e/mp4/main.mp4?a=1988&bti=ODszNWYuMDE6&ch=0&cr=3&dr=0&lr=all&cd=0%7C0%7C0%7C&cv=1&br=0&bt=0&cs=0&ds=3&eid=1286&ft=4YBg3MUm8Zmo0ZWv5I4jVdIW8pWrKsd.&mime_type=video_mp4&qs=0&rc=cnF8b2hsc2d3SkBwaHIxaDFybndmOTk1NTxoZDZnPGQ4O2VnOEBpM3Q2a3Y5cm84czMzZjczM0BjRl5Nc3FePmJKYSNvYF90aHFmOiMxMDQ1LzIwXzExXy9iMWAvYSM0bWw0MmQ0MWJgLS1kMWNzcw%3D%3D&btag=e000b8000&definition=720p&du=20&item_id=7375860833558990113&l=202507180031398BC4AC1747C1591D1E52&logo_type=tiktok_m&ply_type=2&policy=eyJ2bSI6MiwiY2siOiJ0dF9jaGFpbl90b2tlbiJ9&user_text=faustiny_1402,https://www.tiktok.com/faustiny_1402/video/7375860833558990113,,35600,317,784,530500,parati‚fyp‚foryou,parati‚fyp‚foryou,,,él encantó de España ésta   en la juventud de Madrid   capital‚del mundo ,cinematic 4K,
zeeschuimer-export-tiktok.com-2025-07-18T17_45_37.653Z.csv,7484360382186786054,7484360382186786054,santiagosernaospina,Santiago Serna Ospina 🇨🇴,9794,59400,16,https://p77-sign-sg-lite.tiktokcdn.com/tos-alisg-avt-0068/4ecbfb6ce621ba0a337642f268a0980d~tplv-tiktokx-cropcenter:100:100.jpeg?dr=14579&refresh_token=b74f5e21&x-expires=1752940800&x-signature=3s4BtHe6rYdzWIA%2FQ5tlALCoPJM%3D&t=4d5b0474&ps=13740610&shp=a5d48078&shcp=81f88b70&idc=maliva,Me gusta la política‚ pero también me gusta ser joven🎉                                        #derecha #alvarouribevelez #mariafernandacabal #jovenescabal #jovenes #trendingvideo #fyp #paratii #colombia #politica #politicstiktok #chistoso ,Fri Mar 21 2025,1742588450,no,no,original sound,7484360387933129527,https://v77.tiktokcdn.com/89669f99c88751da7e87f84909933fd9/687a7702/video/tos/useast2a/tos-useast2a-v-27dcd7/oM3AjBfEcQ3inlaJYEBoJACbAgEaFfUADlDcyd/?a=1233&bti=ODszNWYuMDE6&ch=0&cr=0&dr=0&er=0&lr=default&cd=0%7C0%7C0%7C0&br=250&bt=125&ds=5&ft=.NpOcInz7Thz4ywKXq8Zmo&mime_type=audio_mpeg&qs=13&rc=MzZ2N2w5cjx2eTMzNzU8M0BpMzZ2N2w5cjx2eTMzNzU8M0BhLjBqMmRjaGJgLS1kMTZzYSNhLjBqMmRjaGJgLS1kMTZzcw%3D%3D&vvpl=1&l=202507180031398BC4AC1747C1591D1E52&btag=e00078000&cc=13,https://p16-sign-sg.tiktokcdn.com/tos-alisg-avt-0068/4ecbfb6ce621ba0a337642f268a0980d~tplv-tiktokx-cropcenter:1080:1080.jpeg?dr=14579&refresh_token=b201ca94&x-expires=1752940800&x-signature=zvcPoLp9IZ5yg%2F41UOmYWW1BwCs%3D&t=4d5b0474&ps=13740610&shp=a5d48078&shcp=81f88b70&idc=maliva,Santiago Serna Ospina 🇨🇴,https://v16-webapp-prime.tiktok.com/video/tos/useast2a/tos-useast2a-ve-0068c003/oECv2IIokXAi4iuyv8Iw87fdiUB3gAFEWQjzdd/?a=1988&bti=ODszNWYuMDE6&ch=0&cr=3&dr=0&lr=all&cd=0%7C0%7C0%7C&cv=1&br=4090&bt=2045&cs=0&ds=3&ft=4fUEKMUm8Zmo0ZWv5I4jVdIW8pWrKsd.&mime_type=video_mp4&qs=0&rc=NWZpZ2llOTg0NTQ4aDw5Z0BpM2p3cXY5cjd2eTMzNzczM0A0LzMvLWJfX14xLTM0YzMzYSNwYWFiMmRjaGJgLS1kMTZzcw%3D%3D&btag=e000b8000&expire=1752942722&l=202507180031398BC4AC1747C1591D1E52&ply_type=2&policy=2&signature=087786e526e3ddfece71b5477d3ba562&tk=tt_chain_token,https://www.tiktok.com/santiagosernaospina/video/7484360382186786054,,1002,22,46,11300,derecha‚alvarouribevelez‚mariafernandacabal‚jovenescabal‚jovenes‚trendingvideo‚fyp‚paratii‚colombia‚politica‚politicstiktok‚chistoso,derecha‚alvarouribevelez‚mariafernandacabal‚jovenescabal‚jovenes‚trendingvideo‚fyp‚paratii‚colombia‚politica‚politicstiktok‚chistoso,,,    pov: soy un joven que le gusta la política‚ pero soy joven,cinematic 4K,
zeeschuimer-export-tiktok.com-2025-07-18T17_45_37.653Z.csv,7526705308035566853,7526705308035566853,jdoviedoar,jdoviedoar,160100,519,436,https://p16-sign-sg.tiktokcdn.com/tos-alisg-avt-0068/c9ed1a8c17a5214de9b7b3ac303a22f6~tplv-tiktokx-cropcenter:100:100.jpeg?dr=14579&refresh_token=946fe2ec&x-expires=1752940800&x-signature=YWnizqAParYbWbfiSt0u5i51V7k%3D&t=4d5b0474&ps=13740610&shp=a5d48078&shcp=81f88b70&idc=maliva,📣 ¡Jóvenes‚ ustedes también eligen‚ participan y firman! ✍🏼🔥 Si tienes entre 14 y 28 años‚ quedan 6 días para apoyar con tu firma a quienes quieren llegar a los Consejos de Juventud. Son chicos y chicas que la quieren romper por sus barrios‚ ciudades y regiones. 🇨🇴⚡️ 💛💙❤️ Porque estar #ConTodaPorColombia también es estar #ConTodaPorLaJuventud. 👊🏼⚡️,Mon Jul 14 2025,1752447647,no,no,sonido original,7526705314247641861,https://v77.tiktokcdn.com/658b6a3b60c28ab1239dd2eb8ef3b5f0/687a7727/video/tos/useast2a/tos-useast2a-v-27dcd7/oMaiTKAvEnEkB1ARbf3n0EhN0qAOlBPKOAioBg/?a=1233&bti=ODszNWYuMDE6&ch=0&cr=0&dr=0&er=0&lr=default&cd=0%7C0%7C0%7C0&br=250&bt=125&ds=5&ft=.NpOcInz7Thz4ywKXq8Zmo&mime_type=audio_mpeg&qs=13&rc=anRwc3E5cjs2NDMzNzU8M0BpanRwc3E5cjs2NDMzNzU8M0A2cjZnMmRzaW5hLS1kMTZzYSM2cjZnMmRzaW5hLS1kMTZzcw%3D%3D&vvpl=1&l=202507180031398BC4AC1747C1591D1E52&btag=e00048000&cc=13,https://p16-sign-sg.tiktokcdn.com/tos-alisg-avt-0068/c9ed1a8c17a5214de9b7b3ac303a22f6~tplv-tiktokx-cropcenter:1080:1080.jpeg?dr=14579&refresh_token=fab134e8&x-expires=1752940800&x-signature=szWuFDvvH4Qcn1d8yFBV0yU3lZI%3D&t=4d5b0474&ps=13740610&shp=a5d48078&shcp=81f88b70&idc=maliva,jdoviedoar,https://v16-webapp-prime.tiktok.com/video/tos/useast2a/tos-useast2a-ve-0068c001/oEgevFCejQIQzSC2CGGoDULHTsu6gAEQYewNII/?a=1988&bti=ODszNWYuMDE6&ch=0&cr=3&dr=0&lr=all&cd=0%7C0%7C0%7C&cv=1&br=1836&bt=918&cs=0&ds=3&ft=4fUEKMUm8Zmo0ZWv5I4jVdIW8pWrKsd.&mime_type=video_mp4&qs=0&rc=OWg0Nzw5OjllODY3aWRkNEBpank5NWs5cjM2NDMzNzczM0BjYmI2YTQuXjMxYzIwYmJiYSMtLnIwMmRraW5hLS1kMTZzcw%3D%3D&btag=e00088000&expire=1752942759&l=202507180031398BC4AC1747C1591D1E52&ply_type=2&policy=2&signature=4bb0c7f7fc619c08448fd5c50bd96fc4&tk=tt_chain_token,https://www.tiktok.com/jdoviedoar/video/7526705308035566853,,139,2,3,1697,contodaporcolombia‚contodaporlajuventud,contodaporcolombia‚contodaporlajuventud,,,,cinematic 4K,
zeeschuimer-export-tiktok.com-2025-07-18T17_45_37.653Z.csv,7397836682898214177,7397836682898214177,faustiny_1402,faustiny 666_18,21100,112200,888,https://p77-sign-va.tiktokcdn.com/tos-maliva-avt-0068/ef11541395f4c65a3074483507c963ed~tplv-tiktokx-cropcenter:100:100.jpeg?dr=14579&refresh_token=54c0fe65&x-expires=1752940800&x-signature=c5VQqHNaLAyJQ9S%2Fxb8VpiicrKs%3D&t=4d5b0474&ps=13740610&shp=a5d48078&shcp=81f88b70&idc=maliva,LA JUVENTUD ES UN ENCANTO EN MADRID 🇪🇸#VIRALVIDEO # parari#,Wed Jul 31 2024,1722443085,no,no,sonido original,7262305462412921606,https://v77.tiktokcdn.com/ecb81360021924e47a9924108a4d3133/687a7728/video/tos/useast2a/tos-useast2a-v-27dcd7/ooAs5Ox5nEDFfICRCQeAJXJcnBbdkABEDyQYUy/?a=1233&bti=ODszNWYuMDE6&ch=0&cr=0&dr=0&er=0&lr=default&cd=0%7C0%7C0%7C0&br=250&bt=125&ds=5&ft=.NpOcInz7Thz4ywKXq8Zmo&mime_type=audio_mpeg&qs=13&rc=am1yZTQ6ZnFobTMzNzU8M0Bpam1yZTQ6ZnFobTMzNzU8M0BzZC9icjQwNTFgLS1kMTZzYSNzZC9icjQwNTFgLS1kMTZzcw%3D%3D&vvpl=1&l=202507180031398BC4AC1747C1591D1E52&btag=e00050000&cc=13,https://p16-sign-va.tiktokcdn.com/tos-maliva-avt-0068/164023651d845f54d4e5d7ff2fb68ae4~tplv-tiktokx-cropcenter:1080:1080.jpeg?dr=14579&refresh_token=60de8078&x-expires=1752940800&x-signature=SDMr1CC4hnrV8TkPZ%2FG5ccEmHWY%3D&t=4d5b0474&ps=13740610&shp=a5d48078&shcp=81f88b70&idc=maliva,Janitoale,https://v16-webapp-prime.tiktok.com/video/tos/useast2a/tos-useast2a-ve-0068-euttp/oQNQ0BcGAzHEmrPmR9eBD6OHGEETIQFqYiKqfD/?a=1988&bti=ODszNWYuMDE6&ch=0&cr=3&dr=0&lr=all&cd=0%7C0%7C0%7C&cv=1&br=4898&bt=2449&cs=0&ds=3&ft=4fUEKMUm8Zmo0ZWv5I4jVdIW8pWrKsd.&mime_type=video_mp4&qs=0&rc=Mzo0OTdlOWQ0aGk6Nmk4OEBpMzN3eG85cms5dDMzZjczM0AwYTQzLjEvNV8xLl41LzFiYSNzbmRwMmRrMGlgLS1kMWNzcw%3D%3D&btag=e00088000&expire=1752942734&l=202507180031398BC4AC1747C1591D1E52&ply_type=2&policy=2&signature=40c6b84195a1af8fab5705645893de17&tk=tt_chain_token,https://www.tiktok.com/faustiny_1402/video/7397836682898214177,,14600,65,466,164800,viralvideo,viralvideo,,, la juventud de España‚es un encanto‚de Madrid.‚Un corazon alegre (embellece   tu rostro)?,cinematic 4K,
zeeschuimer-export-tiktok.com-2025-07-18T17_45_37.653Z.csv,7441023183823703352,7441023183823703352,angel.remig0.0.4,AnGeL Remig¡0 0.4,20600,716,130,https://p16-sign-va.tiktokcdn.com/tos-maliva-avt-0068/fa08809d85627f7cf701f316ccaf0abd~tplv-tiktokx-cropcenter:100:100.jpeg?dr=14579&refresh_token=658db118&x-expires=1752940800&x-signature=as6%2BhfmmVQWmQ3YHG%2BC%2BEFit%2FI0%3D&t=4d5b0474&ps=13740610&shp=a5d48078&shcp=81f88b70&idc=maliva,#humor #fpyシ #elreydelasbromas #paratii #chaparrito #broma ,Mon Nov 25 2024,1732498228,no,no,sonido original,7441023199014800184,https://v77.tiktokcdn.com/0e0d3f0fa8a2f855d3c1160c0131eb1a/687a7719/video/tos/useast2a/tos-useast2a-v-27dcd7/oESChDYEC6iGZEcIAAATmveZoJCLHpIOgIiIee/?a=1233&bti=ODszNWYuMDE6&ch=0&cr=0&dr=0&er=0&lr=default&cd=0%7C0%7C0%7C0&br=250&bt=125&ds=5&ft=.NpOcInz7Thz4ywKXq8Zmo&mime_type=audio_mpeg&qs=13&rc=ajc1a3E5cmd3dzMzNzU8M0Bpajc1a3E5cmd3dzMzNzU8M0BscmUtMmRzMy5gLS1kMTZzYSNscmUtMmRzMy5gLS1kMTZzcw%3D%3D&vvpl=1&l=202507180031398BC4AC1747C1591D1E52&btag=e00048000&cc=13,https://p16-sign-va.tiktokcdn.com/tos-maliva-avt-0068/fa08809d85627f7cf701f316ccaf0abd~tplv-tiktokx-cropcenter:1080:1080.jpeg?dr=14579&refresh_token=3ffce386&x-expires=1752940800&x-signature=hT08GOlMppXJLTDHjI3U4kMHKIQ%3D&t=4d5b0474&ps=13740610&shp=a5d48078&shcp=81f88b70&idc=maliva,AnGeL Remig¡0 0.4,https://v16-webapp-prime.tiktok.com/video/tos/useast2a/tos-useast2a-pve-0068/oQsR6QitsEdXGDJ0E0l503QIBfAJiBQpiBsneE/?a=1988&bti=ODszNWYuMDE6&ch=0&cr=3&dr=0&lr=all&cd=0%7C0%7C0%7C&cv=1&br=1698&bt=849&cs=0&ds=3&ft=4fUEKMUm8Zmo0ZWv5I4jVdIW8pWrKsd.&mime_type=video_mp4&qs=0&rc=OGU7NzQ3O2Q4OGU8Zjk4N0BpMzxsd3Q5cnZ3dzMzNzczM0BeXmBeNmIuNjMxNTZgLy42YSNqMjJiMmRzMi5gLS1kMTZzcw%3D%3D&btag=e00088000&expire=1752942745&l=202507180031398BC4AC1747C1591D1E52&ply_type=2&policy=2&signature=67ba2c39fa4e901f40f2a31a3a318bd8&tk=tt_chain_token,https://www.tiktok.com/angel.remig0.0.4/video/7441023183823703352,,318,4,86,18400,humor‚fpyシ‚elreydelasbromas‚paratii‚chaparrito‚broma,humor‚fpyシ‚elreydelasbromas‚paratii‚chaparrito‚Broma,,,,cinematic 4K,
zeeschuimer-export-tiktok.com-2025-07-18T17_45_37.653Z.csv,7458689006834961669,7458689006834961669,yankylandia.ok,Yankylandia.ok,820,4,13,https://p77-sign-va.tiktokcdn.com/tos-maliva-avt-0068/e8d824f2e015611bb0c2610e814a14f6~tplv-tiktokx-cropcenter:100:100.jpeg?dr=14579&refresh_token=0278371a&x-expires=1752940800&x-signature=gBUpipSh2wBksRwC7yr%2Ft%2FhNuA8%3D&t=4d5b0474&ps=13740610&shp=a5d48078&shcp=81f88b70&idc=maliva,🇺🇸Yankylandia🇦🇷 🕔Sábados de 10 a 19hs 🕔Domingos de 10 a 17hs 📍Colon 643‚ Merlo #ropa #ferias #vintage #ropadeportiva #americana #oufit ,Sat Jan 11 2025,1736611371,no,no,All Of The Lights,6758899171954001921,https://sf16-ies-music-va.tiktokcdn.com/obj/tos-useast2a-ve-2774/ociB9SmYodwDABBqgJQRFfEfFtCZpdNhi652qQ,https://p16-amd-va.tiktokcdn.com/img/tos-useast2a-v-2774/oEKMC0EAEfDFAAVF0AcEaigAzh0hDDAfaf8EJg~c5_720x720.jpeg,Kanye West,https://v16-webapp-prime.tiktok.com/video/tos/alisg/tos-alisg-ve-37c813-sg/oQSrICALCgerejAgVjIB4lRSiE9tGeaCSCtPRC/?a=1988&bti=ODszNWYuMDE6&ch=0&cr=3&dr=0&lr=all&cd=0%7C0%7C0%7C&cv=1&br=4158&bt=2079&cs=0&ds=3&ft=4fUEKMUm8Zmo0ZWv5I4jVdIW8pWrKsd.&mime_type=video_mp4&qs=0&rc=NGVkODUzNzQ5ZDw3NWY3NkBpamhsb3Q5cmc8eDMzNzczM0AtNDUuNi80NmMxLTIwNDJiYSMtLi9uMmRrNi5gLS1kMTZzcw%3D%3D&btag=e00088000&expire=1752942743&l=202507180031398BC4AC1747C1591D1E52&ply_type=2&policy=2&signature=85e74b3aa6a8d88fcefea5bc185d3b39&tk=tt_chain_token,https://www.tiktok.com/yankylandia.ok/video/7458689006834961669,,142,7,95,10300,ropa‚ferias‚vintage‚ropadeportiva‚americana‚oufit,ropa‚ferias‚vintage‚ropadeportiva‚americana‚oufit,,,🇺🇸YANKYLANDIA🇦🇷‚🕔Sabado de 10 a 19hs    🕔Domingo de 10 a 17hs‚📍Colon 643‚ Merlo,cinematic 4K,
zeeschuimer-export-tiktok.com-2025-07-18T17_45_37.653Z.csv,7525920284663221560,7525920284663221560,xiomy_moreno18,Xiomy Moreno,731,2861,3,https://p16-sign-sg.tiktokcdn.com/tos-alisg-avt-0068/fab454b8f786a4fbae31174fdfdfe2b3~tplv-tiktokx-cropcenter:100:100.jpeg?dr=14579&refresh_token=10330ca4&x-expires=1752940800&x-signature=Rhvq2MTBpahBhx12wZwGPh5JBO0%3D&t=4d5b0474&ps=13740610&shp=a5d48078&shcp=81f88b70&idc=maliva,💙📝Inscritos como CMJ en silvania cundinamarcaⓂ️💙@JuanCc_V @Lina Almonacid @Consejero Juan Camilo @Maritza Alvarez 👩🏼‍🦱 #jovenes #juventudesmira #soyjovenmiraista #partidomira ,Fri Jul 11 2025,1752264870,no,no,Fireball (feat. John Ryan),7026045520393013249,https://sf16-ies-music-va.tiktokcdn.com/obj/tos-useast2a-ve-2774/oMhffxKMAfpsCgrHGA1nVbEfIYpzeHMcp4MiMO,https://p16-amd-va.tiktokcdn.com/img/tos-useast2a-v-2774/53a635c1fc4e497582c9f5a8b2261c00~c5_720x720.jpeg,Pitbull,,https://www.tiktok.com/xiomy_moreno18/video/7525920284663221560,,590,10,64,5063,jovenes‚juventudesmira‚soyjovenmiraista‚partidomira,jovenes‚juventudesmira‚soyjovenmiraista‚partidomira,,,,cinematic 4K,
zeeschuimer-export-tiktok.com-2025-07-18T17_45_37.653Z.csv,7245688187601866011,7245688187601866011,aitornavaselpatriota,🇪🇸Aitor Navas🇪🇸,71500,67700,1529,https://p77-sign-va.tiktokcdn.com/tos-maliva-avt-0068/d454bb7b519f4f15bf7e00fe7d70b5ac~tplv-tiktokx-cropcenter:100:100.jpeg?dr=14579&refresh_token=50a97863&x-expires=1752940800&x-signature=YH2pQknCToghxqZsT54o7xh4Jjo%3D&t=4d5b0474&ps=13740610&shp=a5d48078&shcp=81f88b70&idc=maliva,Un valiente desde joven 💪🏻🇪🇸#parati #parati #parati #viral #viral #fyp #aitornavas #abascal2023 #PPSOE #CPJCE #trump2024 #soloquedavox #vox #politica #donaldtrump #politicaderecha #vivaespaña #maga #quetevotechapote #españa #makespaingreatagain ,Sat Jun 17 2023,1687018253,no,no,sonido original,7245688133252139803,https://v77.tiktokcdn.com/43ca9a7cdafbcad811995bf1c7db9ead/687a76f9/video/tos/useast2a/tos-useast2a-v-2370-euttp/o4uH2EAzEhHS4wAhu2yKNzwARE8anYANoBPfCE/?a=1233&bti=ODszNWYuMDE6&ch=0&cr=0&dr=0&er=0&lr=default&cd=0%7C0%7C0%7C0&br=252&bt=126&ds=5&ft=.NpOcInz7Thz4ywKXq8Zmo&mime_type=audio_mpeg&qs=13&rc=ajo8cDc6ZjZ3bDMzZjU8M0Bpajo8cDc6ZjZ3bDMzZjU8M0BtZGY0cjRnajNgLS1kMWNzYSNtZGY0cjRnajNgLS1kMWNzcw%3D%3D&vvpl=1&l=202507180031398BC4AC1747C1591D1E52&btag=e00070000&cc=13,https://p16-sign-va.tiktokcdn.com/tos-maliva-avt-0068/d454bb7b519f4f15bf7e00fe7d70b5ac~tplv-tiktokx-cropcenter:1080:1080.jpeg?dr=14579&refresh_token=5801d777&x-expires=1752940800&x-signature=8U04j%2B7WVR1Tbl5A%2BSlJuqae8bQ%3D&t=4d5b0474&ps=13740610&shp=a5d48078&shcp=81f88b70&idc=maliva,🇪🇸Aitor Navas🇪🇸,https://webapp-i18n.tiktok.com/ed0845ed5608424196930e76e966771e/687bc879/kmoat/mps/logo/v2/r/p/v0f044gc0000ci6tlibc77u2rj4rnilg/e11ac9759b564c7590562442fc66f79e/9cde6efec0a2d85ac5029eab570b564b/mp4/main.mp4?a=1988&bti=ODszNWYuMDE6&ch=0&cr=3&dr=0&lr=all&cd=0%7C0%7C0%7C&cv=1&br=0&bt=0&cs=0&ds=3&eid=1286&ft=4YBg3MUm8Zmo0ZWv5I4jVdIW8pWrKsd.&mime_type=video_mp4&qs=0&rc=cnF8b2hsc2d3SkBwaHIxaDFybndmaDo5ZjU3OTM4ZjllODxkNEBpamx1bTU6Zmx3bDMzZjczM0BjRl5Nc3FePmJKYSNvYF90aHFmOiM2YzNjMS8yNjQxMjY0YC5iYSNpazFvcjRfaTNgLS1kMWNzcw%3D%3D&btag=e000b0000&definition=720p&du=13&item_id=7245688187601866011&l=202507180031398BC4AC1747C1591D1E52&logo_type=tiktok_m&ply_type=2&policy=eyJ2bSI6MiwiY2siOiJ0dF9jaGFpbl90b2tlbiJ9&user_text=aitornavaselpatriota,https://www.tiktok.com/aitornavaselpatriota/video/7245688187601866011,,4550,150,189,99900,parati‚parati‚parati‚viral‚viral‚fyp‚aitornavas‚abascal2023‚ppsoe‚cpjce‚trump2024‚soloquedavox‚vox‚politica‚donaldtrump‚politicaderecha‚vivaespaña‚maga‚quetevotechapote‚españa‚makespaingreatagain,parati‚Viral‚fyp‚aitornavas‚abascal2023‚ppsoe‚cpjce‚trump2024‚soloquedavox‚vox‚politica‚donaldtrump‚politicaderecha‚vivaespaña‚maga‚quetevotechapote‚españa‚makespaingreatagain,,,,cinematic 4K,
zeeschuimer-export-tiktok.com-2025-07-18T17_45_37.653Z.csv,7525857675205168406,7525857675205168406,tobonvillada,Andrés Tobón,95000,12900,812,https://p16-sign-useast2a.tiktokcdn.com/tos-useast2a-avt-0068-euttp/833b32fb61a402b3c287b1e237a95196~tplv-tiktokx-cropcenter:100:100.jpeg?dr=14579&refresh_token=e70f7687&x-expires=1752940800&x-signature=7fjfeMmtkYV0jAIYodCHLGPbfss%3D&t=4d5b0474&ps=13740610&shp=a5d48078&shcp=81f88b70&idc=maliva,Petro presenta como “regalo de la Nación” lo que en realidad es un proyecto privado. Otro más que se apropia del mérito ajeno. Pura demagogia. ,Fri Jul 11 2025,1752250291,no,no,Stille totale Stille,7431211949750242080,https://v77.tiktokcdn.com/d6494b3a7b7519d1b8d2f5748616c117/687a775a/video/tos/useast2a/tos-useast2a-v-2370-euttp/o4JNAeKBw6cIeEwAeBG9oIZl8g7mIfLAAawQoX/?a=1233&bti=ODszNWYuMDE6&ch=0&cr=0&dr=0&er=0&lr=default&cd=0%7C0%7C0%7C0&br=250&bt=125&ds=5&ft=.NpOcInz7Thz4ywKXq8Zmo&mime_type=audio_mpeg&qs=13&rc=Mzg0bHk5cnVpdjMzZjU8M0BpMzg0bHk5cnVpdjMzZjU8M0BeNXNiMmQ0Y2RgLS1kMWNzYSNeNXNiMmQ0Y2RgLS1kMWNzcw%3D%3D&vvpl=1&l=202507180031398BC4AC1747C1591D1E52&btag=e00050000&cc=13,https://p16-sign-useast2a.tiktokcdn.com/tos-useast2a-avt-0068-euttp/6302a46e9354311ef1e0ace90176485e~tplv-tiktokx-cropcenter:1080:1080.jpeg?dr=14579&refresh_token=9e311a91&x-expires=1752940800&x-signature=Kd23wXAPPFr%2FVkCSdeh3puQnp3g%3D&t=4d5b0474&ps=13740610&shp=a5d48078&shcp=81f88b70&idc=maliva,SummSummSumm,https://v16-webapp-prime.tiktok.com/video/tos/no1a/tos-no1a-ve-0068c001-no/ogj7ULo2A92Ihg4QSmIFEel4QDVfgJfiiADbI0/?a=1988&bti=ODszNWYuMDE6&ch=0&cr=3&dr=0&lr=all&cd=0%7C0%7C0%7C&cv=1&br=1258&bt=629&cs=0&ds=3&ft=4fUEKMUm8Zmo0ZWv5I4jVdIW8pWrKsd.&mime_type=video_mp4&qs=0&rc=O2c5PDk2ODQ5ZDhkOmU7OUBpampnNXg5cmRtNDMzbzczNUBfMmJjYDU0NWMxLTI2YDAtYSNoMmtxMmQ0Y2xhLS1kMTFzcw%3D%3D&btag=e00090000&expire=1752942764&l=202507180031398BC4AC1747C1591D1E52&ply_type=2&policy=2&signature=920ceed4515d2f97db2007496c3ae408&tk=tt_chain_token,https://www.tiktok.com/tobonvillada/video/7525857675205168406,,14300,637,1443,222100,,,,,,cinematic 4K,
zeeschuimer-export-tiktok.com-2025-07-18T17_45_37.653Z.csv,7490612169986411831,7490612169986411831,geovannimolina1973,GeovanniMolina1973,139500,23000,2895,https://p16-sign-va.tiktokcdn.com/tos-maliva-avt-0068/4459e2b0ab7988de4cae69593b59ec2a~tplv-tiktokx-cropcenter:100:100.jpeg?dr=14579&refresh_token=6c4d46b7&x-expires=1752940800&x-signature=gYkUxHDXbejv5kzQU6F8IJnfw2g%3D&t=4d5b0474&ps=13740610&shp=a5d48078&shcp=81f88b70&idc=maliva,"#Venezuela Recordamos a #NeomarLander #neomarlandervenezuela como aquel joven lleno de vida que nos regaló una mirada de esperanza y salió a las calles a hacer cumplir sus palabras ""La Lucha De Pocos Vale Por El Futuro De Muchos"". Lo recordamos y exigimos justicia #JusticiaYLibertad #paratiiiiiiiiiiiiiiiiiiiiiiiiiiiiiii #viral_video #fypp #fypシ゚ ",Mon Apr 07 2025,1744044059,no,no,Venezuela (Instrumental),7150830439110805506,https://sf16-ies-music-va.tiktokcdn.com/obj/tos-useast2a-ve-2774/8a39a94913694c40a32e23c12d4be187,https://p16-amd-va.tiktokcdn.com/img/tos-useast2a-v-2774/12a144cff7c146e38e8a3009d681812d~c5_720x720.jpeg,Carlos Salazar,https://v16-webapp-prime.tiktok.com/video/tos/useast2a/tos-useast2a-ve-0068c001/owAznFLEEE7IQD9oA0fAVBUARSAhnDJeBQMCBR/?a=1988&bti=ODszNWYuMDE6&ch=0&cr=3&dr=0&lr=all&cd=0%7C0%7C0%7C&cv=1&br=1018&bt=509&cs=0&ds=3&ft=4fUEKMUm8Zmo07Wv5I4jVojoXpWrKsd.&mime_type=video_mp4&qs=0&rc=NTw8NTo3NmQ4ZDZkZGk4OkBpajp0cnM5cjgzeTMzNzczM0BfXzAuYS9hXzAxMWIxL2M2YSNeZTBmMmQ0LW5gLS1kMTZzcw%3D%3D&btag=e000b8000&expire=1752942723&l=202507180031428BC4AC1747C1591D209A&ply_type=2&policy=2&signature=a7a61b4d71fc8a589bf6c1ec41d38db4&tk=tt_chain_token,https://www.tiktok.com/geovannimolina1973/video/7490612169986411831,,319,12,9,8871,venezuela‚neomarlander‚neomarlandervenezuela‚justiciaylibertad‚paratiiiiiiiiiiiiiiiiiiiiiiiiiiiiiii‚viral_video‚fypp‚fypシ゚,venezuela‚neomarlander‚neomarlandervenezuela‚justiciaylibertad‚paratiiiiiiiiiiiiiiiiiiiiiiiiiiiiiii‚viral_video‚fypp‚fypシ゚,,,"Neomar Lander   🙌🏻 1999 ✝️ 2017‚Neonar Lander   ""La Lucha De Pocos Vale Por El Futuro De Muchos"" 1999/2017",Green Screen,
zeeschuimer-export-tiktok.com-2025-07-18T17_45_37.653Z.csv,7472995400811711749,7472995400811711749,juventudparrandera,Wimargutierrez15,241,80,5,https://p16-sign-sg.tiktokcdn.com/tos-alisg-avt-0068/fdcb266cd9c4eb687e55dec9fcb49650~tplv-tiktokx-cropcenter:100:100.jpeg?dr=14579&refresh_token=16ab0838&x-expires=1752940800&x-signature=NlFKtTq6fG8nv0DZjZH9KwWjIvE%3D&t=4d5b0474&ps=13740610&shp=a5d48078&shcp=81f88b70&idc=maliva,juventud parrandera,Wed Feb 19 2025,1739942335,no,no,sonido original,7472995423200758533,https://v16m.tiktokcdn.com/4b070f8e04498eddd82bffa4f401dfba/687a7767/video/tos/useast2a/tos-useast2a-v-27dcd7/oMA30tyeGIF4gqnOEcLASfTNkCepPACIIpg0oa/?a=1233&bti=ODszNWYuMDE6&ch=0&cr=0&dr=0&er=0&lr=default&cd=0%7C0%7C0%7C0&br=250&bt=125&ds=5&ft=.NpOcInz7The4ywKXq8Zmo&mime_type=audio_mpeg&qs=13&rc=M2xocHM5cmtweDMzNzU8M0BpM2xocHM5cmtweDMzNzU8M0A1cGdzMmRrZ25gLS1kMTZzYSM1cGdzMmRrZ25gLS1kMTZzcw%3D%3D&vvpl=1&l=202507180031428BC4AC1747C1591D209A&btag=e00050000&cc=3,https://p16-sign-sg.tiktokcdn.com/tos-alisg-avt-0068/fdcb266cd9c4eb687e55dec9fcb49650~tplv-tiktokx-cropcenter:1080:1080.jpeg?dr=14579&refresh_token=d6ba2978&x-expires=1752940800&x-signature=voALXvM08QzNZRqeEGaZXzohAOo%3D&t=4d5b0474&ps=13740610&shp=a5d48078&shcp=81f88b70&idc=maliva,Wimargutierrez15,https://v16-webapp-prime.tiktok.com/video/tos/alisg/tos-alisg-ve-37c813-sg/owutJItEDKvmWBbMQEfbAjQzbFeySnBEJ18R01/?a=1988&bti=ODszNWYuMDE6&ch=0&cr=3&dr=0&lr=all&cd=0%7C0%7C0%7C&cv=1&br=2550&bt=1275&cs=0&ds=3&ft=4fUEKMUm8Zmo07Wv5I4jVojoXpWrKsd.&mime_type=video_mp4&qs=0&rc=N2gzPDNoZWlpOmVpNmc6NkBpM2Y8ZnQ5cmVweDMzNzczM0AtLjItYDUtXzExYmBjXzBgYSNyamVzMmRjZ25gLS1kMTZzcw%3D%3D&btag=e00090000&expire=1752942823&l=202507180031428BC4AC1747C1591D209A&ply_type=2&policy=2&signature=adc69e250141110c686a00f89ee39cc0&tk=tt_chain_token,https://www.tiktok.com/juventudparrandera/video/7472995400811711749,,90,5,5,2995,,,,,,Green Screen,
zeeschuimer-export-tiktok.com-2025-07-18T17_45_37.653Z.csv,7527495598170295558,7527495598170295558,yupilandiastereo77.7,YUPILANDIA STEREO 77.7,17400,776,120,https://p16-sign-sg.tiktokcdn.com/tos-alisg-avt-0068/1f6a069475c7748a383f3ce2818b19e7~tplv-tiktokx-cropcenter:100:100.jpeg?dr=14579&refresh_token=cccd2b3e&x-expires=1752940800&x-signature=eetGzOT2PVR2xO8OpSO6aCdvX8Y%3D&t=4d5b0474&ps=13740610&shp=a5d48078&shcp=81f88b70&idc=maliva,Me pones en tensión REMIX JH #paratiiiiiiiiiiiiiiiiiiiiiiiiiiiiiii #avaricia #jhdelacruz777 #joveneshoy777 #murillo ,Wed Jul 16 2025,1752631651,no,no,sonido original,7527495577501108997,https://v16m.tiktokcdn.com/36f20d4f11329a03899cfcbf8b496d06/687a7726/video/tos/useast2a/tos-useast2a-v-27dcd7/oc3iUAuEJJBfHlDyEQAwfIAdICMoAhDJunsBFB/?a=1233&bti=ODszNWYuMDE6&ch=0&cr=0&dr=0&er=0&lr=default&cd=0%7C0%7C0%7C0&br=250&bt=125&ds=5&ft=.NpOcInz7The4ywKXq8Zmo&mime_type=audio_mpeg&qs=13&rc=amszM2o5cnNqNDMzNzU8M0BpamszM2o5cnNqNDMzNzU8M0BgNDFnMmRzZm9hLS1kMTZzYSNgNDFnMmRzZm9hLS1kMTZzcw%3D%3D&vvpl=1&l=202507180031428BC4AC1747C1591D209A&btag=e00048000&cc=3,https://p16-sign-sg.tiktokcdn.com/tos-alisg-avt-0068/1f6a069475c7748a383f3ce2818b19e7~tplv-tiktokx-cropcenter:1080:1080.jpeg?dr=14579&refresh_token=1824829f&x-expires=1752940800&x-signature=rJxWRhB0%2BUI9%2FsSszMwa0dl9skw%3D&t=4d5b0474&ps=13740610&shp=a5d48078&shcp=81f88b70&idc=maliva,YUPILANDIA STEREO 77.7,https://v16-webapp-prime.tiktok.com/video/tos/useast2a/tos-useast2a-ve-0068c003/o8QwS83avCrIgAFjeC3ETXRQF7ITgFfhafCDEa/?a=1988&bti=ODszNWYuMDE6&ch=0&cr=3&dr=0&lr=all&cd=0%7C0%7C0%7C&cv=1&br=1686&bt=843&cs=0&ds=3&ft=4fUEKMUm8Zmo07Wv5I4jVojoXpWrKsd.&mime_type=video_mp4&qs=0&rc=OjU0OTg1O2hmMzc1ODhkaUBpM2VpN3g5cnVqNDMzNzczM0BeYTBiNl4zNjYxMzEtNi4vYSNhY25hMmRzY29hLS1kMTZzcw%3D%3D&btag=e00088000&expire=1752942758&l=202507180031428BC4AC1747C1591D209A&ply_type=2&policy=2&signature=ec43ee82fcb0b002d6b634aa7e16d88a&tk=tt_chain_token,https://www.tiktok.com/yupilandiastereo77.7/video/7527495598170295558,,499,30,86,10300,paratiiiiiiiiiiiiiiiiiiiiiiiiiiiiiii‚avaricia‚jhdelacruz777‚joveneshoy777‚murillo,paratiiiiiiiiiiiiiiiiiiiiiiiiiiiiiii‚avaricia‚jhdelacruz777‚joveneshoy777‚murillo,,,,Green Screen,
zeeschuimer-export-tiktok.com-2025-07-18T17_45_37.653Z.csv,7508563238498454789,7508563238498454789,thomas_lara,Thomas,935,150800,8,https://p16-sign-sg.tiktokcdn.com/tos-alisg-avt-0068/f4d8b49b0a2fbca41f90d28df692f7b6~tplv-tiktokx-cropcenter:100:100.jpeg?dr=14579&refresh_token=81d28a28&x-expires=1752940800&x-signature=xxY6q1Y2gG4WC9nXvBunV7wdOEA%3D&t=4d5b0474&ps=13740610&shp=a5d48078&shcp=81f88b70&idc=maliva,🙅🏾🐀 #politica#juventud#corrupcion#colombia#ahora,Mon May 26 2025,1748223618,no,no,sonido original,7508563251897617158,https://v16m.tiktokcdn.com/59a879b9c3486064421c74dcfcf22de9/687a7739/video/tos/useast2a/tos-useast2a-v-27dcd7/ooazvAA1oEUDQBSyZJiMGiAAECxYlhnQPs2tA/?a=1233&bti=ODszNWYuMDE6&ch=0&cr=0&dr=0&er=0&lr=default&cd=0%7C0%7C0%7C0&br=250&bt=125&ds=5&ft=.NpOcInz7The4ywKXq8Zmo&mime_type=audio_mpeg&qs=13&rc=am87OXA5cjR2MzMzNzU8M0Bpam87OXA5cjR2MzMzNzU8M0BqbTM1MmRrYW1hLS1kMTZzYSNqbTM1MmRrYW1hLS1kMTZzcw%3D%3D&vvpl=1&l=202507180031428BC4AC1747C1591D209A&btag=e00050000&cc=3,https://p16-sign-sg.tiktokcdn.com/tos-alisg-avt-0068/f4d8b49b0a2fbca41f90d28df692f7b6~tplv-tiktokx-cropcenter:1080:1080.jpeg?dr=14579&refresh_token=03b2f435&x-expires=1752940800&x-signature=DAYloBLL20etSju33KMSdBcQMGs%3D&t=4d5b0474&ps=13740610&shp=a5d48078&shcp=81f88b70&idc=maliva,Thomas,https://v16-webapp-prime.tiktok.com/video/tos/alisg/tos-alisg-ve-37c813-sg/o8EWgQEDU1QXGKAPBgzSIEUxJtv5AdiZh0Bia/?a=1988&bti=ODszNWYuMDE6&ch=0&cr=3&dr=0&lr=all&cd=0%7C0%7C0%7C&cv=1&br=1984&bt=992&cs=0&ds=3&ft=4fUEKMUm8Zmo07Wv5I4jVojoXpWrKsd.&mime_type=video_mp4&qs=0&rc=ZjtlMzk3O2Y6N2Q7NDc8OEBpajM2bG45cnd2MzMzNzczM0AwNTQxMy01XzIxMDZfMy4wYSNsXmhkMmRrYG1hLS1kMTZzcw%3D%3D&btag=e00090000&expire=1752942777&l=202507180031428BC4AC1747C1591D209A&ply_type=2&policy=2&signature=50cd2d666921126587d9e977f81efe99&tk=tt_chain_token,https://www.tiktok.com/thomas_lara/video/7508563238498454789,,2005,176,569,11800,politica‚juventud‚corrupcion‚colombia‚ahora,politica‚juventud‚corrupcion‚colombia‚ahora,,,,Green Screen,
zeeschuimer-export-tiktok.com-2025-07-18T17_45_37.653Z.csv,7153637641592950022,7153637641592950022,yunezchaib,Yunez Chaib,43500,1353,111,https://p77-sign-va.tiktokcdn.com/tos-maliva-avt-0068/7334369839466692614~tplv-tiktokx-cropcenter:100:100.jpeg?dr=14579&refresh_token=28ec26de&x-expires=1752940800&x-signature=W03mLbiBMijVfg7XjFsgP4CwBpE%3D&t=4d5b0474&ps=13740610&shp=a5d48078&shcp=81f88b70&idc=maliva,🇪🇸🇪🇸 día de la hispanidad,Wed Oct 12 2022,1665586060,no,no,sonido original,7153637655086402310,https://v16m.tiktokcdn.com/2cd1d5880e8cff5ba0f9eb43c793c0be/687a772e/video/tos/useast2a/tos-useast2a-v-27dcd7/ca79fa78fb1d4f7591977e9d45daf800/?a=1233&bti=ODszNWYuMDE6&ch=0&cr=0&dr=0&er=0&lr=default&cd=0%7C0%7C0%7C0&br=252&bt=126&ds=5&ft=.NpOcInz7The4ywKXq8Zmo&mime_type=video_mp4&qs=13&rc=M21xZjg6ZjZnZzMzNzU8M0BpM21xZjg6ZjZnZzMzNzU8M0BkYl9ecjRfNDBgLS1kMTZzYSNkYl9ecjRfNDBgLS1kMTZzcw%3D%3D&vvpl=1&l=202507180031428BC4AC1747C1591D209A&btag=e00050000&cc=3,https://p77-sign-va.tiktokcdn.com/tos-maliva-avt-0068/7334369839466692614~tplv-tiktokx-cropcenter:1080:1080.jpeg?dr=14579&refresh_token=1ed80283&x-expires=1752940800&x-signature=62amoyGG9DwOPSvfurzLvRYcTJA%3D&t=4d5b0474&ps=13740610&shp=a5d48078&shcp=81f88b70&idc=maliva,Yunez Chaib,https://v16-webapp-prime.tiktok.com/video/tos/useast2a/tos-useast2a-ve-0068c001/58e5a43fdfc44cbd99093891bc89d029/?a=1988&bti=ODszNWYuMDE6&ch=0&cr=3&dr=0&lr=all&cd=0%7C0%7C0%7C&cv=1&br=1622&bt=811&cs=0&ds=3&ft=4fUEKMUm8Zmo07Wv5I4jVojoXpWrKsd.&mime_type=video_mp4&qs=0&rc=M2lnN2Q4aTg2ODQ4ZGY1N0BpanNwcDw6ZjhnZzMzNzczM0BhNjNgMS0zNjMxYl41YjY2YSNgNS0vcjQwMzBgLS1kMTZzcw%3D%3D&btag=e00090000&expire=1752942766&l=202507180031428BC4AC1747C1591D209A&ply_type=2&policy=2&signature=988aea5e6590a9a5579e60b981fa1092&tk=tt_chain_token,https://www.tiktok.com/yunezchaib/video/7153637641592950022,,24700,220,1902,383700,,,,,🇪🇸🇪🇸🇪🇸,Green Screen,
zeeschuimer-export-tiktok.com-2025-07-18T17_45_37.653Z.csv,7523824799064263967,7523824799064263967,stoleurledger,stole ur ledger,5,504,1,https://p16-sign-va.tiktokcdn.com/tos-maliva-avt-0068/428541675fd3ef92aabcdada419596f3~tplv-tiktokx-cropcenter:100:100.jpeg?dr=14579&refresh_token=888daf87&x-expires=1752940800&x-signature=Rf7cyboS86WNQ%2Bqytz%2Fa2vGBFRE%3D&t=4d5b0474&ps=13740610&shp=a5d48078&shcp=81f88b70&idc=maliva,,Sun Jul 06 2025,1751776988,no,no,Juvenile,6756108403463948289,https://sf16-ies-music-va.tiktokcdn.com/obj/tos-useast2a-ve-2774/oIgUpfOpIEgvYU1B5mntnDlB5MU5QEqfgCpFLZ,https://p16-amd-va.tiktokcdn.com/img/tos-useast2a-v-2774/oQcWPvW1twIsBqAEANyiBwAoqAfiEybhzUpuAD~c5_720x720.jpeg,Weiland,https://v16-webapp-prime.tiktok.com/video/tos/maliva/tos-maliva-ve-0068c799-us/o0qCZ1AKiR9BnC9GBAkZaiNiIQ9BHqgjPVEUE/?a=1988&bti=ODszNWYuMDE6&ch=0&cr=3&dr=0&lr=all&cd=0%7C0%7C0%7C&cv=1&br=2922&bt=1461&cs=0&ds=3&ft=4fUEKMUm8Zmo07Wv5I4jVojoXpWrKsd.&mime_type=video_mp4&qs=0&rc=ZTxlaTZnNDhlaGhmZGQ0Z0BpajVmM3c5cm95NDMzaTczNEA1MjVeLWMzNWMxM15jNWMvYSNgaWhkMmQ0b2hhLS1kMTJzcw%3D%3D&btag=e000b0000&expire=1752942715&l=202507180031428BC4AC1747C1591D209A&ply_type=2&policy=2&signature=34be54a58de43ced02b21516a072dd76&tk=tt_chain_token,https://www.tiktok.com/stoleurledger/video/7523824799064263967,,50,17,3,2187,,,,,@StoleUrLedger,Green Screen,
zeeschuimer-export-tiktok.com-2025-07-18T17_45_37.653Z.csv,7483171850038562081,7483171850038562081,elmundo.es,Somos un periódico,2100000,150,5937,https://p77-sign-va.tiktokcdn.com/tos-maliva-avt-0068/7311156294389809158~tplv-tiktokx-cropcenter:100:100.jpeg?dr=14579&refresh_token=089cf260&x-expires=1752940800&x-signature=3U3wDyQPIe7493pACmJwa4iDPqg%3D&t=4d5b0474&ps=13740610&shp=a5d48078&shcp=81f88b70&idc=maliva,,Tue Mar 18 2025,1742312118,no,no,sonido original,7483173577001274145,https://v77.tiktokcdn.com/f831f1a03fffc32531c8031bff3233f3/687a7717/video/tos/useast2a/tos-useast2a-v-2370-euttp/og9IrvudhBk7tn8Z6LivolMiEB6yJIcfK5AzGM/?a=1233&bti=ODszNWYuMDE6&ch=0&cr=0&dr=0&er=0&lr=default&cd=0%7C0%7C0%7C0&br=250&bt=125&ft=.NpOcInz7The4ywKXq8Zmo&mime_type=audio_mpeg&qs=6&rc=PGg2OTw4ZDhnZzk6PDY8N0BpamhxcXQ5cmhzeTMzZjU8M0BfYDRgYzJeXmIxL182YS9gYSMybWFyMmRjMmBgLS1kMWNzcw%3D%3D&vvpl=1&l=202507180031428BC4AC1747C1591D209A&btag=e00088000&cc=13,https://p77-sign-va.tiktokcdn.com/tos-maliva-avt-0068/7311156294389809158~tplv-tiktokx-cropcenter:1080:1080.jpeg?dr=14579&refresh_token=a9abcb52&x-expires=1752940800&x-signature=lcv9ZXq8QyMG666YwWDjSO6jFtk%3D&t=4d5b0474&ps=13740610&shp=a5d48078&shcp=81f88b70&idc=maliva,Somos un periódico,https://v16-webapp-prime.tiktok.com/video/tos/useast2a/tos-useast2a-ve-4864-euttp/okL7nI3EB0xjMAASoiflCXQqZiY0HzhYk8nAHa/?a=1988&bti=ODszNWYuMDE6&ch=0&cr=3&dr=0&lr=all&cd=0%7C0%7C0%7C&cv=1&br=3102&bt=1551&cs=0&ds=3&ft=4fUEKMUm8Zmo07Wv5I4jVojoXpWrKsd.&mime_type=video_mp4&qs=0&rc=ZDQ4aTs6ZjM1NTtkaGRlOkBpamxrZ3Y5cnVzeTQzZjM2M0BgLy9hNTBiNS4xXmJeY2NeYSNnZjNgMmRzMGBgLS1kLWNzcw%3D%3D&btag=e00088000&expire=1752942743&l=202507180031428BC4AC1747C1591D209A&ply_type=2&policy=2&signature=c6c0639d606cfd0c3a0793a5a4c3a757&tk=tt_chain_token,https://www.tiktok.com/elmundo.es/video/7483171850038562081,,20300,243,3674,138400,,gijon‚nuevayork‚gijón‚asturias,,,,Green Screen,
zeeschuimer-export-tiktok.com-2025-07-18T17_45_37.653Z.csv,7525521776533703958,7525521776533703958,berto.peuve,Berto,709400,12000,2290,https://p77-sign-va.tiktokcdn.com/tos-maliva-avt-0068/337c3f3b2f27a8a4d5b370c8efbc013a~tplv-tiktokx-cropcenter:100:100.jpeg?dr=14579&refresh_token=0f99dfa2&x-expires=1752940800&x-signature=xk4txb1OMoYoS1KM4yCpWwYjsOw%3D&t=4d5b0474&ps=13740610&shp=a5d48078&shcp=81f88b70&idc=maliva,Jovenes de España‚ no os vais a jubilar,Thu Jul 10 2025,1752172083,no,no,sonido original,7525521777789356822,https://v77.tiktokcdn.com/56f5fff41b1f562cd991fa75db53b6c1/687a771a/video/tos/no1a/tos-no1a-v-2370-no/oQBCMjBViALaOBwEAEhLBAFKM9QEEyAfw0A5Qi/?a=1233&bti=ODszNWYuMDE6&ch=0&cr=0&dr=0&er=0&lr=default&cd=0%7C0%7C0%7C0&br=250&bt=125&ds=5&ft=.NpOcInz7The4ywKXq8Zmo&mime_type=audio_mpeg&qs=13&rc=amUzaHc5cmczNDMzbzU8NUBpamUzaHc5cmczNDMzbzU8NUAyXl4zMmRjYGxhLS1kMTFzYSMyXl4zMmRjYGxhLS1kMTFzcw%3D%3D&vvpl=1&l=202507180031428BC4AC1747C1591D209A&btag=e00048000&cc=13,https://p77-sign-va.tiktokcdn.com/tos-maliva-avt-0068/337c3f3b2f27a8a4d5b370c8efbc013a~tplv-tiktokx-cropcenter:1080:1080.jpeg?dr=14579&refresh_token=dca84f6e&x-expires=1752940800&x-signature=0Cl184WxQ%2Ft5FJpoSJ2vsmnyfmE%3D&t=4d5b0474&ps=13740610&shp=a5d48078&shcp=81f88b70&idc=maliva,Berto,https://v16-webapp-prime.tiktok.com/video/tos/no1a/tos-no1a-ve-0068-no/ooaIzhwEEZERAyBBuviEtxiFJAQEqvZIYPNBH/?a=1988&bti=ODszNWYuMDE6&ch=0&cr=3&dr=0&lr=all&cd=0%7C0%7C0%7C&cv=1&br=1702&bt=851&cs=0&ds=3&ft=4fUEKMUm8Zmo07Wv5I4jVojoXpWrKsd.&mime_type=video_mp4&qs=0&rc=aWk5PDZkaDw6ZmRoZGVoM0BpM2lzbGs5cmwzNDMzbzczNUA1Yy8zLjM0X2AxL140NDI2YSNpMDJgMmQ0X2xhLS1kMTFzcw%3D%3D&btag=e00088000&expire=1752942746&l=202507180031428BC4AC1747C1591D209A&ply_type=2&policy=2&signature=c2162dc8f060362b350fd0b8d1950a38&tk=tt_chain_token,https://www.tiktok.com/berto.peuve/video/7525521776533703958,,291800,9503,30400,3200000,,,,,,Green Screen,
zeeschuimer-export-tiktok.com-2025-07-18T17_45_37.653Z.csv,7524676667013401912,7524676667013401912,jovenal.tb,Jovenal Tb,154,1473,270,https://p16-sign-va.tiktokcdn.com/tos-maliva-avt-0068/0ca735b5499be4d8c571b8c385190004~tplv-tiktokx-cropcenter:100:100.jpeg?dr=14579&refresh_token=97a024c7&x-expires=1752940800&x-signature=NJSRcfI837vnvNf2VO5aoSFE1wM%3D&t=4d5b0474&ps=13740610&shp=a5d48078&shcp=81f88b70&idc=maliva,,Tue Jul 08 2025,1751975316,no,no,som original,7524676676073769734,https://v16m.tiktokcdn.com/93542f22cb99bb2c1c2a2f497503a4ab/687a7776/video/tos/useast2a/tos-useast2a-v-27dcd7/oo4tTg8pQESAoACrBC2LdBsIEeGAftEz3ge0Zq/?a=1233&bti=ODszNWYuMDE6&ch=0&cr=0&dr=0&er=0&lr=default&cd=0%7C0%7C0%7C0&br=250&bt=125&ds=5&ft=.NpOcInz7The4ywKXq8Zmo&mime_type=audio_mpeg&qs=13&rc=M3J1d3Q5cjlqNDMzNzU8M0BpM3J1d3Q5cjlqNDMzNzU8M0ByNF9zMmRzX2phLS1kMTZzYSNyNF9zMmRzX2phLS1kMTZzcw%3D%3D&vvpl=1&l=202507180031428BC4AC1747C1591D209A&btag=e00050000&cc=3,https://p77-sign-va.tiktokcdn.com/tos-maliva-avt-0068/0ca735b5499be4d8c571b8c385190004~tplv-tiktokx-cropcenter:1080:1080.jpeg?dr=14579&refresh_token=a0c06019&x-expires=1752940800&x-signature=CoEfWhQE270Z4YciAqx9FoXv56w%3D&t=4d5b0474&ps=13740610&shp=a5d48078&shcp=81f88b70&idc=maliva,Jovenal Tb,https://v16-webapp-prime.tiktok.com/video/tos/useast2a/tos-useast2a-pve-0068/o8aEwiv9a9iU8qBI0QWSQWEQABW8GtOBBFAiB/?a=1988&bti=ODszNWYuMDE6&ch=0&cr=3&dr=0&lr=all&cd=0%7C0%7C0%7C&br=2654&bt=1327&cs=0&ds=3&ft=4fUEKMUm8Zmo07Wv5I4jVojoXpWrKsd.&mime_type=video_mp4&qs=0&rc=ZDk6ZDRkM2Q4M2VlODQ1OUBpM2hqb3Y5cjVqNDMzNzczM0AzNmNhYy1eXmMxYzZjXzAzYSM1L2stMmRrX2phLS1kMTZzcw%3D%3D&btag=e00090000&expire=1752942838&l=202507180031428BC4AC1747C1591D209A&ply_type=2&policy=2&signature=ac18028ae3c7a5eb1a0a16d893df4603&tk=tt_chain_token,https://www.tiktok.com/jovenal.tb/video/7524676667013401912,,4,1,0,242,,,,,,Green Screen,
zeeschuimer-export-tiktok.com-2025-07-18T17_45_37.653Z.csv,7525764157845638406,7525764157845638406,jovenal.tb,Jovenal Tb,154,1473,270,https://p16-sign-va.tiktokcdn.com/tos-maliva-avt-0068/0ca735b5499be4d8c571b8c385190004~tplv-tiktokx-cropcenter:100:100.jpeg?dr=14579&refresh_token=97a024c7&x-expires=1752940800&x-signature=NJSRcfI837vnvNf2VO5aoSFE1wM%3D&t=4d5b0474&ps=13740610&shp=a5d48078&shcp=81f88b70&idc=maliva,#dueto com @Ellaine Delos Santos ,Fri Jul 11 2025,1752228519,yes,no,original sound - •𝗦𝗲𝗶𝗺é,7497537745967975185,https://v16m.tiktokcdn.com/84dfe4daadb3c4c10d718f68e47ad4af/687a7717/video/tos/alisg/tos-alisg-v-27dcd7/owcE8BiAJAgCtMotK11tm7wEBfB5iAAkkAA0kE/?a=1233&bti=ODszNWYuMDE6&ch=0&cr=0&dr=0&er=0&lr=default&cd=0%7C0%7C0%7C0&br=250&bt=125&ds=5&ft=.NpOcInz7The4ywKXq8Zmo&mime_type=audio_mpeg&qs=13&rc=Mzc5Z3Y5cnA8MzMzODU8NEBpMzc5Z3Y5cnA8MzMzODU8NEBiNjZkMmRzaTNhLS1kMS1zYSNiNjZkMmRzaTNhLS1kMS1zcw%3D%3D&vvpl=1&l=202507180031428BC4AC1747C1591D209A&btag=e00048000&cc=3,https://p16-sign-sg.tiktokcdn.com/tos-alisg-avt-0068/344de371221febfeb23942145705e406~tplv-tiktokx-cropcenter:1080:1080.jpeg?dr=14579&refresh_token=5b592e4b&x-expires=1752940800&x-signature=hcJi6ZQeVpJBAdZ8g%2BGt6S5OnY4%3D&t=4d5b0474&ps=13740610&shp=a5d48078&shcp=81f88b70&idc=maliva,•|HYRÖ✓,https://v16-webapp-prime.tiktok.com/video/tos/useast2a/tos-useast2a-ve-0068c004/ooIwEQgrI4OOA2B0tiVUfpXOKF2CPiBokUHqAz/?a=1988&bti=ODszNWYuMDE6&ch=0&cr=3&dr=0&lr=all&cd=0%7C0%7C0%7C&br=1826&bt=913&cs=0&ds=3&ft=4fUEKMUm8Zmo07Wv5I4jVojoXpWrKsd.&mime_type=video_mp4&qs=0&rc=cnF8b2hsc2d3SkBwaHIxaDFybndmMzpoaDVpOjU3ZGdmPDxlOEBpMzxzbXA5cjpoNDMzNzczM0BjRl5Nc3FePmJKYSNvYF90aHFmOiMwXy4xYDUxNTQxMy0xMTVjYSMyNmVqMmRzMmxhLS1kMTZzcw%3D%3D&btag=e000b8000&expire=1752942718&l=202507180031428BC4AC1747C1591D209A&ply_type=2&policy=2&signature=b117ef7cdf1dff7a53c166c0ab70e38c&tk=tt_chain_token,https://www.tiktok.com/jovenal.tb/video/7525764157845638406,,4,0,0,118,dueto,dueto,,,,Green Screen,
zeeschuimer-export-tiktok.com-2025-07-18T17_45_37.653Z.csv,7358696067594013957,7358696067594013957,marilenesampaio67,Marilene Sampaio 🥰,13500,2600,1044,https://p16-sign-va.tiktokcdn.com/tos-maliva-avt-0068/3e17a74b945d4c718b1a05a6be15be17~tplv-tiktokx-cropcenter:100:100.jpeg?dr=14579&refresh_token=139faceb&x-expires=1752940800&x-signature=39IPsCYAoYSdwEUB1CxCstQ%2Frfg%3D&t=4d5b0474&ps=13740610&shp=a5d48078&shcp=81f88b70&idc=maliva,Alguém viu o Juvenal? #tiktok #meme #humor #juvenal ,Wed Apr 17 2024,1713329947,no,no,som original,7358696086790097669,https://v16m.tiktokcdn.com/030df58fb8f8f306860fca0e445b10a4/687a76f9/video/tos/useast2a/tos-useast2a-v-27dcd7/oMfuIFCMCgAIxAT6AIZxeAcEf5uGPL74qSQVyo/?a=1233&bti=ODszNWYuMDE6&ch=0&cr=0&dr=0&er=0&lr=default&cd=0%7C0%7C0%7C0&br=254&bt=127&ds=5&ft=.NpOcInz7The4ywKXq8Zmo&mime_type=audio_mpeg&qs=13&rc=amg3d3g5cjpvcjMzNzU8M0Bpamg3d3g5cjpvcjMzNzU8M0BiZG9zMmQ0YmNgLS1kMTZzYSNiZG9zMmQ0YmNgLS1kMTZzcw%3D%3D&vvpl=1&l=202507180031428BC4AC1747C1591D209A&btag=e00070000&cc=3,https://p77-sign-va.tiktokcdn.com/tos-maliva-avt-0068/3e17a74b945d4c718b1a05a6be15be17~tplv-tiktokx-cropcenter:1080:1080.jpeg?dr=14579&refresh_token=b6114a90&x-expires=1752940800&x-signature=BS85GmcTzLGLGKX8J7jjXtc5Nio%3D&t=4d5b0474&ps=13740610&shp=a5d48078&shcp=81f88b70&idc=maliva,Marilene Sampaio 🥰,https://v16-webapp-prime.tiktok.com/video/tos/maliva/tos-maliva-ve-0068c801-us/o8CTCMqCXo1IIWLjkfIgyMASvVgeoRUfdAPQyG/?a=1988&bti=ODszNWYuMDE6&ch=0&cr=3&dr=0&lr=all&cd=0%7C0%7C0%7C&cv=1&br=1968&bt=984&cs=0&ds=3&ft=4fUEKMUm8Zmo07Wv5I4jVojoXpWrKsd.&mime_type=video_mp4&qs=0&rc=aTQ6Mzc3PDNmOTs4aTg5N0BpM2lpd285cmRvcjMzNzczM0BgXjAtMjVgNi0xY2A1MGAzYSNuaDQvMmQ0YWNgLS1kMTZzcw%3D%3D&btag=e000b0000&expire=1752942713&l=202507180031428BC4AC1747C1591D209A&ply_type=2&policy=2&signature=9f03d670410edcf51de1f71c75b1632f&tk=tt_chain_token,https://www.tiktok.com/marilenesampaio67/video/7358696067594013957,,40,2,82,8241,tiktok‚meme‚humor‚juvenal,tiktok‚Meme‚humor‚juvenal,,,,Green Screen,
zeeschuimer-export-tiktok.com-2025-07-18T17_45_37.653Z.csv,7514363628196334904,7514363628196334904,doctor_80s,Dr. 80s,124000,253700,386,https://p16-sign-va.tiktokcdn.com/tos-maliva-avt-0068/fc7fa7f2421f22e84a7020609c469d77~tplv-tiktokx-cropcenter:100:100.jpeg?dr=14579&refresh_token=0ce074cc&x-expires=1752940800&x-signature=shIawzRTY2T6zVYfNBtMlTp4jKQ%3D&t=4d5b0474&ps=13740610&shp=a5d48078&shcp=81f88b70&idc=maliva,(Pedido) Pequelandia por UCV canal 5 #Recuerdos #Nostalgia #pequelandia #canal5  #dibujosanimadosdelos80 #lamaquinadeltiempo #pipiripao #UCVTV #seriesdelos80  #televisiondelos80 #chileenlos80 #los80 #tvchile #infanciafeliz #viral #doctor80s,Tue Jun 10 2025,1749574126,no,no,sonido original,7514363628918311685,https://v16m.tiktokcdn.com/0900ec6649bd26e2c3f1d3d2a151eb33/687a7727/video/tos/useast2a/tos-useast2a-v-27dcd7/oACvEhkk4LEAUoMAQQIGEee4QAUegPH0CShl2T/?a=1233&bti=ODszNWYuMDE6&ch=0&cr=0&dr=0&er=0&lr=default&cd=0%7C0%7C0%7C0&br=250&bt=125&ds=5&ft=.NpOcInz7The4ywKXq8Zmo&mime_type=audio_mpeg&qs=13&rc=Mzw6bWs5cnY5NDMzNzU8M0BpMzw6bWs5cnY5NDMzNzU8M0A0bzUvMmRrMDFhLS1kMTZzYSM0bzUvMmRrMDFhLS1kMTZzcw%3D%3D&vvpl=1&l=202507180031428BC4AC1747C1591D209A&btag=e00048000&cc=3,https://p16-sign-va.tiktokcdn.com/tos-maliva-avt-0068/fc7fa7f2421f22e84a7020609c469d77~tplv-tiktokx-cropcenter:1080:1080.jpeg?dr=14579&refresh_token=784ad704&x-expires=1752940800&x-signature=Gv2zWsxLr81AheXHoSod2LEtRtA%3D&t=4d5b0474&ps=13740610&shp=a5d48078&shcp=81f88b70&idc=maliva,Dr. 80s,,https://www.tiktok.com/doctor_80s/video/7514363628196334904,,43,2,3,1485,recuerdos‚nostalgia‚pequelandia‚canal5‚dibujosanimadosdelos80‚lamaquinadeltiempo‚pipiripao‚ucvtv‚seriesdelos80‚televisiondelos80‚chileenlos80‚los80‚tvchile‚infanciafeliz‚viral‚doctor80s,recuerdos‚nostalgia‚pequelandia‚canal5‚dibujosanimadosdelos80‚lamaquinadeltiempo‚pipiripao‚ucvtv‚seriesdelos80‚televisiondelos80‚chileenlos80‚los80‚tvchile‚infanciafeliz‚Viral‚doctor80s,,,Pequelandia ‚@DOCTOR.80S ‚Pequelandia     Por UCV     CANAL 5,Green Screen,
zeeschuimer-export-tiktok.com-2025-07-18T17_45_37.653Z.csv,7415821827248868613,7415821827248868613,luiferjuniorista_,Luifer Juniorista,45100,48200,545,https://p16-sign-sg.tiktokcdn.com/tos-alisg-avt-0068/32433e2b29e7efd14446e16c9b407618~tplv-tiktokx-cropcenter:100:100.jpeg?dr=14579&refresh_token=6bb81951&x-expires=1752940800&x-signature=BL6oVUg6moBOZkuubAacupEtxIw%3D&t=4d5b0474&ps=13740610&shp=a5d48078&shcp=81f88b70&idc=maliva,las jugadoras holandesas compartieron con los niños caleños humildad ante todo #niños #cali #holanda #femeninas #mundial #colombia🇨🇴 #viraltiktok ,Wed Sep 18 2024,1726630576,no,no,Dejando Huella,6831984865479526401,https://sf16-ies-music-va.tiktokcdn.com/obj/tos-useast2a-ve-2774/5782d57443ab47418b37e6f020e5263f,https://p16-amd-va.tiktokcdn.com/img/tos-useast2a-v-2774/dd90bae0a2714e92819fe6a84253e3ea~c5_720x720.jpeg,Martinez Labrador,https://webapp-va.tiktok.com/c13ddb5e165395dc89ebdf53473b7b02/687bc883/kmoat/mps/logo/v2/r/p/v09044g40000crl4fgnog65ujhdmpr9g/e5562cdccb1b4da08146b4a5511d8d3c/816bfe6578919611d6a730fa374ea8c4/mp4/main.mp4?a=1988&bti=ODszNWYuMDE6&ch=0&cr=3&dr=0&lr=all&cd=0%7C0%7C0%7C&cv=1&br=0&bt=0&cs=0&ds=3&eid=1286&ft=piBEGMUm8Zmo07Wv5I4jVojoXpWrKsd.&mime_type=video_mp4&qs=0&rc=cnF8b2hsc2d3SkBwaHIxaDFybndmZmdnNDg3OTQzZ2VlZmY5OEBpanVwa3g5cmo3dTMzNzczM0BjRl5Nc3FePmJKYSNvYF90aHFmOiMwNS4yXl8xNV4xLmBhLzJiYSM2bWFnMmRrY2lgLS1kMTZzcw%3D%3D&btag=e000b8000&definition=720p&du=20&item_id=7415821827248868613&l=202507180031428BC4AC1747C1591D209A&logo_type=tiktok_m&ply_type=2&policy=eyJ2bSI6MiwiY2siOiJ0dF9jaGFpbl90b2tlbiJ9&user_text=luiferjuniorista_,https://www.tiktok.com/luiferjuniorista_/video/7415821827248868613,,336,9,7,6377,niños‚cali‚holanda‚femeninas‚mundial‚colombia🇨🇴‚viraltiktok,niños‚cali‚holanda‚femeninas‚mundial‚colombia🇨🇴‚viraltiktok,,,Las jugadores holandesas se tomaron fotos y compartieron con los niños caleños humildad ante todo 🥹🙏,Green Screen,
zeeschuimer-export-tiktok.com-2025-07-18T17_45_37.653Z.csv,7527726744808295686,7527726744808295686,tiomierdad.com,Tiomierdad,5334,44,10,https://p16-sign-sg.tiktokcdn.com/tos-alisg-avt-0068/506354cd0d8f2a8b5c9be9e663be398e~tplv-tiktokx-cropcenter:100:100.jpeg?dr=14579&refresh_token=f57c7843&x-expires=1752940800&x-signature=%2FU1sBUqi3DLK3SQG93b1x%2FHIypI%3D&t=4d5b0474&ps=13740610&shp=a5d48078&shcp=81f88b70&idc=maliva,El Dólar Tiembl@: BRICS lanza su canal terrestre Una nueva ruta comercial que deja a EE.UU. fuera del juego. #BRICS #Dólar #Trump #Geopolítica #CanalTerrestre #Brasil #China #EconomíaGlobal #FinDelDólar #LatinoaméricaDespierta,Wed Jul 16 2025,1752685469,no,no,Suspenseful and tense orchestra(1318015),7146319288964483074,https://sf16-ies-music-va.tiktokcdn.com/obj/tos-useast2a-ve-2774/aadd62c0a7834b87adcc68fca28a093a,https://p16-amd-va.tiktokcdn.com/img/tos-useast2a-v-2774/d66bf55f10ae4fc4960059203f520c35~c5_720x720.jpeg,SoLaTiDo,https://v16-webapp-prime.tiktok.com/video/tos/useast2a/tos-useast2a-ve-0068c001/oMuKEBAFuIP2dRQQfKEddtE9RW8CDfTBJinog3/?a=1988&bti=ODszNWYuMDE6&ch=0&cr=3&dr=0&lr=all&cd=0%7C0%7C0%7C&cv=1&br=3226&bt=1613&cs=0&ds=3&ft=4fUEKMUm8Zmo07Wv5I4jVojoXpWrKsd.&mime_type=video_mp4&qs=0&rc=Nmk7aDY4O2k0ZmU8NDxmaUBpM3d0cnU5cmp3NDMzNzczM0A0MmEuXzE1XzYxMi9fNmFfYSNfcDJjMmRram9hLS1kMTZzcw%3D%3D&btag=e00088000&expire=1752942755&l=202507180031428BC4AC1747C1591D209A&ply_type=2&policy=2&signature=b31d92ad34d61611842001490f8a905b&tk=tt_chain_token,https://www.tiktok.com/tiomierdad.com/video/7527726744808295686,,8044,299,1158,216500,brics‚dólar‚trump‚geopolítica‚canalterrestre‚brasil‚china‚economíaglobal‚findeldólar‚latinoaméricadespierta,brics‚dólar‚trump‚geopolítica‚canalterrestre‚brasil‚china‚economíaglobal‚findeldólar‚latinoaméricadespierta,,,,Green Screen,
zeeschuimer-export-tiktok.com-2025-07-18T17_45_37.653Z.csv,7425034167085288710,7425034167085288710,moiguiquita,moiguiquita,999500,20000,708,https://p16-sign-va.tiktokcdn.com/tos-maliva-avt-0068/b9b40d6859f5da633eb2eb446e00e9d9~tplv-tiktokx-cropcenter:100:100.jpeg?dr=14579&refresh_token=518d4988&x-expires=1752940800&x-signature=8r97e1T0RihXD0JnwU4TtmfJQWc%3D&t=4d5b0474&ps=13740610&shp=a5d48078&shcp=81f88b70&idc=maliva,Feliz dia de la resistencia indigena💪🏽 Concepto: @luzia ,Sun Oct 13 2024,1728775498,no,no,sonido original,7425034207234067206,https://v77.tiktokcdn.com/22770513cd2f2fe01b2b1dd6a99f91bd/687a76fc/video/tos/useast2a/tos-useast2a-v-27dcd7/ogLVEJEfNDCUBoA0AwFnBJnAAUWQ2BsCEcfELE/?a=1233&bti=ODszNWYuMDE6&ch=0&cr=0&dr=0&er=0&lr=default&cd=0%7C0%7C0%7C0&br=250&bt=125&ds=5&ft=.NpOcInz7The4ywKXq8Zmo&mime_type=audio_mpeg&qs=13&rc=M3BrdG05cm1qdjMzNzU8M0BpM3BrdG05cm1qdjMzNzU8M0AvYTBzMmRjXjJgLS1kMTZzYSMvYTBzMmRjXjJgLS1kMTZzcw%3D%3D&vvpl=1&l=202507180031428BC4AC1747C1591D209A&btag=e00070000&cc=13,https://p16-sign-va.tiktokcdn.com/tos-maliva-avt-0068/b9b40d6859f5da633eb2eb446e00e9d9~tplv-tiktokx-cropcenter:1080:1080.jpeg?dr=14579&refresh_token=0f4c2c00&x-expires=1752940800&x-signature=KSKiRiyYhUxmtzed7MguN0LriyI%3D&t=4d5b0474&ps=13740610&shp=a5d48078&shcp=81f88b70&idc=maliva,moiguiquita,https://v16-webapp-prime.tiktok.com/video/tos/useast2a/tos-useast2a-pve-0068/oMuWxepIvEjtgIWQeCLOACwGgcSDCCPwegFIav/?a=1988&bti=ODszNWYuMDE6&ch=0&cr=3&dr=0&lr=all&cd=0%7C0%7C0%7C&cv=1&br=1652&bt=826&cs=0&ds=3&ft=4fUEKMUm8Zmo07Wv5I4jVojoXpWrKsd.&mime_type=video_mp4&qs=0&rc=NzRpOGg0M2Q0OzZpMzhlNEBpM3F0anU5cmhqdjMzNzczM0A2YDItMTQyNmMxNTYyYzA0YSM0bmZzMmQ0XjJgLS1kMTZzcw%3D%3D&btag=e000b0000&expire=1752942716&l=202507180031428BC4AC1747C1591D209A&ply_type=2&policy=2&signature=30bf3cd73faab0b415c6db87cbecb25e&tk=tt_chain_token,https://www.tiktok.com/moiguiquita/video/7425034167085288710,,652200,9385,19200,4100000,,,,,,Green Screen,
zeeschuimer-export-tiktok.com-2025-07-18T17_45_37.653Z.csv,7526848309965638934,7526848309965638934,geovannyv425,Geovanny,15100,2745,45,https://p16-sign-va.tiktokcdn.com/tos-maliva-avt-0068/7cbefdeef248961c2a6018540bdfaf28~tplv-tiktokx-cropcenter:100:100.jpeg?dr=14579&refresh_token=f50e644d&x-expires=1752940800&x-signature=wyefwh%2BxQGl4kw6B3RdtWj5ifnA%3D&t=4d5b0474&ps=13740610&shp=a5d48078&shcp=81f88b70&idc=maliva,#hospitalet#farga #hospitaletdellobregat #viralvideos #fyp#,Mon Jul 14 2025,1752480944,no,no,sonido original,7526848281717017366,https://v16m.tiktokcdn.com/864442e93cc60d586ad0570560c993b8/687a76fd/video/tos/no1a/tos-no1a-v-2370-no/oIKOL1eGIQCVTrQoGeIsH6mXSDWEeIlALAAjQA/?a=1233&bti=ODszNWYuMDE6&ch=0&cr=0&dr=0&er=0&lr=default&cd=0%7C0%7C0%7C0&br=250&bt=125&ds=5&ft=.NpOcInz7The4ywKXq8Zmo&mime_type=audio_mpeg&qs=13&rc=anNvcmo5cmZlNDMzbzU8NUBpanNvcmo5cmZlNDMzbzU8NUBpaXFkMmRjbW5hLS1kMTFzYSNpaXFkMmRjbW5hLS1kMTFzcw%3D%3D&vvpl=1&l=202507180031428BC4AC1747C1591D209A&btag=e00070000&cc=3,https://p77-sign-va.tiktokcdn.com/tos-maliva-avt-0068/7cbefdeef248961c2a6018540bdfaf28~tplv-tiktokx-cropcenter:1080:1080.jpeg?dr=14579&refresh_token=6864cbac&x-expires=1752940800&x-signature=H64T%2FNVAFS%2FrChq0HAgi0bp%2Fhm0%3D&t=4d5b0474&ps=13740610&shp=a5d48078&shcp=81f88b70&idc=maliva,Geovanny,https://v16-webapp-prime.tiktok.com/video/tos/no1a/tos-no1a-ve-0068c001-no/osgeF6fDkIq7RboE3vuLFdXL0BLArEu3FQDjEg/?a=1988&bti=ODszNWYuMDE6&ch=0&cr=3&dr=0&lr=all&cd=0%7C0%7C0%7C&cv=1&br=4400&bt=2200&cs=0&ds=3&ft=4fUEKMUm8Zmo07Wv5I4jVojoXpWrKsd.&mime_type=video_mp4&qs=0&rc=aWk1OjpnN2g1Njk0N2U0N0BpanE8eW85cjtlNDMzbzczNUAuYV4xYjYxXjYxMV81MzIxYSMyamthMmRza25hLS1kMTFzcw%3D%3D&btag=e000b0000&expire=1752942717&l=202507180031428BC4AC1747C1591D209A&ply_type=2&policy=2&signature=40f325e241d75de0b088410570284531&tk=tt_chain_token,https://www.tiktok.com/geovannyv425/video/7526848309965638934,,172,0,68,21200,hospitalet‚farga‚hospitaletdellobregat‚viralvideos‚fyp,hospitalet‚farga‚hospitaletdellobregat‚viralvideos‚fyp,,,🇪🇸🇪🇸,Green Screen,
zeeschuimer-export-tiktok.com-2025-07-18T17_45_37.653Z.csv,7525838752132910342,7525838752132910342,marloncubillos_,marloncubillos_,1615,3406,334,https://p16-sign-va.tiktokcdn.com/tos-maliva-avt-0068/0856bd177d1191400d64934a57d8db8f~tplv-tiktokx-cropcenter:100:100.jpeg?dr=14579&refresh_token=63db84e2&x-expires=1752940800&x-signature=mMkQYeSrQWn6Z4l6hKlObKL2FRg%3D&t=4d5b0474&ps=13740610&shp=a5d48078&shcp=81f88b70&idc=maliva,💙 Los valores del conservatismo también son valores para los jóvenes El Partido Conservador se alista con sus candidatos al Consejo Municipal de Juventud. Este 19 de octubre acompaña a nuestra lista y demuestra que los jóvenes también cuentan‚ sueñan y deciden. 🙌 Toma la mejor decisión y vota por el CMJ del Partido Conservador en Cali. ¡Porque juntos construimos una juventud más activa‚ con principios y visión de futuro! #CaliEsMásJuventud #PartidoConservadorColombiano #CMJ  #CaliCo,Fri Jul 11 2025,1752245885,no,no,original sound - marloncubillos_,7525838777525603128,https://v16m.tiktokcdn.com/90a25e772f3c9d2203da965f1e1ecdde/687a7715/video/tos/useast2a/tos-useast2a-v-27dcd7/o0QlbAISSHUiaogBmUJlC4VkMPXCxJmxskOEi/?a=1233&bti=ODszNWYuMDE6&ch=0&cr=0&dr=0&er=0&lr=default&cd=0%7C0%7C0%7C0&br=250&bt=125&ft=.NpOcInz7The4ywKXq8Zmo&mime_type=audio_mpeg&qs=6&rc=aDxpOzRlZmU0NDg1ZDQ6M0BpamZkPHI5cjNsNDMzNzU8M0AxXzQzNmItX2AxMmExMmJjYSNeYS1eMmQ0YWxhLS1kMTZzcw%3D%3D&vvpl=1&l=202507180031428BC4AC1747C1591D209A&btag=e00088000&cc=3,https://p16-sign-va.tiktokcdn.com/tos-maliva-avt-0068/0856bd177d1191400d64934a57d8db8f~tplv-tiktokx-cropcenter:1080:1080.jpeg?dr=14579&refresh_token=72a122d2&x-expires=1752940800&x-signature=BsW0AD8iquiRJk%2FDOP8RwkFAmFA%3D&t=4d5b0474&ps=13740610&shp=a5d48078&shcp=81f88b70&idc=maliva,marloncubillos_,https://v16-webapp-prime.tiktok.com/video/tos/useast2a/tos-useast2a-ve-0068c004/ooABgf4iNIoIfBnihjDSdQIqJciVEWFQTbcCUE/?a=1988&bti=ODszNWYuMDE6&ch=0&cr=3&dr=0&lr=all&cd=0%7C0%7C0%7C&cv=1&br=7338&bt=3669&cs=0&ds=3&ft=4fUEKMUm8Zmo07Wv5I4jVojoXpWrKsd.&mime_type=video_mp4&qs=0&rc=aThmOWQ2NjQ3ZDczNzk1ZEBpM3ZyM2o5cjVsNDMzNzgzM0BiNV8uNWIuNTIxXzYxLS4yYSMycWVmMmQ0X2xhLS1kLzZzcw%3D%3D&btag=e00088000&expire=1752942741&l=202507180031428BC4AC1747C1591D209A&ply_type=2&policy=2&signature=320b5c5ab56f546957585c781f569f5d&tk=tt_chain_token,https://www.tiktok.com/marloncubillos_/video/7525838752132910342,,33,0,5,1280,,,,,,Green Screen,
zeeschuimer-export-tiktok.com-2025-07-18T17_45_37.653Z.csv,7511061010690641158,7511061010690641158,somos.lideres_,SOMOS,339,7,2,https://p16-sign-sg.tiktokcdn.com/tos-alisg-avt-0068/3e987b472e2758de67f1621d70554dbf~tplv-tiktokx-cropcenter:100:100.jpeg?dr=14579&refresh_token=9b0196fb&x-expires=1752940800&x-signature=Sd2QRgwF88Vrw2GbS5DukGQx7rY%3D&t=4d5b0474&ps=13740610&shp=a5d48078&shcp=81f88b70&idc=maliva,¿Sabes qué es el Consejo Municipal de Juventud? 💜🧡 Si aún no lo conoces‚ aquí te contamos en qué consiste este espacio de participación creado para las juventudes. Un escenario que hoy más que nunca necesita ser renovado‚ reinventado y reformado. ¡SOMOS impacto joven! 💜🧡.     #jovenes #Funza #cundinamarca #mosquera #cultura #diversidad #participacionciudadana ,Sun Jun 01 2025,1748805176,no,no,sonido original,7511061015678667576,https://v16m.tiktokcdn.com/836cb349c2317afa63d87ef5f4783fec/687a770c/video/tos/useast2a/tos-useast2a-v-27dcd7/osl8C8aBi6upaOADAAnAydQErJmvADiUSUEjG/?a=1233&bti=ODszNWYuMDE6&ch=0&cr=0&dr=0&er=0&lr=default&cd=0%7C0%7C0%7C0&br=250&bt=125&ds=5&ft=.NpOcInz7The4ywKXq8Zmo&mime_type=audio_mpeg&qs=13&rc=Mzo8M3Q5cmhkMzMzNzU8M0BpMzo8M3Q5cmhkMzMzNzU8M0Beb29rMmRrYHJhLS1kMTZzYSNeb29rMmRrYHJhLS1kMTZzcw%3D%3D&vvpl=1&l=202507180031428BC4AC1747C1591D209A&btag=e00078000&cc=3,https://p16-sign-sg.tiktokcdn.com/tos-alisg-avt-0068/3e987b472e2758de67f1621d70554dbf~tplv-tiktokx-cropcenter:1080:1080.jpeg?dr=14579&refresh_token=bf2f0ba8&x-expires=1752940800&x-signature=jU%2FNyD4v%2BpFmuvT4biAv%2F7QJUhU%3D&t=4d5b0474&ps=13740610&shp=a5d48078&shcp=81f88b70&idc=maliva,SOMOS,https://webapp-va.tiktok.com/8d5e53e9d5944d9f9e9697a422b267a2/687bc88c/kmoat/mps/logo/v2/r/p/v09044g40000d0uaasvog65m9q38502g/04abdbab65ad4e4e9f1e23aaab1360c4/8d4b07f6db63484241834670526e2319/mp4/main.mp4?a=1988&bti=ODszNWYuMDE6&ch=0&cr=3&dr=0&lr=all&cd=0%7C0%7C0%7C&cv=1&br=0&bt=0&cs=0&ds=3&eid=1286&ft=piBEGMUm8Zmo07Wv5I4jVojoXpWrKsd.&mime_type=video_mp4&qs=0&rc=cnF8b2hsc2d3SkBwaHIxaDFybndmNzM2ZWQ2aGloaGc4ZWVlN0BpajM7dHA5cnZkMzMzNzczM0BjRl5Nc3FePmJKYSNvYF90aHFmOiNgMy5eXi8uNjExXjNeYV4tYSMvMjA2MmRzXnJhLS1kMTZzcw%3D%3D&btag=e000b8000&definition=720p&du=29&item_id=7511061010690641158&l=202507180031428BC4AC1747C1591D209A&logo_type=tiktok_m&ply_type=2&policy=eyJ2bSI6MiwiY2siOiJ0dF9jaGFpbl90b2tlbiJ9&user_text=somos.lideres_,https://www.tiktok.com/somos.lideres_/video/7511061010690641158,,2507,40,450,28200,jovenes‚funza‚cundinamarca‚mosquera‚cultura‚diversidad‚participacionciudadana,jovenes‚funza‚cundinamarca‚mosquera‚cultura‚diversidad‚participacionciudadana,,,Colombia ‚Participación ‚Votaciones ‚Cultura ‚Juventud ‚Diversidad ‚Mosquera ‚Funza ‚Cundinamarca ‚Bogotá ,Green Screen,
zeeschuimer-export-tiktok.com-2025-07-18T17_45_37.653Z.csv,7526729702086675768,7526729702086675768,maritza.alvarez675,Maritza Alvarez 👩🏼‍🦱,1042,46,53,https://p16-sign-sg.tiktokcdn.com/tos-alisg-avt-0068/d00331e875fd7007563e30d88b614090~tplv-tiktokx-cropcenter:100:100.jpeg?dr=14579&refresh_token=e2e90570&x-expires=1752940800&x-signature=8i41NgUnNKkYISfmM0KdJq5pIt4%3D&t=4d5b0474&ps=13740610&shp=a5d48078&shcp=81f88b70&idc=maliva,📢📢Tenemos nuevas noticias!🎉🎉🎉 Desde Silvania📢 📢Estan presente nuestros candidatos. @partidomira💙💙💙💙 📝📝Te esperamos este 19 octubre para las elecciones de consejo municipal 📝📝 Ⓜ️💙🌍 Juntos‚ por la juventud 📍 @Xiomy Moreno @JuanCc_V @Duyoner Tauta @Consejero Juan Camilo @Lina Almonacid  #Eleciones2025 #JuventudesMIRA  #juventudesmira  #SoyJovenMiraista  #CundinamarcaMIRAtusCMJ,Mon Jul 14 2025,1752453329,no,no,original sound,7526729696837061382,https://v16m.tiktokcdn.com/b1bea1c99d718462855b50fef23070e0/687a76f7/video/tos/useast2a/tos-useast2a-v-27dcd7/oQIJDJoCFeELWSQoDBIw3dFD7AABMQfgEoUAja/?a=1233&bti=ODszNWYuMDE6&ch=0&cr=0&dr=0&er=0&lr=default&cd=0%7C0%7C0%7C0&br=250&bt=125&ds=5&ft=.NpOcInz7The4ywKXq8Zmo&mime_type=audio_mpeg&qs=13&rc=M3Vzdmo5cm44NDMzNzU8M0BpM3Vzdmo5cm44NDMzNzU8M0BoZGAvMmRrLm5hLS1kMTZzYSNoZGAvMmRrLm5hLS1kMTZzcw%3D%3D&vvpl=1&l=202507180031428BC4AC1747C1591D209A&btag=e00070000&cc=3,https://p16-sign-sg.tiktokcdn.com/tos-alisg-avt-0068/d00331e875fd7007563e30d88b614090~tplv-tiktokx-cropcenter:1080:1080.jpeg?dr=14579&refresh_token=6c146268&x-expires=1752940800&x-signature=rcRrDd64B00xbgwcj3Tldp3lFfc%3D&t=4d5b0474&ps=13740610&shp=a5d48078&shcp=81f88b70&idc=maliva,Maritza Alvarez 👩🏼‍🦱,https://v16-webapp-prime.tiktok.com/video/tos/useast2a/tos-useast2a-ve-0068c003/oMihNB80OAvGgzXQi8pi9IUAkx0fEYCVCdFoIB/?a=1988&bti=ODszNWYuMDE6&ch=0&cr=3&dr=0&lr=all&cd=0%7C0%7C0%7C&cv=1&br=2630&bt=1315&cs=0&ds=3&ft=4fUEKMUm8Zmo07Wv5I4jVojoXpWrKsd.&mime_type=video_mp4&qs=0&rc=PDppPDU4aDM0Mzw2aWhlOEBpam07dHY5cmU4NDMzNzczM0A0MDI1MmAvNi4xNmNgLjBfYSMvYTViMmRzLm5hLS1kMTZzcw%3D%3D&btag=e000b0000&expire=1752942711&l=202507180031428BC4AC1747C1591D209A&ply_type=2&policy=2&signature=e4a1e96a073cac2bad9bbeb99fa851a8&tk=tt_chain_token,https://www.tiktok.com/maritza.alvarez675/video/7526729702086675768,,183,5,16,1526,eleciones2025‚juventudesmira‚juventudesmira‚soyjovenmiraista‚cundinamarcamiratuscmj,eleciones2025‚juventudesmira‚soyjovenmiraista‚cundinamarcamiratuscmj,,,,Green Screen,
zeeschuimer-export-tiktok.com-2025-07-18T17_45_37.653Z.csv,7416402757671750944,7416402757671750944,dw_espanol,DW Español,1000000,564,3490,https://p16-sign-useast2a.tiktokcdn.com/tos-useast2a-avt-0068-euttp/b8cd8b84a2571240b4b2685f8a82b859~tplv-tiktokx-cropcenter:100:100.jpeg?dr=14579&refresh_token=ffc2e3aa&x-expires=1752940800&x-signature=Z6TbLqvbfVsGVy36ybWj%2FTcyN4s%3D&t=4d5b0474&ps=13740610&shp=a5d48078&shcp=81f88b70&idc=maliva,"Un videojuego en el que ganas puntos “deportando a migrantes” o acabando con homosexuales   Lo ha desarrollado el ala joven del partido de ultraderecha Alternativa para Alemania y el objetivo es ""salvar a Alemania"" de lo que ellos ven como amenazas: el movimiento LGBTQ‚ la migración y el ecologismo.   Con este juego racista la “Alternativa Joven” hizo campaña para su partido antes de las elecciones en tres estados del este de Alemania.   El grupo es más radical que el partido principal. La Oficina para la Protección de la Constitución lo considera un grupo de ""extrema derecha"" por sus ideas xenófobas y por ir en contra de los valores democráticos.",Thu Sep 19 2024,1726765833,no,no,sonido original,7416402778183502625,https://v16m.tiktokcdn.com/d4db62d10b740705bbf421d02d3f4b5f/687a773f/video/tos/useast2a/tos-useast2a-v-2370-euttp/ogWAhBZuT0ADwiaAMibrD1YE4CsAPlxZwwv8E/?a=1233&bti=ODszNWYuMDE6&ch=0&cr=0&dr=0&er=0&lr=default&cd=0%7C0%7C0%7C0&br=250&bt=125&ds=5&ft=.NpOcInz7The4ywKXq8Zmo&mime_type=audio_mpeg&qs=13&rc=M2VrdXI5cjY4dTMzZjU8M0BpM2VrdXI5cjY4dTMzZjU8M0BhZW1gMmQ0ampgLS1kMWNzYSNhZW1gMmQ0ampgLS1kMWNzcw%3D%3D&vvpl=1&l=202507180031428BC4AC1747C1591D209A&btag=e00050000&cc=3,https://p16-sign-useast2a.tiktokcdn.com/tos-useast2a-avt-0068-euttp/b8cd8b84a2571240b4b2685f8a82b859~tplv-tiktokx-cropcenter:1080:1080.jpeg?dr=14579&refresh_token=8829357b&x-expires=1752940800&x-signature=N2aIwSRM6kZNBrfA6TTliVRuecg%3D&t=4d5b0474&ps=13740610&shp=a5d48078&shcp=81f88b70&idc=maliva,DW Español,https://v16-webapp-prime.tiktok.com/video/tos/useast2a/tos-useast2a-ve-0068c001-euttp/oUfI1aXfgiQIeb2ErZgGeGsjUpALARLgm80NRS/?a=1988&bti=ODszNWYuMDE6&ch=0&cr=3&dr=0&lr=all&cd=0%7C0%7C0%7C&cv=1&br=1950&bt=975&cs=0&ds=3&ft=4fUEKMUm8Zmo07Wv5I4jVojoXpWrKsd.&mime_type=video_mp4&qs=0&rc=N2k8Nzw3aTs8ZzdoOzM0ZEBpanRvPG45cjg4dTMzZjczM0BhMS0uMl81NWIxNi80YjQtYSNxXzIxMmQ0aWpgLS1kMWNzcw%3D%3D&btag=e00090000&expire=1752942783&l=202507180031428BC4AC1747C1591D209A&ply_type=2&policy=2&signature=f88d3d39e47bbba954ee3c903a88af4d&tk=tt_chain_token,https://www.tiktok.com/dw_espanol/video/7416402757671750944,,98900,6606,63200,905000,,,,,JUGAR   A DEPORTAR,Green Screen,
zeeschuimer-export-tiktok.com-2025-07-18T17_45_37.653Z.csv,7524089324212718854,7524089324212718854,enzormusic,𝙀𝙣𝙯𝙤 𝙍𝙈𝙪𝙨𝙞𝙘,183300,25700,1228,https://p16-sign-va.tiktokcdn.com/tos-maliva-avt-0068/7b3cb4231090500577e10f8827c1a50d~tplv-tiktokx-cropcenter:100:100.jpeg?dr=14579&refresh_token=11a14515&x-expires=1752940800&x-signature=Tba4TuV4camSiMuhXAE2JCPFmM8%3D&t=4d5b0474&ps=13740610&shp=a5d48078&shcp=81f88b70&idc=maliva,Bonito amor | Generación Juvenil 🎧 🎸 🎹 2025‼️  #enzormusic @Jhustin suvia flores @🌟Estrellita🌟 #generacionjuvenil #generacionjuvenil #sigueme_para_mas_videos_asi #suenabien #suenachevere #parati #viral #bolivia #peru #sigueme_para_mas_videos_asi #sigueme_para_mas_videos_asi #suenabien #suenachevere #parati #viral #bolivia #peru #sigueme_para_mas_videos_asi #sigueme_para_mas_videos_asi #suenabien #suenachevere #parati #viral #bolivia #peru #sigueme_para_mas_videos_asi #sigueme_para_mas_videos_asi #suenabien #suenachevere #parati #viral #bolivia #peru #sigueme_para_mas_videos_asi #sigueme_para_mas_videos_asi ,Sun Jul 06 2025,1751838568,no,no,sonido original,7524089353842281221,https://v16m.tiktokcdn.com/7744a5a340ae6f252b3544db68fc5d72/687a772b/video/tos/useast2a/tos-useast2a-v-27dcd7/oo3qJoraalGEU7pgBCMO9e9fxEaQRFIDOJJBNu/?a=1233&bti=ODszNWYuMDE6&ch=0&cr=0&dr=0&er=0&lr=default&cd=0%7C0%7C0%7C0&br=250&bt=125&ft=.NpOcInz7The4ywKXq8Zmo&mime_type=audio_mpeg&qs=6&rc=Zmk3OmU8ODM6NmY7N2RlaEBpandqNHg5cnZoNDMzNzU8M0BjYGM2NDRiXzYxNS1fLV40YSMzZ2RhMmRjcmlhLS1kMTZzcw%3D%3D&vvpl=1&l=202507180031428BC4AC1747C1591D209A&btag=e00090000&cc=3,https://p16-sign-va.tiktokcdn.com/tos-maliva-avt-0068/7b3cb4231090500577e10f8827c1a50d~tplv-tiktokx-cropcenter:1080:1080.jpeg?dr=14579&refresh_token=869de3d3&x-expires=1752940800&x-signature=iDjPi0JvYRX8RZt8W8G7GXKVhIY%3D&t=4d5b0474&ps=13740610&shp=a5d48078&shcp=81f88b70&idc=maliva,𝙀𝙣𝙯𝙤 𝙍𝙈𝙪𝙨𝙞𝙘,https://v16-webapp-prime.tiktok.com/video/tos/useast2a/tos-useast2a-ve-0068c003/oIqjLHHCIEqA3kvP2lIQGuB0STviigfXAo0d7N/?a=1988&bti=ODszNWYuMDE6&ch=0&cr=3&dr=0&lr=all&cd=0%7C0%7C0%7C&cv=1&br=1988&bt=994&cs=0&ds=3&ft=4fUEKMUm8Zmo07Wv5I4jVojoXpWrKsd.&mime_type=video_mp4&qs=0&rc=NjxoOmVkPDM5ODRmOjo5ZkBpamV0NHA5cnloNDMzNzczM0BeNC4tMS8vXmExXzEwNjFeYSNrM2lpMmQ0cWlhLS1kMTZzcw%3D%3D&btag=e00090000&expire=1752942763&l=202507180031428BC4AC1747C1591D209A&ply_type=2&policy=2&signature=64fc5cdfaec92112b480c931448adc0e&tk=tt_chain_token,https://www.tiktok.com/enzormusic/video/7524089324212718854,,2472,43,165,169100,enzormusic‚generacionjuvenil‚generacionjuvenil‚sigueme_para_mas_videos_asi‚suenabien‚suenachevere‚parati‚viral‚bolivia‚peru‚sigueme_para_mas_videos_asi‚sigueme_para_mas_videos_asi‚suenabien‚suenachevere‚parati‚viral‚bolivia‚peru‚sigueme_para_mas_videos_asi‚sigueme_para_mas_videos_asi‚suenabien‚suenachevere‚parati‚viral‚bolivia‚peru‚sigueme_para_mas_videos_asi‚sigueme_para_mas_videos_asi‚suenabien‚suenachevere‚parati‚viral‚bolivia‚peru‚sigueme_para_mas_videos_asi‚sigueme_para_mas_videos_asi,enzormusic‚generacionjuvenil‚sigueme_para_mas_videos_asi‚suenabien‚suenachevere‚parati‚Viral‚bolivia‚peru,,,,Green Screen,
zeeschuimer-export-tiktok.com-2025-07-18T17_45_37.653Z.csv,7514756877020826936,7514756877020826936,elscarso,Scarso🇦🇷⚽️,679300,15100,1311,https://p77-sign-va.tiktokcdn.com/tos-maliva-avt-0068/f02216a67ffd2d71211b9eb92f2cea5c~tplv-tiktokx-cropcenter:100:100.jpeg?dr=14579&refresh_token=427ed486&x-expires=1752940800&x-signature=AAE1pGrgnjrZkrRW28ZhaagcLXc%3D&t=4d5b0474&ps=13740610&shp=a5d48078&shcp=81f88b70&idc=maliva,HAGAMOS CRECER A LA SELECCIÓN MÁS CHICA DEL MUNDO 🌎🤏🏻 #greenscreen #futbol #tiktokdeportes #tiktokfootballacademy #argentina🇦🇷 ,Wed Jun 11 2025,1749665685,no,no,Epic Motivation,7291597132917426178,https://sf16-ies-music-va.tiktokcdn.com/obj/tos-useast2a-ve-2774/o4hPprg1dDun5GflCMgeY6QhbUthXBBQwnqZM8,https://p16-amd-va.tiktokcdn.com/img/tos-useast2a-v-2774/o8k8oiBMsWA6YEAji5iE1uABLAQwo0AEfzvvQD~c5_720x720.jpeg,Kidmada,https://v16-webapp-prime.tiktok.com/video/tos/useast2a/tos-useast2a-pve-0068/oo2EmaFS7QDeqqgAVshQfSEEoTIZRsjBJOZclB/?a=1988&bti=ODszNWYuMDE6&ch=0&cr=3&dr=0&lr=all&cd=0%7C0%7C0%7C&cv=1&br=1746&bt=873&cs=0&ds=3&ft=4fUEKMUm8Zmo07Wv5I4jVojoXpWrKsd.&mime_type=video_mp4&qs=0&rc=aTdoNjtpZ2RpODk7PGRoaEBpM3c6NW85cnR2NDMzNzczM0AvLmIyXmJiXi0xYTAtXzJhYSNvM14uMmRrXjFhLS1kMTZzcw%3D%3D&btag=e00090000&expire=1752942771&l=202507180031428BC4AC1747C1591D209A&ply_type=2&policy=2&signature=d0582cc5d79103aab8665221592e970a&tk=tt_chain_token,https://www.tiktok.com/elscarso/video/7514756877020826936,,283400,2454,3783,2400000,greenscreen‚futbol‚tiktokdeportes‚tiktokfootballacademy‚argentina🇦🇷,greenscreen‚futbol‚tiktokdeportes‚tiktokfootballacademy‚argentina🇦🇷,,,HAGAMOS CRECER A  LA SELECCIÓN MÁS   CHICA DEL MUNDO 🌎‼️‚#GROENLANDIAALAFIFA,Green Screen,
zeeschuimer-export-tiktok.com-2025-07-18T17_45_37.653Z.csv,7517432416269634821,7517432416269634821,greciacolmenaresss,greciacs,72500,1521,292,https://p16-sign-va.tiktokcdn.com/tos-maliva-avt-0068/02d23141b34bd410a31a2a4dbc7455e4~tplv-tiktokx-cropcenter:100:100.jpeg?dr=14579&refresh_token=f524dbe3&x-expires=1752940800&x-signature=lNxxpWP%2FznF4vTJGLbdBO24RbQo%3D&t=4d5b0474&ps=13740610&shp=a5d48078&shcp=81f88b70&idc=maliva,Todos y todas a la comuna❤️✊🏼 #Juventud #organizacion #elecciones ,Thu Jun 19 2025,1750288636,no,no,sonido original,7517432423699991301,https://v16m.tiktokcdn.com/b7d34f0c2dc02d6351617ff60ef88346/687a771b/video/tos/useast2a/tos-useast2a-v-27dcd7/o0yEQ6UEm8ASB9oBWi0fUPiATB7Pf8C5JABjBJ/?a=1233&bti=ODszNWYuMDE6&ch=0&cr=0&dr=0&er=0&lr=default&cd=0%7C0%7C0%7C0&br=250&bt=125&ds=5&ft=.NpOcInz7The4ywKXq8Zmo&mime_type=audio_mpeg&qs=13&rc=anNtOHU5cnluNDMzNzU8M0BpanNtOHU5cnluNDMzNzU8M0AtMmtnMmRzZTZhLS1kMTZzYSMtMmtnMmRzZTZhLS1kMTZzcw%3D%3D&vvpl=1&l=202507180031428BC4AC1747C1591D209A&btag=e00048000&cc=3,https://p16-sign-va.tiktokcdn.com/tos-maliva-avt-0068/02d23141b34bd410a31a2a4dbc7455e4~tplv-tiktokx-cropcenter:1080:1080.jpeg?dr=14579&refresh_token=4c8d612d&x-expires=1752940800&x-signature=7%2F9B1d2xeBZ6A4KvOMZDOBKuItA%3D&t=4d5b0474&ps=13740610&shp=a5d48078&shcp=81f88b70&idc=maliva,greciacs,https://v16-webapp-prime.tiktok.com/video/tos/useast2a/tos-useast2a-pve-0068/ogaXIHF6dRJiH7TTBQDAEgUeRJoQSBNEJ0EpfE/?a=1988&bti=ODszNWYuMDE6&ch=0&cr=3&dr=0&lr=all&cd=0%7C0%7C0%7C&cv=1&br=3512&bt=1756&cs=0&ds=3&ft=4fUEKMUm8Zmo07Wv5I4jVojoXpWrKsd.&mime_type=video_mp4&qs=0&rc=Omg4OGRpZWQ1OWRnNzs7OUBpanU4bng5cjtuNDMzNzczM0BiLzViXi8uNjMxMl40YjY0YSMwY2ExMmRrZDZhLS1kMTZzcw%3D%3D&btag=e00088000&expire=1752942747&l=202507180031428BC4AC1747C1591D209A&ply_type=2&policy=2&signature=be96614c13e4ce9ed58b7c6bbedb2e27&tk=tt_chain_token,https://www.tiktok.com/greciacolmenaresss/video/7517432416269634821,,4647,128,138,56500,juventud‚organizacion‚elecciones,juventud‚organizacion‚elecciones,,,,Green Screen,
zeeschuimer-export-tiktok.com-2025-07-18T17_45_37.653Z.csv,7237285502578150661,7237285502578150661,lizetrodr,liz🐧🌻🦘🦘🐍,5249,12300,1073,https://p77-sign-va.tiktokcdn.com/tos-maliva-avt-0068/0cac8b2860096f96fe99454274a537c6~tplv-tiktokx-cropcenter:100:100.jpeg?dr=14579&refresh_token=a5d992a2&x-expires=1752940800&x-signature=ToZ%2B6S9EeU5MNtTU6T6vXw0%2FO7E%3D&t=4d5b0474&ps=13740610&shp=a5d48078&shcp=81f88b70&idc=maliva,#generacionjuvenil #gladyschiri #elizabethestrellita #🎤🎵💃🎶👏 #🎤🎵🎶🎼  estás canciones nunca pasarán de moda ❤️💛💚🇧🇴🎤🎵🌹💘🇧🇴💃🕺,Fri May 26 2023,1685061847,no,no,sonido original,7237285512472840965,https://v77.tiktokcdn.com/abef02e5910c336cc14c8d189643ace2/687a7729/video/tos/useast2a/tos-useast2a-v-27dcd7/176f3ed09bef4ce3a85bfd157e69b499/?a=1233&bti=ODszNWYuMDE6&ch=0&cr=0&dr=0&er=0&lr=default&cd=0%7C0%7C0%7C0&br=250&bt=125&ds=5&ft=.NpOcInz7ThA4ywKXq8Zmo&mime_type=audio_mpeg&qs=13&rc=MzhzNjQ6ZnAzazMzNzU8M0BpMzhzNjQ6ZnAzazMzNzU8M0BeajRecjRvLmxgLS1kMTZzYSNeajRecjRvLmxgLS1kMTZzcw%3D%3D&vvpl=1&l=202507180031468BB0CDCE6782BE1CFC68&btag=e00048000&cc=13,https://p77-sign-va.tiktokcdn.com/tos-maliva-avt-0068/0cac8b2860096f96fe99454274a537c6~tplv-tiktokx-cropcenter:1080:1080.jpeg?dr=14579&refresh_token=ed3c5adc&x-expires=1752940800&x-signature=VC1YxVhQBt9a6EGEZSYAcqus6jI%3D&t=4d5b0474&ps=13740610&shp=a5d48078&shcp=81f88b70&idc=maliva,liz🐧🌻🦘🦘🐍,https://v16-webapp-prime.tiktok.com/video/tos/alisg/tos-alisg-pve-0037c001/oQsEQNbIOEShBPkI7ff9EbhGPzJkNGA1RQB6FJ/?a=1988&bti=ODszNWYuMDE6&ch=0&cr=3&dr=0&lr=all&cd=0%7C0%7C0%7C&cv=1&br=1716&bt=858&cs=0&ds=3&ft=4fUEKMUm8Zmo0XWv5I4jVVURXpWrKsd.&mime_type=video_mp4&qs=0&rc=OzZlNGY8NmVlOWg1aTc8NEBpM29saDw6Znh5azMzNzczM0AwMi0zMi5gNmExXzQ2NC8tYSMxbWw0cjRnbmtgLS1kMTZzcw%3D%3D&btag=e00088000&expire=1752942762&l=202507180031468BB0CDCE6782BE1CFC68&ply_type=2&policy=2&signature=78812e1ecf24a87409fdeafc0b631c6c&tk=tt_chain_token,https://www.tiktok.com/lizetrodr/video/7237285502578150661,,721,24,29,52900,generacionjuvenil‚gladyschiri‚elizabethestrellita‚🎤🎵💃🎶👏‚🎤🎵🎶🎼,generacionjuvenil‚gladyschiri‚elizabethestrellita‚🎤🎵💃🎶👏‚🎤🎵🎶🎼,,,estás canciones  nunca pasarán  de moda ‚Generación  juvenil ,"ECSTACY✨,Green Screen,Less Barbie Pink",
zeeschuimer-export-tiktok.com-2025-07-18T17_45_37.653Z.csv,7524683311239810309,7524683311239810309,jovenal.tb,Jovenal Tb,154,1473,270,https://p16-sign-va.tiktokcdn.com/tos-maliva-avt-0068/0ca735b5499be4d8c571b8c385190004~tplv-tiktokx-cropcenter:100:100.jpeg?dr=14579&refresh_token=97a024c7&x-expires=1752940800&x-signature=NJSRcfI837vnvNf2VO5aoSFE1wM%3D&t=4d5b0474&ps=13740610&shp=a5d48078&shcp=81f88b70&idc=maliva,,Tue Jul 08 2025,1751976864,no,no,som original,7524683291318323974,https://v77.tiktokcdn.com/0d1d8d28235be9f78d17f0c213799ef7/687a7701/video/tos/useast2a/tos-useast2a-v-27dcd7/oEteQbDAAEoAFBcurJfBJ7iW67BICQUWCEB8xE/?a=1233&bti=ODszNWYuMDE6&ch=0&cr=0&dr=0&er=0&lr=default&cd=0%7C0%7C0%7C0&br=250&bt=125&ds=5&ft=.NpOcInz7ThA4ywKXq8Zmo&mime_type=audio_mpeg&qs=13&rc=MzRzeXc5cjtqNDMzNzU8M0BpMzRzeXc5cjtqNDMzNzU8M0BybGZyMmRra2phLS1kMTZzYSNybGZyMmRra2phLS1kMTZzcw%3D%3D&vvpl=1&l=202507180031468BB0CDCE6782BE1CFC68&btag=e00078000&cc=13,https://p77-sign-va.tiktokcdn.com/tos-maliva-avt-0068/0ca735b5499be4d8c571b8c385190004~tplv-tiktokx-cropcenter:1080:1080.jpeg?dr=14579&refresh_token=a0c06019&x-expires=1752940800&x-signature=CoEfWhQE270Z4YciAqx9FoXv56w%3D&t=4d5b0474&ps=13740610&shp=a5d48078&shcp=81f88b70&idc=maliva,Jovenal Tb,https://webapp-va.tiktok.com/195bf31dcf8a522cf8f1505e4d700cf1/687bc882/kmoat/mps/logo/v2/r/p/v09044g40000d1mgn7fog65pjtulern0/4fe8c317af1948c583d0c9b34f2d4c5e/0f403284db7dd0aac8a99a03d1dffc21/mp4/main.mp4?a=1988&bti=ODszNWYuMDE6&ch=0&cr=3&dr=0&lr=all&cd=0%7C0%7C0%7C&cv=1&br=0&bt=0&cs=0&ds=3&ft=piBEGMUm8Zmo0XWv5I4jVVURXpWrKsd.&mime_type=video_mp4&qs=0&rc=cnF8b2hsc2d3SkBwaHIxaDFybndmaGZnaTY8MzY4OzxpOjY7aUBpM3Vvd3M5cjpqNDMzNzczM0BjRl5Nc3FePmJKYSNvYF90aHFmOiMyMS8xX2BhNWAxLl4uYGIxYSNrYnJnMmRja2phLS1kMTZzcw%3D%3D&btag=e000b8000&definition=720p&du=15&item_id=7524683311239810309&l=202507180031468BB0CDCE6782BE1CFC68&logo_type=tiktok&ply_type=2&policy=eyJ2bSI6MiwiY2siOiJ0dF9jaGFpbl90b2tlbiJ9&user_text=jovenal.tb,https://www.tiktok.com/jovenal.tb/video/7524683311239810309,,3,0,0,114,,,,,,"ECSTACY✨,Green Screen,Less Barbie Pink",
zeeschuimer-export-tiktok.com-2025-07-18T17_45_37.653Z.csv,7244640896422120710,7244640896422120710,famigarproducciones,FamigarProducciones,216700,119,785,https://p16-sign-va.tiktokcdn.com/tos-maliva-avt-0068/d2046e030763c4726cc15c2fa883c2fc~tplv-tiktokx-cropcenter:100:100.jpeg?dr=14579&refresh_token=ba715686&x-expires=1752940800&x-signature=oVnrwbtsRPrhI0cFD%2Fq1vqELc9E%3D&t=4d5b0474&ps=13740610&shp=a5d48078&shcp=81f88b70&idc=maliva,Generación Juvenil - Solo Por Tu Amor | Prohibido re subir | © All rights reserved #famigarproducciones,Wed Jun 14 2023,1686776700,no,no,sonido original - FamigarProducciones,7244641483571333893,https://v77.tiktokcdn.com/c2760252444da193130ec155d9565155/687a7838/video/tos/useast2a/tos-useast2a-v-27dcd7/oslAABbD4QiJkDAJBxBMJ2CfTLg784UenqUi5Y/?a=1233&bti=ODszNWYuMDE6&ch=0&cr=0&dr=0&er=0&lr=default&cd=0%7C0%7C0%7C0&br=250&bt=125&ft=.NpOcInz7ThA4ywKXq8Zmo&mime_type=audio_mpeg&qs=6&rc=ZGdmOjhlNmRlNjk7NGkzNkBpMzNyN2Q6ZjM1bDMzNzU8M0BiMDJgNC4vNWIxXmBiMjA2YSMtb2tkcjRvMzJgLS1kMTZzcw%3D%3D&vvpl=1&l=202507180031468BB0CDCE6782BE1CFC68&btag=e000a0000&cc=13,https://p16-sign-va.tiktokcdn.com/tos-maliva-avt-0068/d2046e030763c4726cc15c2fa883c2fc~tplv-tiktokx-cropcenter:1080:1080.jpeg?dr=14579&refresh_token=65727d36&x-expires=1752940800&x-signature=BaGo6gH%2FzTPTtyuYKkDQl4nXQ0c%3D&t=4d5b0474&ps=13740610&shp=a5d48078&shcp=81f88b70&idc=maliva,FamigarProducciones,,https://www.tiktok.com/famigarproducciones/video/7244640896422120710,,26700,143,1999,1100000,,,,,,"ECSTACY✨,Green Screen,Less Barbie Pink",
zeeschuimer-export-tiktok.com-2025-07-18T17_45_37.653Z.csv,7265346646441987334,7265346646441987334,famigarproducciones,FamigarProducciones,216700,119,785,https://p16-sign-va.tiktokcdn.com/tos-maliva-avt-0068/d2046e030763c4726cc15c2fa883c2fc~tplv-tiktokx-cropcenter:100:100.jpeg?dr=14579&refresh_token=ba715686&x-expires=1752940800&x-signature=oVnrwbtsRPrhI0cFD%2Fq1vqELc9E%3D&t=4d5b0474&ps=13740610&shp=a5d48078&shcp=81f88b70&idc=maliva,Generación Juvenil | Prohibido re subir | © All rights reserved #famigarproducciones,Wed Aug 09 2023,1691595407,no,no,sonido original - FamigarProducciones,7265346970825657093,https://v77.tiktokcdn.com/9433dd7bf77848912afb2f3c5916aab1/687a7723/video/tos/useast2a/tos-useast2a-v-27dcd7/ocSCpGLEe2fP6PAfwrRTSk2UocC4nZHJggYwF4/?a=1233&bti=ODszNWYuMDE6&ch=0&cr=0&dr=0&er=0&lr=default&cd=0%7C0%7C0%7C0&br=250&bt=125&ft=.NpOcInz7ThA4ywKXq8Zmo&mime_type=audio_mpeg&qs=6&rc=Zmk7OzZlZTNmN2Q6Nmk7OEBpM3F5eDM6Zjd1bTMzNzU8M0BgMGIuMl5jX18xMS5fMzAtYSMwL18tcjRnMjZgLS1kMTZzcw%3D%3D&vvpl=1&l=202507180031468BB0CDCE6782BE1CFC68&btag=e00088000&cc=13,https://p16-sign-va.tiktokcdn.com/tos-maliva-avt-0068/d2046e030763c4726cc15c2fa883c2fc~tplv-tiktokx-cropcenter:1080:1080.jpeg?dr=14579&refresh_token=65727d36&x-expires=1752940800&x-signature=BaGo6gH%2FzTPTtyuYKkDQl4nXQ0c%3D&t=4d5b0474&ps=13740610&shp=a5d48078&shcp=81f88b70&idc=maliva,FamigarProducciones,,https://www.tiktok.com/famigarproducciones/video/7265346646441987334,,4229,50,328,286000,famigarproducciones,famigarproducciones,,,,"Green Screen,Less Barbie Pink,ECSTACY✨",
zeeschuimer-export-tiktok.com-2025-07-18T17_45_37.653Z.csv,7469509365595163926,7469509365595163926,claudiagllanos,Claudia Pilar,4018,21900,39,https://p77-sign-va.tiktokcdn.com/tos-maliva-avt-0068/7912b9889e2dc3c45cd41a4bf35433f0~tplv-tiktokx-cropcenter:100:100.jpeg?dr=14579&refresh_token=92070b2e&x-expires=1752940800&x-signature=9gLH%2F7z0%2FNXfal%2B%2FpsduxU8AxpE%3D&t=4d5b0474&ps=13740610&shp=a5d48078&shcp=81f88b70&idc=maliva,España ha olvidado de dónde viene… y no sabe a dónde va  #españa #spain #politics #politica #juventud #youth #parati #fyp ,Sun Feb 09 2025,1739130676,no,no,sonido original,7469509359171226390,https://v77.tiktokcdn.com/990019c297e56bbe52e75b48a272de06/687a771a/video/tos/no1a/tos-no1a-v-2370-no/okbOTAyBzAB8myCiiAAIRBESKCypf1cwZEEzCb/?a=1233&bti=ODszNWYuMDE6&ch=0&cr=0&dr=0&er=0&lr=default&cd=0%7C0%7C0%7C0&br=250&bt=125&ds=5&ft=.NpOcInz7ThA4ywKXq8Zmo&mime_type=audio_mpeg&qs=13&rc=ajk7OXY5cmdqeDMzbzU8NUBpajk7OXY5cmdqeDMzbzU8NUBhMmI2MmRzYmhgLS1kMTFzYSNhMmI2MmRzYmhgLS1kMTFzcw%3D%3D&vvpl=1&l=202507180031468BB0CDCE6782BE1CFC68&btag=e00048000&cc=13,https://p16-sign-va.tiktokcdn.com/tos-maliva-avt-0068/7912b9889e2dc3c45cd41a4bf35433f0~tplv-tiktokx-cropcenter:1080:1080.jpeg?dr=14579&refresh_token=54ce9648&x-expires=1752940800&x-signature=%2F0iC1ewkXrffwJaM1DpeRg9do5k%3D&t=4d5b0474&ps=13740610&shp=a5d48078&shcp=81f88b70&idc=maliva,Claudia Pilar,https://v16-webapp-prime.tiktok.com/video/tos/no1a/tos-no1a-ve-0068c001-no/oMDQnFIpcgDEgMAoQEVEB3GS2kFoRqGEfFcsfq/?a=1988&bti=ODszNWYuMDE6&ch=0&cr=3&dr=0&lr=all&cd=0%7C0%7C0%7C&cv=1&br=1142&bt=571&cs=0&ds=3&ft=4fUEKMUm8Zmo0XWv5I4jVVURXpWrKsd.&mime_type=video_mp4&qs=0&rc=ODk3ZjlkZ2loOzhnNWc2aUBpajZyM245cmRqeDMzbzczNUAxYGEtLy4wXy0xMjIxLjEvYSNhMWxvMmQ0YmhgLS1kMTFzcw%3D%3D&btag=e00088000&expire=1752942747&l=202507180031468BB0CDCE6782BE1CFC68&ply_type=2&policy=2&signature=849086ae5aca750fbc238a720f5b20ba&tk=tt_chain_token,https://www.tiktok.com/claudiagllanos/video/7469509365595163926,,2077,147,105,14500,españa‚spain‚politics‚politica‚juventud‚youth‚parati‚fyp,,,,,"Green Screen,Less Barbie Pink,ECSTACY✨",
zeeschuimer-export-tiktok.com-2025-07-18T17_45_37.653Z.csv,7276281096310902021,7276281096310902021,nacho_falsetto_,Nacho_Falsetto_,15700,40300,490,https://p16-sign-va.tiktokcdn.com/tos-maliva-avt-0068/adbeced2722e25bf65f68f9e4023ca91~tplv-tiktokx-cropcenter:100:100.jpeg?dr=14579&refresh_token=715ab2bd&x-expires=1752940800&x-signature=sGsfPwctJdsRsMgpvNm6JNf2cLs%3D&t=4d5b0474&ps=13740610&shp=a5d48078&shcp=81f88b70&idc=maliva,#losmildiasdeallende ,Fri Sep 08 2023,1694141214,no,no,sonido original,7276281118617520902,https://v77.tiktokcdn.com/b3c49b95c9e00dfba640732990d69b8b/687a7710/video/tos/useast2a/tos-useast2a-v-27dcd7/owesIPCJCgAILHT2ADfkbA6E1hxne8ZsoSkFoo/?a=1233&bti=ODszNWYuMDE6&ch=0&cr=0&dr=0&er=0&lr=default&cd=0%7C0%7C0%7C0&br=250&bt=125&ds=5&ft=.NpOcInz7ThA4ywKXq8Zmo&mime_type=audio_mpeg&qs=13&rc=andrbzk6Zjs7bTMzNzU8M0Bpandrbzk6Zjs7bTMzNzU8M0BhMWZjcjRfanFgLS1kMTZzYSNhMWZjcjRfanFgLS1kMTZzcw%3D%3D&vvpl=1&l=202507180031468BB0CDCE6782BE1CFC68&btag=e00048000&cc=13,https://p16-sign-va.tiktokcdn.com/tos-maliva-avt-0068/adbeced2722e25bf65f68f9e4023ca91~tplv-tiktokx-cropcenter:1080:1080.jpeg?dr=14579&refresh_token=a7e1cf2c&x-expires=1752940800&x-signature=CJQqQhHUm9%2F%2FvFfeBsVS1uShfUM%3D&t=4d5b0474&ps=13740610&shp=a5d48078&shcp=81f88b70&idc=maliva,Nacho_Falsetto_,https://webapp-sg.tiktok.com/e752c887040db7a8f31404d41c863a7d/687bc891/kmoat/mps/logo/v2/r/p/v09044g40000cjt8k63c77uanb5flflg/e239ee57a89e45418359ea90bd95c98b/cb31d614ba60d3245a06bb38c3485007/mp4/main.mp4?a=1988&bti=ODszNWYuMDE6&ch=0&cr=3&dr=0&lr=all&cd=0%7C0%7C0%7C&cv=1&br=0&bt=0&cs=0&ds=2&eid=1286&ft=piBE5MUm8Zmo0XWv5I4jVVURXpWrKsd.&mime_type=video_mp4&qs=0&rc=cnF8b2hsc2d3SkBwaHIxaDFybndmZTw4ZzNkPDY0OGg7Omg8NUBpamlpZWQ6Zjk7bTMzNzczM0BjRl5Nc3FePmJKYSNvYF90aHFmOiM1YDZfNmIyNTExNl4yYjBiYSNpaTJrcjQwaHFgLS1kMTZzcw%3D%3D&btag=e00088000&definition=480p&du=30&item_id=7276281096310902021&l=202507180031468BB0CDCE6782BE1CFC68&logo_type=tiktok_m&ply_type=2&policy=eyJ2bSI6MiwiY2siOiJ0dF9jaGFpbl90b2tlbiJ9&user_text=nacho_falsetto_,https://www.tiktok.com/nacho_falsetto_/video/7276281096310902021,,395,46,174,22400,losmildiasdeallende,losmildiasdeallende,,,Difundan este discurso de Allende para que los jóvenes entiendan porque La Gente pidió la intervención de las FFAA                 ,"Green Screen,Less Barbie Pink,ECSTACY✨",
zeeschuimer-export-tiktok.com-2025-07-18T17_45_37.653Z.csv,7525126703803354399,7525126703803354399,judeletelubrun,LUBRUN🖤🥷🏻,8924,2010,110,https://p16-sign-va.tiktokcdn.com/tos-maliva-avt-0068/366babf4727056ceb12d96a72146451f~tplv-tiktokx-cropcenter:100:100.jpeg?dr=14579&refresh_token=39600a48&x-expires=1752940800&x-signature=r80ns5oP4iMHdZ5CtrgijGAqoSc%3D&t=4d5b0474&ps=13740610&shp=a5d48078&shcp=81f88b70&idc=maliva,Respuesta a @laroserakelo ,Wed Jul 09 2025,1752080116,no,no,sonido original,7525126718814751519,https://v77.tiktokcdn.com/8ea6f455fe76b81f6a252e8b547f7fcb/687a7760/video/tos/maliva/tos-maliva-v-27dcd7c799-us/owBiAvpudA0EfAHA1BB0HE7CqNnEi9iAAFFKGv/?a=1233&bti=ODszNWYuMDE6&ch=0&cr=0&dr=0&er=0&lr=default&cd=0%7C0%7C0%7C0&br=250&bt=125&ds=5&ft=.NpOcInz7ThA4ywKXq8Zmo&mime_type=audio_mpeg&qs=13&rc=MzxuZW85cnc8NDMzaTU8NEBpMzxuZW85cnc8NDMzaTU8NEAwY2wtMmRzcWthLS1kMTJzYSMwY2wtMmRzcWthLS1kMTJzcw%3D%3D&vvpl=1&l=202507180031468BB0CDCE6782BE1CFC68&btag=e00050000&cc=13,https://p16-sign-va.tiktokcdn.com/tos-maliva-avt-0068/366babf4727056ceb12d96a72146451f~tplv-tiktokx-cropcenter:1080:1080.jpeg?dr=14579&refresh_token=2ba267b7&x-expires=1752940800&x-signature=HCAejRU9YIZ1TA0d%2BAs%2BpPjJVlY%3D&t=4d5b0474&ps=13740610&shp=a5d48078&shcp=81f88b70&idc=maliva,LUBRUN🖤🥷🏻,https://v16-webapp-prime.tiktok.com/video/tos/maliva/tos-maliva-ve-0068c799-us/oIxnwQCh0xiGmsmuA3iiA7BFCNAIob9EICfqq0/?a=1988&bti=ODszNWYuMDE6&ch=0&cr=3&dr=0&lr=all&cd=0%7C0%7C0%7C&br=440&bt=220&cs=0&ds=1&ft=4fUEKMUm8Zmo0XWv5I4jVVURXpWrKsd.&mime_type=video_mp4&qs=0&rc=M2hpNjxoO2llNzRmaGVpO0BpamZ0ZnE5cjU8NDMzaTczNEAuYTZiNGMwNjMxYTEuNV5iYSNkaWAuMmRzb2thLS1kMTJzcw%3D%3D&btag=e00090000&expire=1752942817&l=202507180031468BB0CDCE6782BE1CFC68&ply_type=2&policy=2&signature=949aca9df2e6835426d322c5f32a9c23&tk=tt_chain_token,https://www.tiktok.com/judeletelubrun/video/7525126703803354399,,80,5,4,1510,,,,,,"ECSTACY✨,Green Screen,Less Barbie Pink",
zeeschuimer-export-tiktok.com-2025-07-18T17_45_37.653Z.csv,6990499358781213957,6990499358781213957,rusa_salvaje,Russian Blonde Abroad,428400,650,500,https://p16-sign-va.tiktokcdn.com/tos-maliva-avt-0068/eaabb253fb1a6654f690b8c0cf52a302~tplv-tiktokx-cropcenter:100:100.jpeg?dr=14579&refresh_token=cf643b84&x-expires=1752940800&x-signature=2PXZDlqcAnTa6ls2MaOCMYRGiww%3D&t=4d5b0474&ps=13740610&shp=a5d48078&shcp=81f88b70&idc=maliva,Reply to @str3ith0rst Cabellos limpios porfa😂 #rusasalvaje,Fri Jul 30 2021,1627602466,no,no,original sound,6990499239222594309,https://v77.tiktokcdn.com/3e2cdfc196a4ba989982cee1c4b2218a/687a772d/video/tos/useast2a/tos-useast2a-v-27dcd7/c33ece4acd0b4d41b2c182597fafd860/?a=1233&bti=ODszNWYuMDE6&ch=0&cr=0&dr=0&er=0&lr=default&cd=0%7C0%7C0%7C0&br=210&bt=105&ds=5&ft=.NpOcInz7ThA4ywKXq8Zmo&mime_type=video_mp4&qs=13&rc=MzY8bjQ6ZjxtNzMzNzU8M0BpMzY8bjQ6ZjxtNzMzNzU8M0ByM2RjcjRfcC5gLS1kMTZzYSNyM2RjcjRfcC5gLS1kMTZzcw%3D%3D&vvpl=1&l=202507180031468BB0CDCE6782BE1CFC68&btag=e00048000&cc=13,https://p16-sign-va.tiktokcdn.com/tos-maliva-avt-0068/eaabb253fb1a6654f690b8c0cf52a302~tplv-tiktokx-cropcenter:1080:1080.jpeg?dr=14579&refresh_token=779a7d54&x-expires=1752940800&x-signature=pJfOb1R6050K40P3ky48j6KtysA%3D&t=4d5b0474&ps=13740610&shp=a5d48078&shcp=81f88b70&idc=maliva,Russian Blonde Abroad,https://v16-webapp-prime.tiktok.com/video/tos/alisg/tos-alisg-pve-0037c001/oAfhvzBvnIhRAOS3A8egJgRduBbIhYBQD1QpEA/?a=1988&bti=ODszNWYuMDE6&ch=0&cr=3&dr=0&lr=all&cd=0%7C0%7C0%7C&cv=1&br=3246&bt=1623&cs=0&ds=3&ft=4fUEKMUm8Zmo0XWv5I4jVVURXpWrKsd.&mime_type=video_mp4&qs=0&rc=Zjo3NWQ3ZmU2aDdnaDozaEBpM3E2dzw6ZnFtNzMzNzczM0AwMjY1YjFhXzAxX2NhNTBjYSMtcDNfcjRfby5gLS1kMTZzcw%3D%3D&btag=e00088000&expire=1752942766&l=202507180031468BB0CDCE6782BE1CFC68&ply_type=2&policy=2&signature=4a7edc33eb8dd3c3a564e7731bc9e24d&tk=tt_chain_token,https://www.tiktok.com/rusa_salvaje/video/6990499358781213957,,20900,775,205,232100,rusasalvaje,rusasalvaje,,,“Colombia es un país donde más se bañan”😅‚Una cosa que no puedo soportar es un cabello lavado de ayer 😬‚Si un día no lavo mi cabello o don’t shave my legs - este día voy a tener una cita con mucha pasión‚ seguro😂,"ECSTACY✨,Green Screen,Less Barbie Pink",
zeeschuimer-export-tiktok.com-2025-07-18T17_45_37.653Z.csv,7515477662702554376,7515477662702554376,masyelz,chele,5420,2845,147,https://p77-sign-va.tiktokcdn.com/tos-maliva-avt-0068/bd6021b319b6e2e0b3c5fc6d52b8c432~tplv-tiktokx-cropcenter:100:100.jpeg?dr=14579&refresh_token=ac306895&x-expires=1752940800&x-signature=6qcrnarIOItIz0d8mHEo2ISP8d0%3D&t=4d5b0474&ps=13740610&shp=a5d48078&shcp=81f88b70&idc=maliva,#jóvenes #jóvenessss #paesovienencarajo,Fri Jun 13 2025,1749833505,no,no,sonido original,7494656721454287671,https://v77.tiktokcdn.com/7dbf118ee593323ce76f5e78ad73d84b/687a772d/video/tos/useast2a/tos-useast2a-v-27dcd7/o4vUoE4DQyABB6AFfAoJBAC4IpEGTAIelYEA5J/?a=1233&bti=ODszNWYuMDE6&ch=0&cr=0&dr=0&er=0&lr=default&cd=0%7C0%7C0%7C0&br=250&bt=125&ds=5&ft=.NpOcInz7ThA4ywKXq8Zmo&mime_type=audio_mpeg&qs=13&rc=M3M1O3Y5cjk4MzMzNzU8M0BpM3M1O3Y5cjk4MzMzNzU8M0BiLWxeMmQ0cS5hLS1kMTZzYSNiLWxeMmQ0cS5hLS1kMTZzcw%3D%3D&vvpl=1&l=202507180031468BB0CDCE6782BE1CFC68&btag=e00050000&cc=13,https://p16-sign-va.tiktokcdn.com/tos-maliva-avt-0068/395d70fd37a0615420538db72c22e535~tplv-tiktokx-cropcenter:1080:1080.jpeg?dr=14579&refresh_token=265e53fc&x-expires=1752940800&x-signature=Ge6qSdVazGWAPZC5JU1iJO%2FH%2BLo%3D&t=4d5b0474&ps=13740610&shp=a5d48078&shcp=81f88b70&idc=maliva,jóvenes  para eso vienen,https://webapp-sg.tiktok.com/cb463639715570d10e4388e9c48a853e/687bc882/kmoat/mps/logo/v3/r/p/v1c044g50000d165d7fog65vbf6us6rg/977850b50ffe43be99a7d0fecdfc0e08/8335440f9ba54e0548284883fe6acf67/mp4/main.mp4?a=1988&bti=ODszNWYuMDE6&ch=0&cr=3&dr=0&lr=all&cd=0%7C0%7C0%7C&cv=1&br=0&bt=0&cs=0&ds=3&ft=piBE5MUm8Zmo0XWv5I4jVVURXpWrKsd.&mime_type=video_mp4&qs=0&rc=cnF8b2hsc2d3SkBwaHIxaDFybndmO2hmZ2gzOjxoNmhpODM7OkBpajl4aXk5cjo4NDMzODczNEBjRl5Nc3FePmJKYSNvYF90aHFmOiMtLWNgY2FeNl8xYy1fMjQ2YSNvcDNfMmRjYTNhLS1kMWBzcw%3D%3D&btag=e000b8000&definition=720p&du=15&item_id=7515477662702554376&l=202507180031468BB0CDCE6782BE1CFC68&logo_type=tiktok_creator&ply_type=2&policy=eyJ2bSI6MiwiY2siOiJ0dF9jaGFpbl90b2tlbiJ9&sign_params=item_id%2Cuser_text&user_text=masyelz,https://www.tiktok.com/masyelz/video/7515477662702554376,,217300,7854,81000,9700000,jóvenes‚jóvenessss‚paesovienencarajo,jóvenes‚jóvenessss‚paesovienencarajo,,,,"ECSTACY✨,Green Screen,Less Barbie Pink",
zeeschuimer-export-tiktok.com-2025-07-18T17_45_37.653Z.csv,7498067502329629957,7498067502329629957,sintrax7,modelos,18100,12600,336,https://p16-sign-va.tiktokcdn.com/tos-maliva-avt-0068/0e0711da460e9a00391d4e2d6fd4247f~tplv-tiktokx-cropcenter:100:100.jpeg?dr=14579&refresh_token=deec7aab&x-expires=1752940800&x-signature=70z0UySvYlUmwM0xZdXeQeifJls%3D&t=4d5b0474&ps=13740610&shp=a5d48078&shcp=81f88b70&idc=maliva,model #model #bikini #bikinimodel #bikinis #bikinibabes #jovencita #hermosa #bella ,Sun Apr 27 2025,1745779891,no,no,Lollipop,7283588810008742688,https://sf16-ies-music-va.tiktokcdn.com/obj/tos-useast2a-ve-2774/oUt9qZQgQIC88DPe5tZZBJbainnaBByYGIdleJ,https://p16-amd-va.tiktokcdn.com/img/tos-useast2a-v-2774/oQeKlsxDAFZJAEVEZB8kC3DngdQDABGGbtyt6f~c5_720x720.jpeg,Darell,https://webapp-va.tiktok.com/49f4c1b284a63579698ebd179d37c065/687bc87f/kmoat/mps/logo/v3/r/p/v09044g40000d077k2nog65i4p6uccag/d7e3d8a70cd545d796934ae0e74bc673/b1be5c5d2e9accefdc7ef8642cc180ef/mp4/main.mp4?a=1988&bti=ODszNWYuMDE6&ch=0&cr=3&dr=0&lr=all&cd=0%7C0%7C0%7C&cv=1&br=0&bt=0&cs=0&ds=3&ft=piBEGMUm8Zmo0XWv5I4jVVURXpWrKsd.&mime_type=video_mp4&qs=0&rc=cnF8b2hsc2d3SkBwaHIxaDFybndmNjllOjNkNjk6ODhmOjs2OkBpamZ4c2w5cjU6MzMzNzczM0BjRl5Nc3FePmJKYSNvYF90aHFmOiM0YDFiYjE2NmExYS1eYWJhYSNeYDMxMmRraDRhLS1kMTZzcw%3D%3D&btag=e000b0000&definition=720p&du=12&item_id=7498067502329629957&l=202507180031468BB0CDCE6782BE1CFC68&logo_type=tiktok_creator&ply_type=2&policy=eyJ2bSI6MiwiY2siOiJ0dF9jaGFpbl90b2tlbiJ9&sign_params=item_id%2Cuser_text&user_text=sintrax7,https://www.tiktok.com/sintrax7/video/7498067502329629957,,7236,273,311,515700,model‚bikini‚bikinimodel‚bikinis‚bikinibabes‚jovencita‚hermosa‚bella,model‚bikini‚bikinimodel‚bikinis‚bikinibabes‚jovencita‚hermosa‚bella,,,,"ECSTACY✨,Green Screen,Less Barbie Pink",
